timestamp,exp_name,tag,epoch,is_best_val,model,tin,tout,ckpt_path,train_mse,train_rmse,train_mae,train_mape,train_r2,train_rmse_t,train_mae_t,val_mse,val_rmse,val_mae,val_mape,val_r2,val_rmse_t,val_mae_t,test_mse,test_rmse,test_mae,test_mape,test_r2,test_rmse_t,test_mae_t
,convlstm,epoch,0,1,ConvLSTM,14,7,./checkpoints/convlstm.pt,0.13823742627542704,0.31469723684729406,0.24024157915660677,101.89734791694804,0.8597719266693643,"(0.288113, 0.291827, 0.299866, 0.310500, 0.322571, 0.335329, 0.348256)","(0.216808, 0.220478, 0.227949, 0.237612, 0.248415, 0.259629, 0.270800)",0.03795041084023459,0.19259279168077878,0.14634451589414052,75.18193599155971,0.8453018963336945,"(0.168243, 0.170064, 0.177892, 0.188319, 0.199828, 0.211844, 0.224113)","(0.127196, 0.128286, 0.134672, 0.143431, 0.153201, 0.163493, 0.174133)",,,,,,,
,convlstm,epoch,1,1,ConvLSTM,14,7,./checkpoints/convlstm.pt,0.03223199096131832,0.17940128549890832,0.1360912978886924,77.29011476800797,0.9673405936423768,"(0.150660, 0.156242, 0.166500, 0.177549, 0.188403, 0.198882, 0.209202)","(0.113653, 0.118003, 0.126419, 0.135525, 0.144419, 0.153047, 0.161573)",0.03181267463202987,0.17771193491561071,0.1347425686461585,75.06205477033343,0.8725884833506176,"(0.146117, 0.152407, 0.163322, 0.175326, 0.187268, 0.198930, 0.210294)","(0.110212, 0.114988, 0.123859, 0.133806, 0.143774, 0.153509, 0.163050)",,,,,,,
,convlstm,epoch,2,1,ConvLSTM,14,7,./checkpoints/convlstm.pt,0.029768793041163935,0.17239255850443633,0.13092246088892856,76.13176033344675,0.9698702134984605,"(0.138683, 0.147233, 0.159495, 0.171551, 0.182740, 0.193296, 0.203480)","(0.104605, 0.111463, 0.121486, 0.131396, 0.140588, 0.149276, 0.157644)",0.029038976645097136,0.1683645277683224,0.12790292554668017,72.40227491515023,0.8877672169889722,"(0.133126, 0.141901, 0.154378, 0.166970, 0.178931, 0.190329, 0.201301)","(0.100323, 0.107465, 0.117710, 0.128068, 0.137944, 0.147354, 0.156458)",,,,,,,
,convlstm,epoch,3,1,ConvLSTM,14,7,./checkpoints/convlstm.pt,0.028453144621341787,0.16856449038181476,0.1280122868558194,75.14814965268398,0.9711236142097636,"(0.132249, 0.142364, 0.155737, 0.168167, 0.179526, 0.190130, 0.200367)","(0.099836, 0.107880, 0.118776, 0.128975, 0.138276, 0.146991, 0.155352)",0.02792157156259886,0.1649980859032699,0.12617438472807407,68.41287503923688,0.8877121976443699,"(0.126858, 0.137402, 0.150983, 0.164090, 0.176260, 0.187717, 0.198661)","(0.096109, 0.104738, 0.115980, 0.126887, 0.137051, 0.146624, 0.155832)",,,,,,,
,convlstm,epoch,4,1,ConvLSTM,14,7,./checkpoints/convlstm.pt,0.027001664805364735,0.1641985968507066,0.12458136146689983,74.30931925266347,0.9725793156218021,"(0.126326, 0.137802, 0.151889, 0.164525, 0.175644, 0.185770, 0.195424)","(0.095198, 0.104305, 0.115803, 0.126226, 0.135358, 0.143660, 0.151521)",0.02676174832907106,0.16163197505686963,0.12321988493204117,66.79981245313373,0.8933437317609787,"(0.121342, 0.133147, 0.147521, 0.160985, 0.173321, 0.184887, 0.195957)","(0.091631, 0.101212, 0.113103, 0.124292, 0.134574, 0.144216, 0.153512)",,,,,,,
,convlstm,epoch,5,1,ConvLSTM,14,7,./checkpoints/convlstm.pt,0.026231555416783753,0.1618448814024687,0.1226645262238193,73.44904438992764,0.9734020689700512,"(0.121893, 0.134841, 0.149624, 0.162477, 0.173675, 0.183898, 0.193534)","(0.091655, 0.101960, 0.114074, 0.124695, 0.133914, 0.142271, 0.150083)",0.026061590794207796,0.16044643095561437,0.12120183796754905,69.07739043235779,0.9028845301696232,"(0.117356, 0.130668, 0.146085, 0.160155, 0.172819, 0.184547, 0.195684)","(0.087739, 0.098366, 0.111062, 0.122736, 0.133293, 0.143009, 0.152208)",,,,,,,
,convlstm,epoch,6,1,ConvLSTM,14,7,./checkpoints/convlstm.pt,0.025966907544259694,0.1610089878289693,0.1220060674513274,73.01728666589615,0.9736686516949471,"(0.118421, 0.132824, 0.148525, 0.161916, 0.173431, 0.183838, 0.193786)","(0.088913, 0.100404, 0.113333, 0.124429, 0.133909, 0.142475, 0.150580)",0.025116865689467107,0.15752280982477324,0.11825308789099966,67.8035272870745,0.9051810822316578,"(0.113718, 0.128111, 0.143891, 0.157816, 0.170085, 0.181288, 0.191829)","(0.084543, 0.095973, 0.108876, 0.120300, 0.130400, 0.139556, 0.148123)",,,,,,,
,convlstm,epoch,7,1,ConvLSTM,14,7,./checkpoints/convlstm.pt,0.025177180578813275,0.1585494452391222,0.11986016279997978,72.23574843305222,0.9744666507269474,"(0.114852, 0.130475, 0.146657, 0.160017, 0.171223, 0.181238, 0.190738)","(0.085915, 0.098418, 0.111725, 0.122793, 0.132013, 0.140203, 0.147954)",0.024645682391045347,0.1553177290729114,0.11786869487592153,65.69019314220974,0.9039597873176847,"(0.109670, 0.125486, 0.141840, 0.155886, 0.168161, 0.179370, 0.189930)","(0.081922, 0.094819, 0.108514, 0.120295, 0.130629, 0.140021, 0.148881)",,,,,,,
,convlstm,epoch,8,1,ConvLSTM,14,7,./checkpoints/convlstm.pt,0.024775382309676484,0.15730125992926366,0.11869871842258788,71.71654392810578,0.974894642195803,"(0.111460, 0.128677, 0.145564, 0.159123, 0.170409, 0.180438, 0.189819)","(0.082987, 0.096849, 0.110824, 0.122049, 0.131360, 0.139569, 0.147253)",0.024251856009608934,0.15418238831417902,0.1160856873861381,65.46188599722726,0.9078563068594251,"(0.106661, 0.123879, 0.140802, 0.155011, 0.167324, 0.178579, 0.189259)","(0.079052, 0.093012, 0.107086, 0.118852, 0.129055, 0.138353, 0.147191)",,,,,,,
,convlstm,epoch,9,1,ConvLSTM,14,7,./checkpoints/convlstm.pt,0.025079082866060608,0.15820839993356267,0.11939625481658793,71.54695945090435,0.9745251929506342,"(0.109479, 0.128161, 0.145966, 0.160114, 0.171926, 0.182351, 0.192200)","(0.081558, 0.096578, 0.111310, 0.123045, 0.132745, 0.141254, 0.149283)",0.0238722027944667,0.15305953047105245,0.1151509556387152,69.21248085158211,0.9099697428090232,"(0.105889, 0.123729, 0.140861, 0.154814, 0.166453, 0.176679, 0.186037)","(0.078605, 0.092944, 0.107071, 0.118539, 0.128140, 0.136552, 0.144206)",,,,,,,
,convlstm,epoch,10,1,ConvLSTM,14,7,./checkpoints/convlstm.pt,0.02424156362626781,0.15554870379975222,0.11736529518632179,70.94930867945894,0.9753786246193216,"(0.106879, 0.126218, 0.144000, 0.157820, 0.169183, 0.179173, 0.188516)","(0.079405, 0.094988, 0.109788, 0.121314, 0.130704, 0.138856, 0.146503)",0.023016956568296467,0.15030602179467678,0.11267860127346856,67.07188745907375,0.9123691107545581,"(0.102063, 0.120986, 0.138367, 0.152242, 0.163758, 0.173909, 0.183273)","(0.075342, 0.090542, 0.104925, 0.116315, 0.125777, 0.134097, 0.141752)",,,,,,,
,convlstm,epoch,11,1,ConvLSTM,14,7,./checkpoints/convlstm.pt,0.02357844519924293,0.15343729961154073,0.11542576369135937,70.17928866122631,0.976101611839964,"(0.103459, 0.124076, 0.142266, 0.156050, 0.167269, 0.177109, 0.186211)","(0.076505, 0.093126, 0.108303, 0.119771, 0.128934, 0.136960, 0.144381)",0.022880094225651453,0.14957455998020514,0.11230650783649512,64.84880781173706,0.9114203261477607,"(0.098885, 0.119178, 0.137170, 0.151416, 0.163311, 0.173937, 0.183902)","(0.072871, 0.089352, 0.104380, 0.116144, 0.125926, 0.134643, 0.142829)",,,,,,,
,convlstm,epoch,12,0,ConvLSTM,14,7,./checkpoints/convlstm.pt,0.023433825833366274,0.15297912559431917,0.11500683086032563,69.75551124329263,0.9762452866168733,"(0.101001, 0.122948, 0.141799, 0.155871, 0.167210, 0.177045, 0.186300)","(0.074450, 0.092204, 0.108020, 0.119738, 0.129049, 0.137025, 0.144562)",0.024162135486091887,0.15468448693198816,0.11605403093355042,70.04814784867423,0.9077293957982745,"(0.099266, 0.121703, 0.141594, 0.157161, 0.169769, 0.180707, 0.190813)","(0.073081, 0.091085, 0.107684, 0.120636, 0.131124, 0.140200, 0.148568)",,,,,,,
,convlstm,epoch,13,1,ConvLSTM,14,7,./checkpoints/convlstm.pt,0.023125195449733352,0.15196232601897852,0.11412890215820455,69.43507876294724,0.976531170784159,"(0.099064, 0.121855, 0.140913, 0.155044, 0.166352, 0.176155, 0.185199)","(0.072916, 0.091337, 0.107315, 0.119037, 0.128319, 0.136309, 0.143669)",0.02243109908886254,0.148173594049045,0.11138904866363321,63.42146059444973,0.9129091245787484,"(0.095096, 0.117439, 0.136146, 0.150550, 0.162348, 0.172768, 0.182503)","(0.069877, 0.088095, 0.103865, 0.115845, 0.125616, 0.134196, 0.142229)",,,,,,,
,convlstm,epoch,14,0,ConvLSTM,14,7,./checkpoints/convlstm.pt,0.023127348172141515,0.15194798419326705,0.11406493329621376,69.18168175474126,0.9764957272625984,"(0.097659, 0.121426, 0.140851, 0.155094, 0.166561, 0.176497, 0.185624)","(0.071734, 0.090974, 0.107281, 0.119096, 0.128560, 0.136693, 0.144116)",0.02248873145851706,0.14831246329205378,0.11192309164575168,63.93138384819031,0.9117636638028281,"(0.094489, 0.117657, 0.136741, 0.151204, 0.162797, 0.172814, 0.182017)","(0.069618, 0.088621, 0.104803, 0.116878, 0.126491, 0.134735, 0.142314)",,,,,,,
,convlstm,epoch,15,1,ConvLSTM,14,7,./checkpoints/convlstm.pt,0.023076402875495717,0.15179251726297213,0.11402288935285934,69.01482614557794,0.9765857901979,"(0.096625, 0.121129, 0.140803, 0.155156, 0.166586, 0.176435, 0.185485)","(0.071003, 0.090845, 0.107382, 0.119315, 0.128711, 0.136764, 0.144140)",0.022138083253854086,0.1471943049026387,0.11054927696074758,64.3625237601144,0.9139482123511178,"(0.093350, 0.116668, 0.135524, 0.149834, 0.161474, 0.171711, 0.181237)","(0.068578, 0.087542, 0.103403, 0.115239, 0.124825, 0.133212, 0.141047)",,,,,,,
,convlstm,epoch,16,0,ConvLSTM,14,7,./checkpoints/convlstm.pt,0.022304980728299693,0.14925605648946136,0.11180656851130596,68.35665660208844,0.977327363288149,"(0.094840, 0.119674, 0.139036, 0.152886, 0.163828, 0.173172, 0.181701)","(0.069356, 0.089468, 0.105762, 0.117266, 0.126232, 0.133807, 0.140755)",0.02225688612088561,0.1480302789381572,0.11056357728583473,67.27343467303685,0.915801654968943,"(0.092023, 0.117014, 0.136890, 0.151637, 0.163122, 0.172745, 0.181400)","(0.067323, 0.087465, 0.104025, 0.116123, 0.125474, 0.133289, 0.140246)",,,,,,,
,convlstm,epoch,17,0,ConvLSTM,14,7,./checkpoints/convlstm.pt,0.02221568167566302,0.14893768515334452,0.11156969010195833,68.18476287354814,0.9774762503010161,"(0.093035, 0.118994, 0.138647, 0.152646, 0.163747, 0.173172, 0.181808)","(0.067812, 0.088916, 0.105554, 0.117236, 0.126356, 0.134047, 0.141068)",0.02349322791477399,0.15181637901280606,0.11436929580356393,59.40589690208435,0.9097056090831757,"(0.090643, 0.116569, 0.137160, 0.153317, 0.167089, 0.179748, 0.191979)","(0.066402, 0.087739, 0.105254, 0.118810, 0.130342, 0.140897, 0.151142)",,,,,,,
,convlstm,epoch,18,0,ConvLSTM,14,7,./checkpoints/convlstm.pt,0.022231764249265828,0.14899198083145093,0.11155911523135419,67.94085299715083,0.9774698548494501,"(0.092343, 0.118934, 0.138825, 0.152888, 0.163899, 0.173353, 0.181816)","(0.067275, 0.088915, 0.105725, 0.117427, 0.126432, 0.134097, 0.141043)",0.024437653233430216,0.15430743380316667,0.11758346882249628,60.324716091156006,0.9000668546983174,"(0.090853, 0.117979, 0.139398, 0.156099, 0.170172, 0.182949, 0.195183)","(0.067084, 0.089782, 0.108288, 0.122497, 0.134430, 0.145252, 0.155751)",,,,,,,
,convlstm,epoch,19,1,ConvLSTM,14,7,./checkpoints/convlstm.pt,0.021887528719974958,0.14784135373763502,0.11065723604344307,67.59837901338618,0.9777867188479038,"(0.091076, 0.118185, 0.138084, 0.151925, 0.162739, 0.171877, 0.180223)","(0.066256, 0.088350, 0.105196, 0.116690, 0.125546, 0.132909, 0.139654)",0.021163547677653178,0.1441047830241067,0.10759605573756355,64.82245291982379,0.9189843769584384,"(0.088108, 0.114436, 0.133790, 0.147827, 0.158802, 0.168100, 0.176498)","(0.064108, 0.085463, 0.101707, 0.113259, 0.122234, 0.129795, 0.136606)",,,,,,,
,convlstm,epoch,20,0,ConvLSTM,14,7,./checkpoints/convlstm.pt,0.022017355364291592,0.14828638201478775,0.1109187366797569,67.59218090138536,0.9776600960721361,"(0.090318, 0.118193, 0.138311, 0.152340, 0.163342, 0.172752, 0.181248)","(0.065522, 0.088298, 0.105336, 0.116997, 0.125984, 0.133685, 0.140610)",0.021235868534339324,0.14412282034754753,0.10773026118321079,62.743975809642244,0.9179285636969975,"(0.087478, 0.114231, 0.133628, 0.147692, 0.158780, 0.168308, 0.177051)","(0.063650, 0.085487, 0.101779, 0.113338, 0.122403, 0.130163, 0.137292)",,,,,,,
,convlstm,epoch,21,0,ConvLSTM,14,7,./checkpoints/convlstm.pt,0.02206849819049239,0.14844194576307881,0.1111463143074132,67.339803594224,0.9775941016826224,"(0.090068, 0.118248, 0.138432, 0.152496, 0.163510, 0.172997, 0.181610)","(0.065453, 0.088490, 0.105519, 0.117206, 0.126284, 0.134044, 0.141029)",0.021866398830232874,0.1467866969427892,0.10923632500427109,68.88894592012677,0.917645235146795,"(0.087827, 0.115526, 0.135824, 0.150615, 0.162149, 0.171876, 0.180670)","(0.063846, 0.086169, 0.103014, 0.115100, 0.124493, 0.132447, 0.139586)",,,,,,,
,convlstm,epoch,22,1,ConvLSTM,14,7,./checkpoints/convlstm.pt,0.021438625452921113,0.14633746079350482,0.10942550320574577,66.93610731084296,0.9782616274153932,"(0.088564, 0.117100, 0.137020, 0.150651, 0.161202, 0.170233, 0.178444)","(0.064075, 0.087440, 0.104303, 0.115688, 0.124353, 0.131714, 0.138406)",0.02097129568989788,0.14348588750830718,0.10711875078933579,62.444399901798796,0.9191680188689914,"(0.085938, 0.113715, 0.133257, 0.147331, 0.158341, 0.167688, 0.176149)","(0.062283, 0.084887, 0.101340, 0.112970, 0.122041, 0.129696, 0.136614)",,,,,,,
,convlstm,epoch,23,0,ConvLSTM,14,7,./checkpoints/convlstm.pt,0.0214443488264496,0.14632056778404853,0.10936358487827981,66.73530032786917,0.9782663406209743,"(0.087805, 0.117031, 0.137192, 0.150927, 0.161357, 0.170203, 0.178246)","(0.063399, 0.087362, 0.104421, 0.115846, 0.124467, 0.131719, 0.138332)",0.021296373834567412,0.14422171536300862,0.10825954750180244,60.84212517738342,0.9157626586300986,"(0.085153, 0.113754, 0.133626, 0.147966, 0.159272, 0.168946, 0.177763)","(0.061957, 0.085510, 0.102355, 0.114240, 0.123554, 0.131480, 0.138722)",,,,,,,
,convlstm,epoch,24,1,ConvLSTM,14,7,./checkpoints/convlstm.pt,0.02145362833633702,0.1463265028371798,0.1094041321268107,66.46383202329595,0.9781958806387921,"(0.087285, 0.116899, 0.137061, 0.150773, 0.161362, 0.170455, 0.178598)","(0.063140, 0.087381, 0.104422, 0.115858, 0.124532, 0.131927, 0.138570)",0.020653286782492484,0.14257947408727237,0.10584905557334423,62.12920141220093,0.9208533955471856,"(0.084386, 0.113021, 0.132636, 0.146646, 0.157516, 0.166665, 0.174887)","(0.060754, 0.083965, 0.100417, 0.111940, 0.120811, 0.128210, 0.134847)",,,,,,,
,convlstm,epoch,25,0,ConvLSTM,14,7,./checkpoints/convlstm.pt,0.02106196458074958,0.1450264276189303,0.10821160162858506,66.16267188051914,0.978604183235067,"(0.085906, 0.116010, 0.136160, 0.149717, 0.160122, 0.168858, 0.176639)","(0.061780, 0.086501, 0.103565, 0.114843, 0.123417, 0.130530, 0.136846)",0.0218942697226469,0.1463867678706135,0.10990148543247155,58.12435007095337,0.9139909424952098,"(0.084032, 0.113726, 0.134331, 0.149544, 0.161880, 0.172715, 0.182800)","(0.060995, 0.085525, 0.103029, 0.115693, 0.125924, 0.134877, 0.143268)",,,,,,,
,convlstm,epoch,26,1,ConvLSTM,14,7,./checkpoints/convlstm.pt,0.02106121209192466,0.14501245432698248,0.10829510698293118,65.92929292232432,0.9785901653639814,"(0.085333, 0.115814, 0.136060, 0.149744, 0.160223, 0.169008, 0.176805)","(0.061320, 0.086431, 0.103620, 0.115027, 0.123662, 0.130835, 0.137170)",0.020443057541602423,0.14180511981248856,0.1049403018717255,63.004188537597656,0.9218319888625827,"(0.082877, 0.112410, 0.132092, 0.146034, 0.156813, 0.165849, 0.173912)","(0.059547, 0.083423, 0.099782, 0.111145, 0.119890, 0.127164, 0.133631)",,,,,,,
,convlstm,epoch,27,0,ConvLSTM,14,7,./checkpoints/convlstm.pt,0.02091777689279394,0.14451796249132534,0.10784526755835147,65.6802844189583,0.9787835786317257,"(0.084653, 0.115530, 0.135772, 0.149364, 0.159728, 0.168401, 0.176044)","(0.060754, 0.086195, 0.103343, 0.114678, 0.123214, 0.130266, 0.136467)",0.021153456099065288,0.1443589742162398,0.10664007333772522,60.33859372138977,0.9200625121593475,"(0.082704, 0.113161, 0.133658, 0.148396, 0.159911, 0.169655, 0.178458)","(0.059243, 0.083810, 0.100835, 0.112893, 0.122264, 0.130159, 0.137276)",,,,,,,
,convlstm,epoch,28,0,ConvLSTM,14,7,./checkpoints/convlstm.pt,0.02059025826685606,0.14340211273381046,0.1069396500812566,65.27366579339859,0.9791199333490209,"(0.083862, 0.115031, 0.135058, 0.148357, 0.158418, 0.166860, 0.174391)","(0.060057, 0.085751, 0.102770, 0.113855, 0.122120, 0.128965, 0.135059)",0.020545682836590067,0.1422357838600874,0.10487978479691915,64.03540737288338,0.9211837117161069,"(0.081248, 0.111929, 0.132074, 0.146412, 0.157558, 0.166943, 0.175372)","(0.058026, 0.082737, 0.099486, 0.111197, 0.120256, 0.127839, 0.134619)",,,,,,,
,convlstm,epoch,29,0,ConvLSTM,14,7,./checkpoints/convlstm.pt,0.020732820995072735,0.14386933837431917,0.10730501712161175,65.26238528718339,0.9790064831997486,"(0.083129, 0.115008, 0.135280, 0.148795, 0.159091, 0.167728, 0.175447)","(0.059491, 0.085806, 0.103020, 0.114290, 0.122748, 0.129755, 0.136026)",0.021942234065915858,0.14661002265555517,0.11033740213939122,56.50748126847403,0.9130890624863761,"(0.083423, 0.115100, 0.135610, 0.150456, 0.162268, 0.172447, 0.181770)","(0.060812, 0.087013, 0.104371, 0.116684, 0.126399, 0.134726, 0.142356)",,,,,,,
,convlstm,epoch,30,1,ConvLSTM,14,7,./checkpoints/convlstm.pt,0.020660151826574446,0.14363845036711542,0.10709875489168978,65.08191904108575,0.979015644243423,"(0.083064, 0.114963, 0.135229, 0.148684, 0.158852, 0.167362, 0.174898)","(0.059429, 0.085742, 0.102937, 0.114129, 0.122476, 0.129426, 0.135552)",0.02005308573799474,0.14017536251672677,0.10408513780151095,59.3167416368212,0.9230754247733525,"(0.080663, 0.111318, 0.130911, 0.144607, 0.155143, 0.163958, 0.171817)","(0.057914, 0.082968, 0.099385, 0.110587, 0.119114, 0.126178, 0.132450)",,,,,,,
,convlstm,epoch,31,0,ConvLSTM,14,7,./checkpoints/convlstm.pt,0.020507822695009885,0.14310103166345903,0.10668127694504058,64.89154657404474,0.9792341165086056,"(0.082399, 0.114480, 0.134771, 0.148171, 0.158283, 0.166779, 0.174313)","(0.058877, 0.085408, 0.102617, 0.113766, 0.122067, 0.128964, 0.135069)",0.020339943834447434,0.1414979784084218,0.1046074384025165,59.97054655211313,0.9214928533349719,"(0.080561, 0.111821, 0.131726, 0.145767, 0.156670, 0.165892, 0.174205)","(0.057575, 0.082867, 0.099429, 0.110918, 0.119847, 0.127408, 0.134207)",,,,,,,
,convlstm,epoch,32,1,ConvLSTM,14,7,./checkpoints/convlstm.pt,0.020383611063849418,0.14265315129030082,0.10630277322327837,64.67463402037924,0.9793105632700818,"(0.082054, 0.114383, 0.134512, 0.147770, 0.157755, 0.166155, 0.173607)","(0.058601, 0.085339, 0.102441, 0.113413, 0.121561, 0.128387, 0.134378)",0.02001872332766652,0.1400644885642188,0.10452099277504853,61.677074568612234,0.9218846559524536,"(0.080186, 0.111465, 0.131031, 0.144642, 0.155072, 0.163763, 0.171462)","(0.057713, 0.083331, 0.099803, 0.111055, 0.119685, 0.126852, 0.133207)",,,,,,,
,convlstm,epoch,33,1,ConvLSTM,14,7,./checkpoints/convlstm.pt,0.020352089292112182,0.14254085126005003,0.10626551968620178,64.4747210360588,0.979371430391961,"(0.081694, 0.114240, 0.134471, 0.147682, 0.157690, 0.166049, 0.173473)","(0.058353, 0.085232, 0.102414, 0.113441, 0.121620, 0.128391, 0.134407)",0.019548655836842954,0.13843339601797716,0.1027245819568634,59.267355476106914,0.9239464210612434,"(0.079384, 0.110402, 0.129696, 0.143066, 0.153254, 0.161697, 0.169140)","(0.056802, 0.082167, 0.098392, 0.109358, 0.117627, 0.124387, 0.130339)",,,,,,,
,convlstm,epoch,34,0,ConvLSTM,14,7,./checkpoints/convlstm.pt,0.02019662678519145,0.14203116634047122,0.10577524742706025,64.4310877373878,0.9795163349902376,"(0.081164, 0.113883, 0.134110, 0.147339, 0.157202, 0.165378, 0.172675)","(0.057825, 0.084902, 0.102088, 0.113055, 0.121138, 0.127754, 0.133664)",0.019704232823901942,0.13896319775709084,0.10347751075667995,60.17168239184788,0.9230484792164394,"(0.079192, 0.110626, 0.130129, 0.143628, 0.153913, 0.162452, 0.170006)","(0.056744, 0.082532, 0.098983, 0.110138, 0.118619, 0.125593, 0.131734)",,,,,,,
,convlstm,epoch,35,0,ConvLSTM,14,7,./checkpoints/convlstm.pt,0.01999694557781232,0.14130746113416348,0.10527819906301955,64.08798179220646,0.979665144643885,"(0.080605, 0.113485, 0.133594, 0.146679, 0.156410, 0.164479, 0.171592)","(0.057345, 0.084592, 0.101739, 0.112632, 0.120601, 0.127139, 0.132900)",0.02009777817875147,0.140741068603737,0.10429155693522521,62.3485267162323,0.9226982125214168,"(0.078819, 0.111031, 0.131081, 0.145136, 0.155998, 0.165178, 0.173468)","(0.056326, 0.082553, 0.099282, 0.110806, 0.119723, 0.127276, 0.134073)",,,,,,,
,convlstm,epoch,36,0,ConvLSTM,14,7,./checkpoints/convlstm.pt,0.02014927483322297,0.14182039502193755,0.10562823562228933,63.94998069519692,0.979544405924513,"(0.080499, 0.113762, 0.134015, 0.147116, 0.156960, 0.165236, 0.172482)","(0.057308, 0.084875, 0.102072, 0.112920, 0.120957, 0.127674, 0.133591)",0.021545017221277312,0.1446954339210476,0.10993026436439582,62.4689530645098,0.9102702992303031,"(0.080015, 0.113246, 0.134215, 0.149044, 0.160612, 0.170404, 0.179151)","(0.058414, 0.086354, 0.104371, 0.116880, 0.126598, 0.134788, 0.142107)",,,,,,,
,convlstm,epoch,37,0,ConvLSTM,14,7,./checkpoints/convlstm.pt,0.019962113816291094,0.14120506850749148,0.1051745638647612,63.89001884866268,0.979781207569102,"(0.080308, 0.113480, 0.133569, 0.146567, 0.156254, 0.164344, 0.171527)","(0.057104, 0.084613, 0.101682, 0.112517, 0.120450, 0.127023, 0.132833)",0.020360233295442804,0.14085621679467814,0.10605619555073124,58.42913123539516,0.9172082990407944,"(0.078901, 0.111466, 0.131567, 0.145543, 0.156240, 0.165130, 0.172941)","(0.057008, 0.084155, 0.101326, 0.113029, 0.121930, 0.129244, 0.135702)",,,,,,,
,convlstm,epoch,38,0,ConvLSTM,14,7,./checkpoints/convlstm.pt,0.019912633688208906,0.14101648152397117,0.10496994270447721,63.6358193742468,0.9798071029338431,"(0.079929, 0.113349, 0.133483, 0.146489, 0.156106, 0.164096, 0.171202)","(0.056823, 0.084519, 0.101598, 0.112407, 0.120262, 0.126719, 0.132463)",0.019941461206014668,0.13950181300086634,0.10485934279859066,60.05558688299997,0.9193916065352303,"(0.078605, 0.110963, 0.130660, 0.144220, 0.154550, 0.163179, 0.170847)","(0.056634, 0.083556, 0.100365, 0.111724, 0.120352, 0.127505, 0.133879)",,,,,,,
,convlstm,epoch,39,1,ConvLSTM,14,7,./checkpoints/convlstm.pt,0.0199098950945475,0.1410119610284845,0.10497352817749724,63.51512992128413,0.9797865751575916,"(0.079940, 0.113434, 0.133520, 0.146489, 0.156070, 0.164096, 0.171152)","(0.056810, 0.084604, 0.101626, 0.112397, 0.120236, 0.126709, 0.132433)",0.01936548512562045,0.13776461966335773,0.10255320396806512,60.878179618290496,0.9246367045811245,"(0.078244, 0.110214, 0.129425, 0.142555, 0.152512, 0.160798, 0.168123)","(0.056013, 0.082274, 0.098431, 0.109259, 0.117444, 0.124224, 0.130226)",,,,,,,
,convlstm,epoch,40,0,ConvLSTM,14,7,./checkpoints/convlstm.pt,0.020040198902976005,0.14143581279976947,0.10541468930054218,63.59158308962558,0.9796221066028514,"(0.080139, 0.113672, 0.133837, 0.146886, 0.156559, 0.164634, 0.171759)","(0.057048, 0.084883, 0.101997, 0.112852, 0.120760, 0.127285, 0.133076)",0.02014247763768903,0.14104232777442252,0.10454062824802739,62.19525357655117,0.9217919600861413,"(0.078650, 0.111331, 0.131288, 0.145301, 0.156196, 0.165543, 0.174126)","(0.056091, 0.082718, 0.099414, 0.111003, 0.119993, 0.127729, 0.134837)",,,,,,,
,convlstm,epoch,41,1,ConvLSTM,14,7,./checkpoints/convlstm.pt,0.01953865672917442,0.13969619486804852,0.1039655455883513,63.32017188376569,0.9801658347566077,"(0.079354, 0.112770, 0.132591, 0.145250, 0.154585, 0.162319, 0.169101)","(0.056290, 0.084028, 0.100870, 0.111412, 0.119071, 0.125295, 0.130792)",0.01939350547867694,0.13767470898372786,0.10265786546681609,59.843216078622,0.9234398433140346,"(0.077356, 0.109590, 0.129029, 0.142409, 0.152590, 0.161051, 0.168490)","(0.055332, 0.081974, 0.098398, 0.109443, 0.117813, 0.124759, 0.130885)",,,,,,,
,convlstm,epoch,42,0,ConvLSTM,14,7,./checkpoints/convlstm.pt,0.01988659118440874,0.14092558181400314,0.10496094775326709,63.29203814648567,0.9798005518126995,"(0.079562, 0.113391, 0.133502, 0.146384, 0.155993, 0.164020, 0.171091)","(0.056558, 0.084631, 0.101669, 0.112385, 0.120269, 0.126757, 0.132458)",0.019403532130776772,0.13787377093519484,0.1028122202094112,61.983233554022654,0.9242880110229764,"(0.077823, 0.110116, 0.129435, 0.142682, 0.152723, 0.161070, 0.168443)","(0.055761, 0.082373, 0.098646, 0.109583, 0.117848, 0.124696, 0.130779)",,,,,,,
,convlstm,epoch,43,0,ConvLSTM,14,7,./checkpoints/convlstm.pt,0.01966589392024152,0.14013652248523176,0.10433384482847884,63.24729550138433,0.9800114568243635,"(0.079286, 0.112953, 0.132927, 0.145739, 0.155170, 0.162941, 0.169697)","(0.056308, 0.084269, 0.101241, 0.111862, 0.119557, 0.125819, 0.131280)",0.019625590947855796,0.1390140357294253,0.10249627035643373,61.21521159580776,0.9224293402263096,"(0.077568, 0.110276, 0.129929, 0.143531, 0.153980, 0.162851, 0.170894)","(0.055124, 0.081646, 0.097964, 0.109078, 0.117563, 0.124766, 0.131332)",,,,,,,
,convlstm,epoch,44,0,ConvLSTM,14,7,./checkpoints/convlstm.pt,0.01955670372959464,0.13974713148655402,0.10403801049006746,63.07250116226521,0.9801662840107654,"(0.079004, 0.112688, 0.132560, 0.145348, 0.154811, 0.162489, 0.169188)","(0.056068, 0.084051, 0.100947, 0.111555, 0.119267, 0.125474, 0.130904)",0.019827688711562326,0.13969114981591702,0.10318381286093167,62.54639056750706,0.9234427575554166,"(0.077400, 0.110276, 0.130127, 0.143999, 0.154779, 0.164019, 0.172449)","(0.055156, 0.081910, 0.098354, 0.109625, 0.118388, 0.125967, 0.132886)",,,,,,,
,convlstm,epoch,45,0,ConvLSTM,14,7,./checkpoints/convlstm.pt,0.019510508079002512,0.13957987290867546,0.10388718319541597,62.95090241127826,0.9802185128977958,"(0.078760, 0.112628, 0.132551, 0.145213, 0.154586, 0.162240, 0.168925)","(0.055843, 0.083969, 0.100891, 0.111437, 0.119108, 0.125296, 0.130666)",0.019510650624787167,0.13815809573446,0.10328070233975138,59.03828610692705,0.9236281045845577,"(0.077357, 0.110153, 0.129780, 0.143172, 0.153209, 0.161472, 0.168735)","(0.055394, 0.082557, 0.099208, 0.110359, 0.118645, 0.125410, 0.131392)",,,,,,,
,convlstm,epoch,46,1,ConvLSTM,14,7,./checkpoints/convlstm.pt,0.019338289037980932,0.1389597842603829,0.10335906745588526,62.84380019979274,0.9803602070884502,"(0.078535, 0.112396, 0.132168, 0.144690, 0.153824, 0.161307, 0.167948)","(0.055595, 0.083747, 0.100555, 0.110950, 0.118426, 0.124442, 0.129798)",0.019227499491535127,0.1371705558683191,0.1019310001283884,56.61627745628357,0.9242508113384247,"(0.076625, 0.109368, 0.128875, 0.142160, 0.152123, 0.160328, 0.167522)","(0.054606, 0.081564, 0.097975, 0.108901, 0.117056, 0.123757, 0.129658)",,,,,,,
,convlstm,epoch,47,0,ConvLSTM,14,7,./checkpoints/convlstm.pt,0.019402835369506415,0.13918860970536917,0.10358141782753011,62.782388524806244,0.9803447266842457,"(0.078394, 0.112393, 0.132287, 0.144883, 0.154138, 0.161774, 0.168345)","(0.055506, 0.083784, 0.100700, 0.111183, 0.118744, 0.124929, 0.130223)",0.019605403100805625,0.13854132166930608,0.1033593618444034,59.50127410888672,0.9240243562630245,"(0.077294, 0.110333, 0.130049, 0.143507, 0.153647, 0.162052, 0.169442)","(0.055429, 0.082623, 0.099163, 0.110255, 0.118648, 0.125620, 0.131777)",,,,,,,
,convlstm,epoch,48,0,ConvLSTM,14,7,./checkpoints/convlstm.pt,0.019463489595008023,0.1393914137980428,0.10380772215888855,62.79179820608586,0.9802140609381047,"(0.078575, 0.112675, 0.132529, 0.145117, 0.154344, 0.161943, 0.168492)","(0.055739, 0.084112, 0.100970, 0.111435, 0.118950, 0.125069, 0.130379)",0.01939448225311935,0.1381261040057455,0.10292549910289901,63.05501481464931,0.9246783831289836,"(0.077075, 0.109977, 0.129481, 0.142823, 0.152977, 0.161573, 0.169371)","(0.055048, 0.082054, 0.098489, 0.109609, 0.118091, 0.125308, 0.131880)",,,,,,,
,convlstm,epoch,49,1,ConvLSTM,14,7,./checkpoints/convlstm.pt,0.019563300758005775,0.13973896599507274,0.10406255543707534,62.73457663109962,0.9801434620897821,"(0.078673, 0.112888, 0.132741, 0.145369, 0.154683, 0.162406, 0.169170)","(0.055861, 0.084268, 0.101148, 0.111627, 0.119229, 0.125430, 0.130876)",0.01893926697916218,0.13640061020851135,0.10076798871159554,60.24579906463623,0.9262022120612008,"(0.076482, 0.109043, 0.128258, 0.141319, 0.151142, 0.159285, 0.166462)","(0.054308, 0.080827, 0.096821, 0.107513, 0.115558, 0.122229, 0.128119)",,,,,,,
,convlstm,epoch,50,0,ConvLSTM,14,7,./checkpoints/convlstm.pt,0.019367233537969753,0.1390454817148498,0.10354094988012567,62.75102584920031,0.9803422232891651,"(0.078486, 0.112496, 0.132294, 0.144748, 0.153956, 0.161488, 0.167993)","(0.055722, 0.083986, 0.100770, 0.111126, 0.118616, 0.124663, 0.129904)",0.019298245465116843,0.13744923259530747,0.10300117411783763,59.12264067786081,0.9234319925308228,"(0.076989, 0.109999, 0.129511, 0.142660, 0.152416, 0.160400, 0.167340)","(0.055263, 0.082664, 0.099220, 0.110161, 0.118268, 0.124857, 0.130576)",,,,,,,
,convlstm,epoch,51,0,ConvLSTM,14,7,./checkpoints/convlstm.pt,0.019123786782964745,0.13819712369751053,0.10280222116791188,62.36943204352196,0.9806221897931809,"(0.077857, 0.111949, 0.131709, 0.144094, 0.153058, 0.160373, 0.166659)","(0.055095, 0.083437, 0.100210, 0.110493, 0.117832, 0.123737, 0.128811)",0.01923473477030971,0.13714783958026341,0.10245429085833686,57.8340904712677,0.924036328281675,"(0.076383, 0.109317, 0.128789, 0.142064, 0.152070, 0.160378, 0.167694)","(0.054655, 0.081871, 0.098361, 0.109396, 0.117690, 0.124558, 0.130649)",,,,,,,
,convlstm,epoch,52,0,ConvLSTM,14,7,./checkpoints/convlstm.pt,0.019084722081080398,0.13807242634251554,0.10271783478241017,62.39430890184768,0.9806345666342593,"(0.077695, 0.111835, 0.131565, 0.143955, 0.152971, 0.160243, 0.166502)","(0.054970, 0.083352, 0.100138, 0.110454, 0.117790, 0.123639, 0.128681)",0.01950732522111918,0.13867552711495332,0.10253589893026012,61.18411421775818,0.9241331773144859,"(0.076414, 0.109800, 0.129678, 0.143348, 0.153788, 0.162612, 0.170539)","(0.054262, 0.081348, 0.097904, 0.109211, 0.117867, 0.125238, 0.131921)",,,,,,,
,convlstm,epoch,53,0,ConvLSTM,14,7,./checkpoints/convlstm.pt,0.019182034768164158,0.13841011128461475,0.10299224232105499,62.41721122822863,0.9805512894341286,"(0.077716, 0.111970, 0.131806, 0.144266, 0.153379, 0.160733, 0.167057)","(0.055028, 0.083510, 0.100334, 0.110664, 0.118134, 0.124066, 0.129209)",0.019117002142593265,0.13701040484011173,0.10154652701956886,60.400750160217285,0.9261065295764378,"(0.076491, 0.109419, 0.128788, 0.141943, 0.151848, 0.160091, 0.167373)","(0.054447, 0.081358, 0.097537, 0.108353, 0.116493, 0.123291, 0.129346)",,,,,,,
,convlstm,epoch,54,0,ConvLSTM,14,7,./checkpoints/convlstm.pt,0.01918738676195449,0.13842795569585814,0.10301251218039939,62.386584363085156,0.9805088328554276,"(0.077836, 0.112068, 0.131844, 0.144313, 0.153293, 0.160676, 0.167082)","(0.055147, 0.083603, 0.100358, 0.110681, 0.118044, 0.124032, 0.129222)",0.019062683884320513,0.13670449198356696,0.10173958673008851,56.517028025218416,0.9259833991527557,"(0.076282, 0.109369, 0.128822, 0.141918, 0.151616, 0.159557, 0.166481)","(0.054410, 0.081597, 0.097976, 0.108814, 0.116832, 0.123396, 0.129152)",,,,,,,
,convlstm,epoch,55,0,ConvLSTM,14,7,./checkpoints/convlstm.pt,0.019092282072264464,0.13808599134948282,0.10276751204373989,62.23097888459551,0.9806271461730308,"(0.077765, 0.111893, 0.131603, 0.144010, 0.152950, 0.160196, 0.166516)","(0.055083, 0.083492, 0.100173, 0.110437, 0.117766, 0.123636, 0.128786)",0.020840534441439167,0.14237812853285245,0.10783769216920648,54.74033975601196,0.9133168437651226,"(0.077870, 0.112263, 0.133057, 0.147362, 0.158183, 0.167190, 0.175134)","(0.056701, 0.085644, 0.103399, 0.115285, 0.124194, 0.131555, 0.138085)",,,,,,,
,convlstm,epoch,56,0,ConvLSTM,14,7,./checkpoints/convlstm.pt,0.018917082987250165,0.13745295244422584,0.10224059465876285,62.1742312248717,0.9807877404258606,"(0.077363, 0.111508, 0.131130, 0.143379, 0.152274, 0.159464, 0.165518)","(0.054721, 0.083122, 0.099781, 0.109951, 0.117195, 0.122995, 0.127919)",0.019970927320952927,0.1394086168812854,0.10502690422747817,57.44862488337925,0.9181789926120213,"(0.076625, 0.110725, 0.131068, 0.144743, 0.154866, 0.163153, 0.170377)","(0.055414, 0.083931, 0.101216, 0.112529, 0.120859, 0.127644, 0.133596)",,,,,,,
,convlstm,epoch,57,1,ConvLSTM,14,7,./checkpoints/convlstm.pt,0.01887154330479655,0.13729157514666643,0.10211555449728002,62.09475001883,0.9808549681242477,"(0.077149, 0.111452, 0.131103, 0.143280, 0.152022, 0.159177, 0.165314)","(0.054520, 0.083044, 0.099729, 0.109868, 0.117032, 0.122831, 0.127785)",0.018959601892025342,0.13631361004497325,0.10141451124634061,60.10711104529245,0.9267114847898483,"(0.075626, 0.108775, 0.128261, 0.141409, 0.151229, 0.159315, 0.166380)","(0.053954, 0.081211, 0.097562, 0.108385, 0.116483, 0.123187, 0.129118)",,,,,,,
,convlstm,epoch,58,0,ConvLSTM,14,7,./checkpoints/convlstm.pt,0.01914195755021052,0.1382626068133369,0.10293960234427706,62.15006444809285,0.9805733212765227,"(0.077568, 0.111933, 0.131723, 0.144202, 0.153136, 0.160475, 0.166885)","(0.054981, 0.083595, 0.100373, 0.110701, 0.117982, 0.123888, 0.129058)",0.020264301981244768,0.1406122190611703,0.10632254236510821,62.37110359328134,0.9173120728560856,"(0.076621, 0.110932, 0.131686, 0.145839, 0.156368, 0.165032, 0.172600)","(0.055438, 0.084255, 0.101999, 0.113881, 0.122663, 0.129856, 0.136166)",,,,,,,
,convlstm,epoch,59,1,ConvLSTM,14,7,./checkpoints/convlstm.pt,0.018787739412026837,0.13697936805234853,0.10192716985623887,62.01571584255137,0.9809485423438092,"(0.077189, 0.111364, 0.130863, 0.143011, 0.151706, 0.158748, 0.164685)","(0.054600, 0.083039, 0.099616, 0.109707, 0.116778, 0.122469, 0.127282)",0.01890356797126255,0.13606305925973824,0.10137555828051907,58.914356095450266,0.9258034506014415,"(0.075608, 0.108662, 0.128035, 0.141132, 0.150935, 0.158995, 0.165993)","(0.053964, 0.081157, 0.097484, 0.108332, 0.116479, 0.123180, 0.129034)",,,,,,,
,convlstm,epoch,60,1,ConvLSTM,14,7,./checkpoints/convlstm.pt,0.018939002040535845,0.13752357220925898,0.10233506742627063,61.96980277528154,0.9807429145625297,"(0.077303, 0.111607, 0.131208, 0.143434, 0.152356, 0.159510, 0.165647)","(0.054722, 0.083257, 0.099861, 0.110006, 0.117343, 0.123094, 0.128064)",0.01877403284223484,0.1357409091932433,0.10067750965910298,59.5160802091871,0.927217532481466,"(0.075634, 0.108713, 0.127998, 0.140925, 0.150507, 0.158385, 0.165293)","(0.053734, 0.080708, 0.096810, 0.107534, 0.115579, 0.122255, 0.128123)",,,,,,,
,convlstm,epoch,61,0,ConvLSTM,14,7,./checkpoints/convlstm.pt,0.018839819188368447,0.13715869459943542,0.1020666528493166,61.892341410860105,0.9808848849002351,"(0.077294, 0.111495, 0.130986, 0.143141, 0.151944, 0.158951, 0.164958)","(0.054721, 0.083183, 0.099723, 0.109778, 0.116939, 0.122612, 0.127511)",0.019314276054501534,0.13738546972828253,0.10288209175424916,58.814405815941946,0.9237923877579826,"(0.075809, 0.109351, 0.129207, 0.142584, 0.152534, 0.160703, 0.167824)","(0.054450, 0.082311, 0.099087, 0.110107, 0.118280, 0.125012, 0.130928)",,,,,,,
,convlstm,epoch,62,0,ConvLSTM,14,7,./checkpoints/convlstm.pt,0.01865706390681419,0.13649249472035957,0.1015211682608153,61.7043377084935,0.9810817105338928,"(0.076923, 0.111125, 0.130586, 0.142547, 0.151133, 0.158045, 0.163950)","(0.054356, 0.082819, 0.099354, 0.109308, 0.116302, 0.121877, 0.126632)",0.019052533283164457,0.13664461778742926,0.10165075212717056,59.964989287512644,0.9270424906696592,"(0.075479, 0.108871, 0.128487, 0.141728, 0.151626, 0.159815, 0.167015)","(0.053622, 0.080905, 0.097446, 0.108571, 0.116963, 0.123940, 0.130107)",,,,,,,
,convlstm,epoch,63,0,ConvLSTM,14,7,./checkpoints/convlstm.pt,0.018784608127192615,0.13696955617472442,0.10193576180237404,61.91391735888542,0.9809535440612347,"(0.077036, 0.111310, 0.130870, 0.143030, 0.151765, 0.158734, 0.164671)","(0.054505, 0.083043, 0.099651, 0.109733, 0.116836, 0.122491, 0.127292)",0.018979467351787856,0.13645512637283122,0.10126240311988763,59.64901835577829,0.9265078753232956,"(0.075665, 0.108923, 0.128358, 0.141472, 0.151331, 0.159511, 0.166671)","(0.053909, 0.081038, 0.097249, 0.108060, 0.116267, 0.123130, 0.129185)",,,,,,,
,convlstm,epoch,64,0,ConvLSTM,14,7,./checkpoints/convlstm.pt,0.018781506709080745,0.13693556704584373,0.10186995712525033,61.70329530188378,0.980903593149591,"(0.076984, 0.111348, 0.130885, 0.142990, 0.151671, 0.158645, 0.164664)","(0.054441, 0.083017, 0.099623, 0.109654, 0.116727, 0.122374, 0.127254)",0.019150189889062728,0.13707332100187028,0.10222104963447366,63.93265683310373,0.9258839424167361,"(0.075794, 0.109017, 0.128506, 0.141827, 0.152001, 0.160530, 0.168067)","(0.054269, 0.081555, 0.097912, 0.108934, 0.117413, 0.124570, 0.130894)",,,,,,,
,convlstm,epoch,65,0,ConvLSTM,14,7,./checkpoints/convlstm.pt,0.01880388197667421,0.13701408335075352,0.10202003995630335,61.851634958957106,0.9809403257801178,"(0.077054, 0.111409, 0.130992, 0.143104, 0.151768, 0.158714, 0.164683)","(0.054563, 0.083128, 0.099725, 0.109799, 0.116924, 0.122576, 0.127425)",0.018854604069409624,0.13583559276802198,0.10126698708959989,59.11688668387277,0.925696109022413,"(0.075445, 0.108489, 0.127822, 0.140855, 0.150640, 0.158725, 0.165781)","(0.053801, 0.080879, 0.097205, 0.108102, 0.116368, 0.123242, 0.129273)",,,,,,,
,convlstm,epoch,66,0,ConvLSTM,14,7,./checkpoints/convlstm.pt,0.01855680027956817,0.13614224969402047,0.10129689976097421,61.58627309190466,0.9811679083616176,"(0.076704, 0.110954, 0.130370, 0.142285, 0.150776, 0.157579, 0.163310)","(0.054236, 0.082732, 0.099212, 0.109093, 0.116033, 0.121547, 0.126225)",0.01925718947313726,0.13764068244823388,0.1016503990228687,60.396240779331755,0.9248118592160088,"(0.075719, 0.109715, 0.129643, 0.142913, 0.152755, 0.160901, 0.168082)","(0.053711, 0.081213, 0.097709, 0.108656, 0.116850, 0.123680, 0.129734)",,,,,,,
,convlstm,epoch,67,0,ConvLSTM,14,7,./checkpoints/convlstm.pt,0.018575422391493585,0.13620341624031254,0.10134163554361526,61.58565868215358,0.9811596534353622,"(0.076618, 0.110961, 0.130380, 0.142374, 0.150902, 0.157674, 0.163415)","(0.054173, 0.082740, 0.099204, 0.109156, 0.116152, 0.121667, 0.126300)",0.02008363132232002,0.13992707404707158,0.10546544034566198,58.44216741834368,0.9197698937995094,"(0.076389, 0.111009, 0.131473, 0.145183, 0.155498, 0.164003, 0.171329)","(0.055321, 0.084125, 0.101428, 0.112785, 0.121397, 0.128522, 0.134680)",,,,,,,
,convlstm,epoch,68,0,ConvLSTM,14,7,./checkpoints/convlstm.pt,0.018801522272777683,0.1370205937784008,0.10204647770745957,61.72714667624616,0.9809630551236741,"(0.077010, 0.111446, 0.130995, 0.143057, 0.151796, 0.158793, 0.164692)","(0.054622, 0.083270, 0.099816, 0.109800, 0.116910, 0.122552, 0.127355)",0.019226302226473178,0.13706052995153836,0.10317416941480977,58.758182150977,0.9218619359391076,"(0.075640, 0.109508, 0.129373, 0.142458, 0.152114, 0.160040, 0.166910)","(0.054454, 0.082758, 0.099703, 0.110592, 0.118575, 0.125172, 0.130964)",,,,,,,
,convlstm,epoch,69,0,ConvLSTM,14,7,./checkpoints/convlstm.pt,0.0185599232369915,0.13613738460001423,0.10134418819971541,61.52021578524975,0.9811514933058556,"(0.076635, 0.110951, 0.130399, 0.142301, 0.150785, 0.157576, 0.163284)","(0.054206, 0.082749, 0.099248, 0.109164, 0.116144, 0.121627, 0.126271)",0.01909964601509273,0.1368300967982837,0.10145312600902148,57.95126380239214,0.9273726620844432,"(0.074907, 0.108429, 0.128215, 0.141685, 0.151904, 0.160440, 0.168005)","(0.053261, 0.080656, 0.097179, 0.108265, 0.116726, 0.123861, 0.130223)",,,,,,,
,convlstm,epoch,70,0,ConvLSTM,14,7,./checkpoints/convlstm.pt,0.01868734713841943,0.1366311302376861,0.10171632754041794,61.58506923026227,0.9810275270583781,"(0.076791, 0.111203, 0.130690, 0.142698, 0.151325, 0.158254, 0.164189)","(0.054397, 0.083023, 0.099526, 0.109489, 0.116510, 0.122125, 0.126944)",0.020100573244105493,0.13983593029635294,0.10559045975761754,57.40478140967233,0.9170995333365032,"(0.076374, 0.111328, 0.131973, 0.145357, 0.155254, 0.163476, 0.170729)","(0.055513, 0.084904, 0.102382, 0.113267, 0.121263, 0.127937, 0.133868)",,,,,,,
,convlstm,epoch,71,0,ConvLSTM,14,7,./checkpoints/convlstm.pt,0.018484250226236405,0.13586737927873052,0.10109384619492165,61.380429896902534,0.9812318324408633,"(0.076535, 0.110767, 0.130120, 0.141973, 0.150466, 0.157237, 0.163017)","(0.054131, 0.082589, 0.099054, 0.108891, 0.115801, 0.121254, 0.125937)",0.01900316488796047,0.13625076040625572,0.10250949620136193,58.100827183042256,0.923674864428384,"(0.075508, 0.109456, 0.129113, 0.141783, 0.151089, 0.158726, 0.165364)","(0.054431, 0.082770, 0.099444, 0.109898, 0.117574, 0.123924, 0.129525)",,,,,,,
,convlstm,epoch,72,0,ConvLSTM,14,7,./checkpoints/convlstm.pt,0.018352184989588693,0.13535766554966408,0.10073079771183907,61.32320178823268,0.9813705089878528,"(0.076282, 0.110525, 0.129766, 0.141558, 0.149928, 0.156563, 0.162114)","(0.053920, 0.082397, 0.098754, 0.108566, 0.115389, 0.120773, 0.125317)",0.019230687342184995,0.13715456426143646,0.10184334245111261,58.13986546652658,0.9275779404810497,"(0.075570, 0.109342, 0.129092, 0.142313, 0.152200, 0.160398, 0.167579)","(0.053803, 0.081359, 0.097828, 0.108785, 0.117060, 0.123986, 0.130083)",,,,,,,
,convlstm,epoch,73,1,ConvLSTM,14,7,./checkpoints/convlstm.pt,0.018354796507257097,0.13538321357034244,0.1007291335374751,61.246193804639454,0.9814208115034915,"(0.076342, 0.110594, 0.129864, 0.141520, 0.149838, 0.156528, 0.162249)","(0.053996, 0.082483, 0.098788, 0.108474, 0.115306, 0.120714, 0.125343)",0.01860656474517392,0.13516155364257948,0.1004085945231574,60.6701956817082,0.9281762221029827,"(0.074398, 0.107674, 0.127123, 0.140206, 0.150029, 0.158113, 0.165132)","(0.052915, 0.080174, 0.096484, 0.107302, 0.115505, 0.122281, 0.128199)",,,,,,,
,convlstm,epoch,74,0,ConvLSTM,14,7,./checkpoints/convlstm.pt,0.01827657841978238,0.13512042624478407,0.10049866742276131,61.20990075456335,0.9814761645616369,"(0.076104, 0.110361, 0.129579, 0.141254, 0.149575, 0.156291, 0.161936)","(0.053750, 0.082253, 0.098561, 0.108273, 0.115086, 0.120519, 0.125049)",0.019258527949984585,0.13764861385737145,0.1021057553589344,62.69079841886248,0.9248952248266765,"(0.075418, 0.109271, 0.129099, 0.142524, 0.152731, 0.161287, 0.168869)","(0.053616, 0.081076, 0.097634, 0.108849, 0.117489, 0.124793, 0.131283)",,,,,,,
,convlstm,epoch,75,0,ConvLSTM,14,7,./checkpoints/convlstm.pt,0.018273063974970197,0.13510976832291322,0.10049306220830755,61.18054205306033,0.9814450138426841,"(0.075957, 0.110367, 0.129627, 0.141350, 0.149655, 0.156206, 0.161814)","(0.053665, 0.082269, 0.098587, 0.108342, 0.115133, 0.120438, 0.125018)",0.019481685079102005,0.13770766210343158,0.10354336404374667,57.77834289414542,0.9205172913415092,"(0.075493, 0.109689, 0.129564, 0.142837, 0.152850, 0.161146, 0.168357)","(0.054475, 0.082919, 0.099738, 0.110718, 0.119042, 0.125939, 0.131973)",,,,,,,
,convlstm,epoch,76,0,ConvLSTM,14,7,./checkpoints/convlstm.pt,0.018273308164776958,0.13508722518739427,0.10049935755260447,61.0703549689435,0.9814366872640367,"(0.075863, 0.110250, 0.129539, 0.141243, 0.149639, 0.156292, 0.161915)","(0.053592, 0.082215, 0.098564, 0.108284, 0.115172, 0.120558, 0.125111)",0.019649268011562526,0.1383276762706893,0.10426957878683295,56.040925059999736,0.9189928344317845,"(0.075594, 0.110287, 0.130518, 0.143720, 0.153552, 0.161702, 0.168826)","(0.054658, 0.083696, 0.100860, 0.111762, 0.119863, 0.126572, 0.132477)",,,,,,,
,convlstm,epoch,77,0,ConvLSTM,14,7,./checkpoints/convlstm.pt,0.01830157550408485,0.1351932669627502,0.10059617055540389,61.07109903781972,0.9814761544161654,"(0.076105, 0.110434, 0.129656, 0.141400, 0.149708, 0.156315, 0.161950)","(0.053890, 0.082409, 0.098657, 0.108402, 0.115175, 0.120538, 0.125103)",0.019025534208464836,0.13658706338277884,0.10091612142111574,58.24097902434213,0.9273766598531178,"(0.074855, 0.108585, 0.128341, 0.141660, 0.151670, 0.159930, 0.167128)","(0.053119, 0.080427, 0.096812, 0.107777, 0.116114, 0.123050, 0.129114)",,,,,,,
,convlstm,epoch,78,1,ConvLSTM,14,7,./checkpoints/convlstm.pt,0.018191635697842278,0.13479960811408945,0.10028057299712871,61.01185021501907,0.9815437444981109,"(0.075895, 0.110207, 0.129425, 0.141057, 0.149242, 0.155791, 0.161330)","(0.053658, 0.082202, 0.098459, 0.108091, 0.114782, 0.120127, 0.124644)",0.018313961369650706,0.1340887402849538,0.0991421030568225,59.564857312611174,0.9290448661361422,"(0.074336, 0.107670, 0.126733, 0.139349, 0.148699, 0.156358, 0.162980)","(0.052704, 0.079744, 0.095600, 0.106027, 0.113827, 0.120266, 0.125827)",,,,,,,
,convlstm,epoch,79,0,ConvLSTM,14,7,./checkpoints/convlstm.pt,0.0182785596748061,0.13512071277891594,0.10057855258755227,61.09355394890968,0.9814022481441498,"(0.076060, 0.110474, 0.129635, 0.141270, 0.149583, 0.156230, 0.161855)","(0.053837, 0.082465, 0.098704, 0.108346, 0.115132, 0.120501, 0.125065)",0.01863608748785087,0.13495847236897265,0.10052785303975854,57.72495893069676,0.9272276759147644,"(0.074678, 0.108259, 0.127596, 0.140306, 0.149724, 0.157420, 0.164029)","(0.053349, 0.080939, 0.097153, 0.107606, 0.115428, 0.121847, 0.127373)",,,,,,,
,convlstm,epoch,80,0,ConvLSTM,14,7,./checkpoints/convlstm.pt,0.018203971223866054,0.13483917456789168,0.10035990535261784,60.994614946081285,0.9815104857404181,"(0.076052, 0.110320, 0.129452, 0.141001, 0.149203, 0.155823, 0.161459)","(0.053764, 0.082300, 0.098536, 0.108131, 0.114844, 0.120208, 0.124736)",0.018957682718921984,0.13636611721345357,0.1012440353099789,63.02137521335057,0.9266307758433479,"(0.075083, 0.108575, 0.128019, 0.141216, 0.151275, 0.159662, 0.167006)","(0.053638, 0.080862, 0.097039, 0.107930, 0.116328, 0.123379, 0.129533)",,,,,,,
,convlstm,epoch,81,0,ConvLSTM,14,7,./checkpoints/convlstm.pt,0.01819889722986424,0.13481214681040204,0.10032659705649032,60.89591352990333,0.9815628630049685,"(0.075962, 0.110267, 0.129421, 0.141014, 0.149274, 0.155818, 0.161321)","(0.053717, 0.082240, 0.098484, 0.108108, 0.114893, 0.120198, 0.124647)",0.01979428804146924,0.1391404526574271,0.10370279449437346,60.84817034857614,0.9261046243565423,"(0.075072, 0.109827, 0.130367, 0.144280, 0.154762, 0.163417, 0.170943)","(0.053901, 0.082545, 0.099662, 0.110982, 0.119500, 0.126584, 0.132747)",,,,,,,
,convlstm,epoch,82,0,ConvLSTM,14,7,./checkpoints/convlstm.pt,0.01821139973013642,0.13485858539231435,0.10038523114425071,60.8832234524666,0.9815646565340935,"(0.076035, 0.110370, 0.129528, 0.141117, 0.149322, 0.155808, 0.161271)","(0.053829, 0.082389, 0.098593, 0.108197, 0.114923, 0.120175, 0.124591)",0.01867615373339504,0.13520528748631477,0.10047689133456775,61.010426316942485,0.9277223433767047,"(0.074380, 0.108094, 0.127459, 0.140337, 0.149969, 0.157949, 0.165008)","(0.053137, 0.080887, 0.097014, 0.107473, 0.115285, 0.121841, 0.127701)",,,,,,,
,convlstm,epoch,83,1,ConvLSTM,14,7,./checkpoints/convlstm.pt,0.018008011576541243,0.1341057466111572,0.09979832255618369,60.779615564549225,0.9817203796924429,"(0.075682, 0.109888, 0.128839, 0.140328, 0.148450, 0.154890, 0.160297)","(0.053464, 0.081942, 0.098021, 0.107574, 0.114260, 0.119474, 0.123853)",0.018169882358051836,0.13339483764554774,0.09861353571925845,58.341868945530486,0.9295311186994825,"(0.073869, 0.107003, 0.126014, 0.138637, 0.147978, 0.155585, 0.162170)","(0.052456, 0.079502, 0.095256, 0.105525, 0.113164, 0.119447, 0.124945)",,,,,,,
,convlstm,epoch,84,0,ConvLSTM,14,7,./checkpoints/convlstm.pt,0.018111239568865362,0.1344921260912447,0.10008402180639987,60.73584361786538,0.9816375022872965,"(0.075806, 0.110095, 0.129138, 0.140674, 0.148879, 0.155395, 0.160932)","(0.053628, 0.082137, 0.098284, 0.107861, 0.114548, 0.119832, 0.124296)",0.018333516333119144,0.13392609171569347,0.0994654018431902,60.2456944669996,0.929109479699816,"(0.074054, 0.107341, 0.126431, 0.139094, 0.148562, 0.156312, 0.163002)","(0.052707, 0.079934, 0.095903, 0.106354, 0.114231, 0.120740, 0.126390)",,,,,,,
,convlstm,epoch,85,0,ConvLSTM,14,7,./checkpoints/convlstm.pt,0.01812424329902105,0.1345347469476056,0.10018036248994634,60.83716709055799,0.9815927223956331,"(0.075709, 0.110027, 0.129193, 0.140726, 0.148925, 0.155494, 0.161049)","(0.053581, 0.082142, 0.098371, 0.107918, 0.114672, 0.120041, 0.124537)",0.01984406009848629,0.13932221569120884,0.10518158227205276,55.20202456201826,0.9193786765847888,"(0.077094, 0.111346, 0.131040, 0.144295, 0.154427, 0.162893, 0.170364)","(0.056378, 0.084705, 0.101176, 0.112083, 0.120497, 0.127568, 0.133863)",,,,,,,
,convlstm,epoch,86,0,ConvLSTM,14,7,./checkpoints/convlstm.pt,0.018224462827152395,0.1349162754872174,0.10048838704824448,60.925670664361185,0.9815226387470326,"(0.076034, 0.110422, 0.129550, 0.141148, 0.149316, 0.155915, 0.161455)","(0.053897, 0.082466, 0.098645, 0.108256, 0.114960, 0.120345, 0.124850)",0.018748548480549028,0.135304899087974,0.10090500409049648,57.16710277966091,0.9258687985794885,"(0.074572, 0.108337, 0.127799, 0.140623, 0.150140, 0.157931, 0.164669)","(0.053418, 0.081202, 0.097470, 0.107983, 0.115869, 0.122381, 0.128013)",,,,,,,
,convlstm,epoch,87,0,ConvLSTM,14,7,./checkpoints/convlstm.pt,0.017976398208238025,0.13399237614702644,0.09971262197545235,60.65261810383898,0.9817481231182179,"(0.075797, 0.110014, 0.128833, 0.140211, 0.148242, 0.154647, 0.160041)","(0.053637, 0.082094, 0.098016, 0.107445, 0.114014, 0.119209, 0.123573)",0.018378193440314914,0.1340403812272208,0.10005154088139534,57.56617965017046,0.9268169147627694,"(0.074300, 0.107823, 0.126846, 0.139337, 0.148620, 0.156205, 0.162733)","(0.053196, 0.080798, 0.096743, 0.107029, 0.114761, 0.121144, 0.126691)",,,,,,,
,convlstm,epoch,88,0,ConvLSTM,14,7,./checkpoints/convlstm.pt,0.017860183938148807,0.13357458882245143,0.09939886122307878,60.555417730453165,0.9819063769376024,"(0.075497, 0.109663, 0.128584, 0.139903, 0.147860, 0.154056, 0.159376)","(0.053364, 0.081801, 0.097820, 0.107203, 0.113725, 0.118789, 0.123088)",0.01861588390810149,0.1349704965416874,0.10042291320860386,57.60141256877354,0.928894681589944,"(0.074550, 0.108262, 0.127523, 0.140253, 0.149748, 0.157498, 0.164166)","(0.053283, 0.080808, 0.096888, 0.107384, 0.115323, 0.121837, 0.127438)",,,,,,,
,convlstm,epoch,89,1,ConvLSTM,14,7,./checkpoints/convlstm.pt,0.01785883334207725,0.1335532046521217,0.09939733218956501,60.458296268544295,0.9818483892273395,"(0.075451, 0.109683, 0.128544, 0.139846, 0.147749, 0.154066, 0.159415)","(0.053338, 0.081829, 0.097792, 0.107188, 0.113687, 0.118815, 0.123133)",0.018149547561603998,0.13330054389578955,0.09883228263684682,57.90453331811087,0.9290598524468285,"(0.073646, 0.106951, 0.126024, 0.138658, 0.147960, 0.155456, 0.161872)","(0.052228, 0.079323, 0.095296, 0.105819, 0.113664, 0.120023, 0.125473)",,,,,,,
,convlstm,epoch,90,0,ConvLSTM,14,7,./checkpoints/convlstm.pt,0.017843807081473952,0.13348653791088022,0.09931430589169898,60.3509074069084,0.9819045995778226,"(0.075365, 0.109653, 0.128564, 0.139820, 0.147702, 0.153961, 0.159241)","(0.053262, 0.081776, 0.097777, 0.107124, 0.113599, 0.118678, 0.122985)",0.018587234064138362,0.13483688182064466,0.10092664882540703,59.87133942331587,0.9265019084726062,"(0.074436, 0.108415, 0.127758, 0.140297, 0.149586, 0.157133, 0.163610)","(0.053583, 0.081705, 0.097895, 0.108117, 0.115746, 0.122012, 0.127428)",,,,,,,
,convlstm,epoch,91,0,ConvLSTM,14,7,./checkpoints/convlstm.pt,0.017841080233375443,0.13350597865316158,0.09931355766317945,60.51509506144422,0.9818978880314116,"(0.075323, 0.109620, 0.128517, 0.139797, 0.147759, 0.154037, 0.159325)","(0.053261, 0.081793, 0.097770, 0.107120, 0.113595, 0.118683, 0.122974)",0.01879142314594771,0.1353083702602557,0.10151046753994056,56.596058573041645,0.9241844011204583,"(0.074412, 0.108621, 0.128239, 0.140867, 0.150120, 0.157690, 0.164293)","(0.053385, 0.081849, 0.098508, 0.108946, 0.116596, 0.122891, 0.128398)",,,,,,,
,convlstm,epoch,92,0,ConvLSTM,14,7,./checkpoints/convlstm.pt,0.017819234868511558,0.13340564020993906,0.09928395876542051,60.505490546530865,0.9819340062268237,"(0.075212, 0.109510, 0.128400, 0.139695, 0.147645, 0.153920, 0.159270)","(0.053158, 0.081684, 0.097680, 0.107074, 0.113596, 0.118717, 0.123080)",0.01827989432162472,0.13379051217011043,0.09896956091480595,58.968878507614136,0.9295593074389866,"(0.073605, 0.107204, 0.126421, 0.139111, 0.148504, 0.156136, 0.162724)","(0.052256, 0.079540, 0.095511, 0.105934, 0.113734, 0.120127, 0.125685)",,,,,,,
,convlstm,epoch,93,0,ConvLSTM,14,7,./checkpoints/convlstm.pt,0.017709080471677033,0.1329914333741386,0.09895552829542059,60.25101440510851,0.982044518945065,"(0.075158, 0.109419, 0.128215, 0.139375, 0.147122, 0.153287, 0.158450)","(0.053129, 0.081599, 0.097507, 0.106773, 0.113147, 0.118170, 0.122365)",0.018332884746736715,0.1341329033353499,0.09898650193853038,59.632002694266184,0.9287175472293582,"(0.073435, 0.107146, 0.126498, 0.139378, 0.148943, 0.156729, 0.163470)","(0.052037, 0.079397, 0.095440, 0.105974, 0.113841, 0.120308, 0.125909)",,,,,,,
,convlstm,epoch,94,0,ConvLSTM,14,7,./checkpoints/convlstm.pt,0.017998498141210763,0.13405151171412,0.09987554501028771,60.47463374442243,0.9817243900070799,"(0.075608, 0.109927, 0.128825, 0.140284, 0.148371, 0.154751, 0.160213)","(0.053573, 0.082148, 0.098161, 0.107642, 0.114279, 0.119448, 0.123878)",0.018387555593757758,0.13409220799803734,0.09969073507402625,57.71698307991028,0.9286991038492748,"(0.074093, 0.107694, 0.126869, 0.139478, 0.148820, 0.156362, 0.162782)","(0.052808, 0.080252, 0.096314, 0.106732, 0.114538, 0.120889, 0.126303)",,,,,,,
,convlstm,epoch,95,0,ConvLSTM,14,7,./checkpoints/convlstm.pt,0.017791946676183255,0.13328880760147505,0.09927350805794939,60.42010021209717,0.9819592522813919,"(0.075356, 0.109588, 0.128394, 0.139627, 0.147461, 0.153683, 0.158928)","(0.053331, 0.081825, 0.097747, 0.107084, 0.113527, 0.118578, 0.122823)",0.018404682482858852,0.1340422390827111,0.09987932949193887,57.13493023599897,0.9278556342635836,"(0.073985, 0.107630, 0.126779, 0.139342, 0.148687, 0.156306, 0.162905)","(0.052795, 0.080382, 0.096485, 0.106897, 0.114730, 0.121150, 0.126716)",,,,,,,
,convlstm,epoch,96,0,ConvLSTM,14,7,./checkpoints/convlstm.pt,0.01771305720420911,0.13300185303650577,0.09898332633236621,60.300760877893325,0.982044942201452,"(0.075129, 0.109420, 0.128223, 0.139358, 0.147189, 0.153311, 0.158484)","(0.053113, 0.081608, 0.097536, 0.106791, 0.113218, 0.118198, 0.122419)",0.02032445407738643,0.14099628611334733,0.10655001657349723,58.05414588110788,0.9174964066062655,"(0.076552, 0.111836, 0.132411, 0.146216, 0.156696, 0.165317, 0.172795)","(0.056072, 0.085372, 0.102617, 0.113915, 0.122520, 0.129605, 0.135749)",,,,,,,
,convlstm,epoch,97,0,ConvLSTM,14,7,./checkpoints/convlstm.pt,0.017742172492905817,0.133106050379435,0.09912091996917065,60.34629237398188,0.9820010284794137,"(0.075190, 0.109421, 0.128242, 0.139419, 0.147247, 0.153473, 0.158763)","(0.053187, 0.081653, 0.097616, 0.106911, 0.113383, 0.118428, 0.122670)",0.01853040642371135,0.13476062299949781,0.0995187099490847,60.218886205128264,0.9287695671830859,"(0.073693, 0.107629, 0.127094, 0.140070, 0.149707, 0.157522, 0.164215)","(0.052405, 0.079946, 0.096021, 0.106553, 0.114434, 0.120886, 0.126386)",,,,,,,
,convlstm,epoch,98,1,ConvLSTM,14,7,./checkpoints/convlstm.pt,0.017692927885404292,0.1329149543553681,0.09893033526679303,60.21799292462937,0.9820516176046209,"(0.075086, 0.109431, 0.128178, 0.139317, 0.147035, 0.153154, 0.158323)","(0.053077, 0.081633, 0.097524, 0.106758, 0.113110, 0.118116, 0.122296)",0.01807189915728356,0.1329081210174731,0.09869744096483503,57.94731729371207,0.9297555961779186,"(0.073748, 0.107138, 0.126024, 0.138362, 0.147436, 0.154725, 0.160909)","(0.052623, 0.079921, 0.095666, 0.105751, 0.113228, 0.119281, 0.124412)",,,,,,,
,convlstm,epoch,99,0,ConvLSTM,14,7,./checkpoints/convlstm.pt,0.017640096615960308,0.13273930271742299,0.09878020087613705,60.22196116345994,0.982112742484884,"(0.075062, 0.109314, 0.127988, 0.139057, 0.146813, 0.152977, 0.158146)","(0.053086, 0.081555, 0.097365, 0.106560, 0.112900, 0.117892, 0.122102)",0.01851509787541415,0.134660221104111,0.09963024460843631,58.452144384384155,0.929055888737951,"(0.073798, 0.107499, 0.126896, 0.139846, 0.149527, 0.157419, 0.164240)","(0.052334, 0.079608, 0.095777, 0.106522, 0.114679, 0.121361, 0.127131)",,,,,,,
,convlstm,epoch,100,0,ConvLSTM,14,7,./checkpoints/convlstm.pt,0.017722958515576544,0.13303443278690757,0.09911350168763323,60.23293919258929,0.9820019545707297,"(0.075373, 0.109572, 0.128287, 0.139371, 0.147153, 0.153250, 0.158470)","(0.053404, 0.081865, 0.097665, 0.106871, 0.113274, 0.118236, 0.122480)",0.018499548796431294,0.13472383495952403,0.10003518765526158,60.93825282369341,0.9287195035389492,"(0.074080, 0.107891, 0.127155, 0.139944, 0.149508, 0.157325, 0.164071)","(0.052851, 0.080423, 0.096466, 0.107005, 0.114948, 0.121465, 0.127089)",,,,,,,
,convlstm,epoch,101,0,ConvLSTM,14,7,./checkpoints/convlstm.pt,0.017601777512104587,0.13258834290636876,0.09872115498527567,60.10619307578878,0.9821353767146456,"(0.075087, 0.109253, 0.127909, 0.138971, 0.146621, 0.152722, 0.157858)","(0.053110, 0.081546, 0.097347, 0.106520, 0.112801, 0.117769, 0.121954)",0.01895128544752619,0.13604060028280532,0.10109928942152432,58.23006347247532,0.9275816082954407,"(0.074969, 0.108902, 0.128349, 0.141294, 0.150988, 0.158898, 0.165708)","(0.053671, 0.081218, 0.097393, 0.108067, 0.116145, 0.122758, 0.128442)",,,,,,,
,convlstm,epoch,102,0,ConvLSTM,14,7,./checkpoints/convlstm.pt,0.017512299863502702,0.13225578088929815,0.09845878409736968,60.00867196346851,0.9822241508580268,"(0.074943, 0.109100, 0.127669, 0.138626, 0.146254, 0.152305, 0.157313)","(0.052988, 0.081404, 0.097130, 0.106213, 0.112498, 0.117455, 0.121524)",0.01822090830786952,0.13352425609316146,0.09906004661960262,58.280029262815205,0.9287760513169425,"(0.074336, 0.107686, 0.126583, 0.138962, 0.148073, 0.155396, 0.161654)","(0.052913, 0.079959, 0.095780, 0.106053, 0.113692, 0.119872, 0.125152)",,,,,,,
,convlstm,epoch,103,0,ConvLSTM,14,7,./checkpoints/convlstm.pt,0.017561799247174503,0.13244548734830344,0.09862643242516417,60.14891975483996,0.9821824006577755,"(0.074933, 0.109147, 0.127721, 0.138812, 0.146491, 0.152583, 0.157708)","(0.052970, 0.081433, 0.097191, 0.106424, 0.112777, 0.117719, 0.121871)",0.018645461349348937,0.13530963446412766,0.09952519301857267,60.18771876607622,0.9256703449147088,"(0.074099, 0.108515, 0.128147, 0.140941, 0.150286, 0.157787, 0.164229)","(0.052585, 0.080293, 0.096422, 0.106788, 0.114359, 0.120479, 0.125750)",,,,,,,
,convlstm,epoch,104,0,ConvLSTM,14,7,./checkpoints/convlstm.pt,0.017679239167494976,0.13285364924166845,0.09899733861551639,60.13844345985575,0.982073315597595,"(0.075128, 0.109439, 0.128114, 0.139225, 0.146963, 0.153057, 0.158259)","(0.053218, 0.081768, 0.097571, 0.106790, 0.113181, 0.118120, 0.122333)",0.018418190252434994,0.13409681964133466,0.10010445171168872,57.35341092518398,0.9273694689784732,"(0.074116, 0.108153, 0.127366, 0.139707, 0.148699, 0.155999, 0.162340)","(0.053131, 0.081238, 0.097302, 0.107369, 0.114731, 0.120817, 0.126142)",,,,,,,
,convlstm,epoch,105,0,ConvLSTM,14,7,./checkpoints/convlstm.pt,0.01742226397123267,0.1319210806044612,0.09819752084923551,59.84768009185791,0.9822831955995965,"(0.074854, 0.108924, 0.127375, 0.138295, 0.145860, 0.151828, 0.156871)","(0.052897, 0.081261, 0.096897, 0.105976, 0.112213, 0.117045, 0.121094)",0.0185068275480132,0.13442786011312688,0.10029892836298261,57.762558698654175,0.9280604720115662,"(0.073759, 0.107798, 0.127205, 0.139896, 0.149253, 0.156829, 0.163317)","(0.052621, 0.080599, 0.096960, 0.107510, 0.115360, 0.121780, 0.127263)",,,,,,,
,convlstm,epoch,106,0,ConvLSTM,14,7,./checkpoints/convlstm.pt,0.01759964229657929,0.13257798434859214,0.09880884431619594,59.94966253321221,0.9821825633023648,"(0.075155, 0.109380, 0.127945, 0.138885, 0.146558, 0.152685, 0.157823)","(0.053270, 0.081748, 0.097446, 0.106518, 0.112861, 0.117829, 0.121990)",0.019142678173791085,0.13696012885442801,0.10229494821812425,62.19287020819528,0.9250454966511045,"(0.074071, 0.108773, 0.128850, 0.142225, 0.152279, 0.160464, 0.167487)","(0.052992, 0.081471, 0.098346, 0.109492, 0.117968, 0.124941, 0.130853)",,,,,,,
,convlstm,epoch,107,1,ConvLSTM,14,7,./checkpoints/convlstm.pt,0.017383505996475195,0.13176609283030982,0.09809236196761435,59.85415679850477,0.9824044162288625,"(0.074732, 0.108827, 0.127277, 0.138138, 0.145693, 0.151654, 0.156658)","(0.052788, 0.081151, 0.096800, 0.105863, 0.112085, 0.116945, 0.121015)",0.01804767582299454,0.1328024659305811,0.09880312691841807,59.711929661887034,0.9293254911899567,"(0.073260, 0.106807, 0.125801, 0.138279, 0.147427, 0.154742, 0.160933)","(0.052177, 0.079629, 0.095551, 0.105894, 0.113563, 0.119777, 0.125031)",,,,,,,
,convlstm,epoch,108,0,ConvLSTM,14,7,./checkpoints/convlstm.pt,0.01737582836636996,0.13173175796490683,0.09811699739161958,59.83526580891711,0.9824008180740031,"(0.074765, 0.108890, 0.127324, 0.138128, 0.145611, 0.151517, 0.156526)","(0.052877, 0.081248, 0.096873, 0.105891, 0.112071, 0.116902, 0.120957)",0.018356221777919148,0.13414024135896138,0.09932876963700567,60.62229973929269,0.92877068902765,"(0.073222, 0.107186, 0.126593, 0.139499, 0.149051, 0.156743, 0.163299)","(0.051965, 0.079569, 0.095775, 0.106444, 0.114398, 0.120844, 0.126306)",,,,,,,
,convlstm,epoch,109,0,ConvLSTM,14,7,./checkpoints/convlstm.pt,0.017353595001623034,0.13166113407316482,0.09804331657892847,59.798115649121875,0.9824205709898726,"(0.074769, 0.108866, 0.127245, 0.138060, 0.145523, 0.151451, 0.156441)","(0.052843, 0.081217, 0.096822, 0.105815, 0.111984, 0.116789, 0.120832)",0.01822396630554327,0.13353677705994674,0.09904014877974987,61.3776581627982,0.9297673319067273,"(0.073414, 0.107248, 0.126392, 0.138995, 0.148265, 0.155714, 0.162068)","(0.052335, 0.079897, 0.095838, 0.106159, 0.113807, 0.119998, 0.125247)",,,,,,,
,convlstm,epoch,110,0,ConvLSTM,14,7,./checkpoints/convlstm.pt,0.017289618778220835,0.13141204149902425,0.09791451855067243,59.76831298178815,0.982484333058621,"(0.074643, 0.108738, 0.127131, 0.137878, 0.145283, 0.151057, 0.155944)","(0.052776, 0.081151, 0.096774, 0.105745, 0.111867, 0.116565, 0.120523)",0.018556615853283023,0.13472839710967882,0.10040736278252942,59.87974463190351,0.9277529056583133,"(0.073350, 0.107619, 0.127177, 0.140117, 0.149738, 0.157471, 0.164052)","(0.052418, 0.080577, 0.096975, 0.107596, 0.115583, 0.122096, 0.127607)",,,,,,,
,convlstm,epoch,111,0,ConvLSTM,14,7,./checkpoints/convlstm.pt,0.017309793147278277,0.13148912550057723,0.09792983995631654,59.751871656864246,0.9824344052913341,"(0.074585, 0.108766, 0.127150, 0.137909, 0.145356, 0.151185, 0.156184)","(0.052715, 0.081126, 0.096742, 0.105710, 0.111852, 0.116629, 0.120735)",0.018518485860633,0.1345244369336537,0.10023428872227669,54.81801152229309,0.9273995012044907,"(0.073712, 0.108017, 0.127422, 0.140036, 0.149323, 0.156863, 0.163348)","(0.052761, 0.080919, 0.097102, 0.107448, 0.115131, 0.121432, 0.126848)",,,,,,,
,convlstm,epoch,112,0,ConvLSTM,14,7,./checkpoints/convlstm.pt,0.017424244572349052,0.13192098247535552,0.09831518965198639,59.7728258701081,0.9823030670906635,"(0.074779, 0.108973, 0.127428, 0.138248, 0.145804, 0.151855, 0.156896)","(0.052934, 0.081377, 0.097027, 0.106063, 0.112299, 0.117213, 0.121293)",0.018538897092054998,0.13458889456731932,0.0988751868052142,58.96125899042402,0.9281367787293026,"(0.073714, 0.107890, 0.127238, 0.139997, 0.149433, 0.157076, 0.163657)","(0.052256, 0.079701, 0.095563, 0.105911, 0.113584, 0.119855, 0.125256)",,,,,,,
,convlstm,epoch,113,1,ConvLSTM,14,7,./checkpoints/convlstm.pt,0.017300650665655413,0.13144891635102512,0.09790157986448166,59.688591206327395,0.9824683016284983,"(0.074572, 0.108712, 0.127056, 0.137816, 0.145295, 0.151224, 0.156190)","(0.052715, 0.081133, 0.096678, 0.105627, 0.111820, 0.116655, 0.120683)",0.017965133235390698,0.13256567077977316,0.09817776243601527,58.34945069040571,0.930264704993793,"(0.073133, 0.106742, 0.125641, 0.138051, 0.147134, 0.154410, 0.160588)","(0.051919, 0.079186, 0.094949, 0.105208, 0.112809, 0.118969, 0.124205)",,,,,,,
,convlstm,epoch,114,0,ConvLSTM,14,7,./checkpoints/convlstm.pt,0.017284859883341382,0.13138576016455508,0.09793444500958666,59.7249287138594,0.9824969086875307,"(0.074685, 0.108755, 0.127040, 0.137760, 0.145223, 0.151047, 0.156046)","(0.052862, 0.081230, 0.096742, 0.105678, 0.111821, 0.116594, 0.120614)",0.018186476098240485,0.13340748154691287,0.09922830920134272,57.944051776613506,0.9290734593357358,"(0.073229, 0.107166, 0.126358, 0.138913, 0.148136, 0.155534, 0.161829)","(0.052279, 0.080086, 0.096146, 0.106425, 0.114013, 0.120193, 0.125457)",,,,,,,
,convlstm,epoch,115,0,ConvLSTM,14,7,./checkpoints/convlstm.pt,0.01723899476309406,0.13122733591825456,0.09777959499587403,59.54103715369042,0.9825306503062553,"(0.074579, 0.108668, 0.126904, 0.137579, 0.145024, 0.150894, 0.155792)","(0.052744, 0.081120, 0.096611, 0.105523, 0.111635, 0.116411, 0.120412)",0.018015703884884715,0.1327097365366561,0.09824615504060473,60.592515979494365,0.9300186740500587,"(0.073158, 0.106695, 0.125619, 0.138096, 0.147308, 0.154695, 0.160987)","(0.051953, 0.079230, 0.095021, 0.105271, 0.112888, 0.119056, 0.124304)",,,,,,,
,convlstm,epoch,116,0,ConvLSTM,14,7,./checkpoints/convlstm.pt,0.01721300962975526,0.1311286446109761,0.09769774890167916,59.65620237715701,0.9825277794548806,"(0.074530, 0.108657, 0.126814, 0.137485, 0.144900, 0.150754, 0.155644)","(0.052716, 0.081107, 0.096515, 0.105376, 0.111521, 0.116332, 0.120316)",0.01844317010337753,0.1343649492732116,0.10026761862848486,61.247289589473176,0.9288087423358645,"(0.073836, 0.107848, 0.127016, 0.139606, 0.149018, 0.156759, 0.163560)","(0.053021, 0.081009, 0.096978, 0.107265, 0.115001, 0.121451, 0.127147)",,,,,,,
,convlstm,epoch,117,0,ConvLSTM,14,7,./checkpoints/convlstm.pt,0.017209286955086157,0.13111116020204946,0.09772470545895556,59.644402077857485,0.9825216265434914,"(0.074532, 0.108581, 0.126837, 0.137504, 0.144853, 0.150694, 0.155681)","(0.052706, 0.081055, 0.096561, 0.105443, 0.111550, 0.116338, 0.120421)",0.018691877352206836,0.13515502959489822,0.10089035651513509,57.3592438016619,0.9262150249310902,"(0.073606, 0.108822, 0.128613, 0.140997, 0.149975, 0.157311, 0.163756)","(0.052973, 0.082233, 0.098736, 0.108546, 0.115599, 0.121481, 0.126664)",,,,,,,
,convlstm,epoch,118,0,ConvLSTM,14,7,./checkpoints/convlstm.pt,0.01712115502797384,0.13076111210082522,0.09747488479664985,59.531493897133686,0.982653944099203,"(0.074428, 0.108470, 0.126596, 0.137138, 0.144399, 0.150254, 0.155107)","(0.052627, 0.080946, 0.096367, 0.105200, 0.111223, 0.116005, 0.119955)",0.018403580212699517,0.13418002958808625,0.09928304329514503,60.53622126579285,0.9291654867785317,"(0.073265, 0.107449, 0.126845, 0.139671, 0.149106, 0.156654, 0.163094)","(0.052110, 0.079885, 0.095995, 0.106486, 0.114213, 0.120474, 0.125818)",,,,,,,
,convlstm,epoch,119,0,ConvLSTM,14,7,./checkpoints/convlstm.pt,0.01718860293956513,0.13104243996136694,0.09770456249726579,59.47691824081096,0.9825292778141955,"(0.074484, 0.108629, 0.126855, 0.137503, 0.144802, 0.150582, 0.155386)","(0.052715, 0.081145, 0.096611, 0.105489, 0.111525, 0.116269, 0.120177)",0.018232774421838776,0.13350619162831986,0.09874090392674718,60.335276297160554,0.930113075034959,"(0.073147, 0.107216, 0.126433, 0.139043, 0.148287, 0.155676, 0.161977)","(0.052061, 0.079740, 0.095647, 0.105915, 0.113462, 0.119575, 0.124787)",,,,,,,
,convlstm,epoch,120,0,ConvLSTM,14,7,./checkpoints/convlstm.pt,0.01716256313065582,0.13093292814604884,0.09762765399794629,59.46596872045639,0.9825787068681514,"(0.074520, 0.108613, 0.126787, 0.137317, 0.144611, 0.150400, 0.155330)","(0.052774, 0.081149, 0.096565, 0.105339, 0.111367, 0.116103, 0.120097)",0.018907826343950416,0.13593476372105734,0.1007636875978538,56.65470964568002,0.9281655826738903,"(0.075134, 0.109318, 0.128757, 0.141433, 0.150799, 0.158387, 0.164957)","(0.053810, 0.081442, 0.097459, 0.107821, 0.115561, 0.121872, 0.127381)",,,,,,,
,convlstm,epoch,121,0,ConvLSTM,14,7,./checkpoints/convlstm.pt,0.016981823498660578,0.13024276692458192,0.09707477593675573,59.36699041407159,0.9827641746465196,"(0.074304, 0.108295, 0.126282, 0.136675, 0.143874, 0.149460, 0.154142)","(0.052543, 0.080838, 0.096133, 0.104810, 0.110756, 0.115313, 0.119131)",0.018114548292942345,0.1329711859247514,0.09877600760332175,56.843861545835225,0.9291083770138877,"(0.073229, 0.107155, 0.126200, 0.138575, 0.147587, 0.154779, 0.160946)","(0.052285, 0.080068, 0.095919, 0.105986, 0.113347, 0.119345, 0.124483)",,,,,,,
,convlstm,epoch,122,0,ConvLSTM,14,7,./checkpoints/convlstm.pt,0.017071248051968028,0.13057980192524873,0.09735860695388723,59.37359464929459,0.9826954679286226,"(0.074383, 0.108458, 0.126528, 0.136958, 0.144168, 0.149937, 0.154811)","(0.052633, 0.081003, 0.096359, 0.105096, 0.111046, 0.115708, 0.119665)",0.018588312435895205,0.13475316150912217,0.10006109518664223,58.63609177725656,0.9293285097394671,"(0.073403, 0.107838, 0.127336, 0.140200, 0.149685, 0.157377, 0.164070)","(0.052566, 0.080768, 0.096898, 0.107261, 0.114913, 0.121251, 0.126771)",,,,,,,
,convlstm,epoch,123,0,ConvLSTM,14,7,./checkpoints/convlstm.pt,0.01698538663975419,0.1302536550015102,0.09710665130393302,59.35787135996717,0.982766125430452,"(0.074319, 0.108287, 0.126259, 0.136682, 0.143834, 0.149465, 0.154272)","(0.052561, 0.080835, 0.096102, 0.104838, 0.110777, 0.115361, 0.119273)",0.018174148530566266,0.13311489751296385,0.0989114341459104,58.29163340159825,0.9292273819446564,"(0.073168, 0.107240, 0.126329, 0.138727, 0.147742, 0.154968, 0.161226)","(0.052202, 0.080089, 0.096040, 0.106160, 0.113541, 0.119566, 0.124782)",,,,,,,
,convlstm,epoch,124,0,ConvLSTM,14,7,./checkpoints/convlstm.pt,0.016967837550142344,0.13018512635357551,0.09708242498813792,59.42694771543462,0.9827734510949317,"(0.074192, 0.108188, 0.126191, 0.136610, 0.143778, 0.149441, 0.154167)","(0.052447, 0.080773, 0.096102, 0.104842, 0.110795, 0.115395, 0.119223)",0.01814854490969862,0.1333894208073616,0.09851838541882378,60.32951671736581,0.9298527432339532,"(0.073423, 0.107366, 0.126358, 0.138828, 0.148030, 0.155443, 0.161803)","(0.052237, 0.079730, 0.095434, 0.105599, 0.113095, 0.119177, 0.124355)",,,,,,,
,convlstm,epoch,125,0,ConvLSTM,14,7,./checkpoints/convlstm.pt,0.017011305312328834,0.13034562692696874,0.09719175857273822,59.33740802521401,0.9827199258068775,"(0.074305, 0.108250, 0.126330, 0.136767, 0.143948, 0.149618, 0.154448)","(0.052584, 0.080874, 0.096227, 0.104937, 0.110854, 0.115465, 0.119401)",0.018088370228984525,0.13292003635849273,0.0986937800688403,58.91704559326172,0.9294084991727557,"(0.073048, 0.107004, 0.125989, 0.138380, 0.147483, 0.154824, 0.161226)","(0.052056, 0.079770, 0.095605, 0.105771, 0.113306, 0.119475, 0.124872)",,,,,,,
,convlstm,epoch,126,0,ConvLSTM,14,7,./checkpoints/convlstm.pt,0.01695004004509525,0.13012094115903247,0.0970307100326457,59.22201850566458,0.9827915696387596,"(0.074274, 0.108235, 0.126221, 0.136568, 0.143641, 0.149261, 0.154022)","(0.052548, 0.080814, 0.096107, 0.104775, 0.110641, 0.115230, 0.119099)",0.018685705244674215,0.13495172267513617,0.10082687277879034,58.112923009055,0.9252383921827588,"(0.073414, 0.108224, 0.127856, 0.140580, 0.149886, 0.157393, 0.163932)","(0.052675, 0.081404, 0.097805, 0.108199, 0.115847, 0.122175, 0.127683)",,,,,,,
,convlstm,epoch,127,0,ConvLSTM,14,7,./checkpoints/convlstm.pt,0.016940785973194115,0.13007701153261164,0.09702377857521494,59.343465683308054,0.9828152371213791,"(0.074229, 0.108215, 0.126131, 0.136446, 0.143645, 0.149249, 0.153989)","(0.052520, 0.080825, 0.096066, 0.104690, 0.110660, 0.115273, 0.119132)",0.01920720414325063,0.13666119213615144,0.10304340746785913,57.22727697236197,0.920743927359581,"(0.074681, 0.109699, 0.129323, 0.142150, 0.151690, 0.159420, 0.166169)","(0.054284, 0.083322, 0.099746, 0.110329, 0.118304, 0.124810, 0.130509)",,,,,,,
,convlstm,epoch,128,0,ConvLSTM,14,7,./checkpoints/convlstm.pt,0.01697304790859368,0.130212595590517,0.09716070134271966,59.232483498593595,0.9827912814439611,"(0.074409, 0.108391, 0.126340, 0.136643, 0.143704, 0.149334, 0.154126)","(0.052720, 0.081003, 0.096247, 0.104859, 0.110723, 0.115334, 0.119239)",0.018659130902960896,0.13518034533730575,0.09939564737890448,58.35319754055568,0.9278915588344846,"(0.073898, 0.108215, 0.127581, 0.140476, 0.150086, 0.157888, 0.164636)","(0.052434, 0.080059, 0.095956, 0.106436, 0.114244, 0.120572, 0.126069)",,,,,,,
,convlstm,epoch,129,0,ConvLSTM,14,7,./checkpoints/convlstm.pt,0.016905952888996677,0.12993876552824354,0.09694337258313565,59.124061158362856,0.9828910206226592,"(0.074247, 0.108172, 0.126034, 0.136359, 0.143458, 0.149004, 0.153780)","(0.052591, 0.080839, 0.096012, 0.104658, 0.110534, 0.115059, 0.118911)",0.018521523119748702,0.13452356468353951,0.10059638693928719,57.21862833840506,0.9273222237825394,"(0.074259, 0.108586, 0.127684, 0.140035, 0.149136, 0.156527, 0.163031)","(0.053620, 0.081826, 0.097648, 0.107697, 0.115183, 0.121376, 0.126825)",,,,,,,
,convlstm,epoch,130,0,ConvLSTM,14,7,./checkpoints/convlstm.pt,0.016785872391761936,0.12949418055424733,0.09662879194985045,59.08485546517879,0.9829946892692688,"(0.074222, 0.108070, 0.125832, 0.135942, 0.142900, 0.148328, 0.152941)","(0.052565, 0.080757, 0.095853, 0.104331, 0.110088, 0.114522, 0.118286)",0.018194196280092,0.1334810070693493,0.09904528010104384,61.64375567436218,0.9296770542860031,"(0.073038, 0.107101, 0.126313, 0.138954, 0.148244, 0.155697, 0.162126)","(0.051957, 0.079762, 0.095832, 0.106271, 0.113907, 0.120118, 0.125469)",,,,,,,
,convlstm,epoch,131,0,ConvLSTM,14,7,./checkpoints/convlstm.pt,0.016716091447767426,0.12921469381586279,0.09641478507918247,59.056186107878986,0.9830650455774145,"(0.074071, 0.107982, 0.125609, 0.135699, 0.142529, 0.147978, 0.152530)","(0.052384, 0.080647, 0.095671, 0.104122, 0.109805, 0.114285, 0.117990)",0.018268617219291627,0.1337528010564191,0.0989985636302403,60.29529503413609,0.9281801325934274,"(0.073625, 0.107448, 0.126576, 0.139100, 0.148448, 0.155946, 0.162423)","(0.052720, 0.080153, 0.095894, 0.106000, 0.113589, 0.119688, 0.124945)",,,,,,,
,convlstm,epoch,132,0,ConvLSTM,14,7,./checkpoints/convlstm.pt,0.01696731030762671,0.13017270996628974,0.0972273737350677,59.29112119877592,0.9828098241953139,"(0.074479, 0.108439, 0.126246, 0.136495, 0.143642, 0.149317, 0.154106)","(0.052834, 0.081121, 0.096273, 0.104841, 0.110805, 0.115436, 0.119282)",0.018189741165510247,0.1332123652100563,0.09886711503246001,57.25531200000218,0.9293868563004902,"(0.073203, 0.107421, 0.126409, 0.138757, 0.147841, 0.155117, 0.161366)","(0.052422, 0.080480, 0.096160, 0.106050, 0.113310, 0.119247, 0.124401)",,,,,,,
,convlstm,epoch,133,0,ConvLSTM,14,7,./checkpoints/convlstm.pt,0.016654075237308094,0.1289776098055579,0.09624851043237016,58.972580077800345,0.983122189311271,"(0.073992, 0.107770, 0.125436, 0.135519, 0.142307, 0.147615, 0.152152)","(0.052338, 0.080498, 0.095539, 0.103983, 0.109651, 0.114017, 0.117713)",0.01837478657918317,0.1339139895779746,0.09894755801984242,56.186781781060354,0.9295772314071655,"(0.073652, 0.107979, 0.127090, 0.139514, 0.148590, 0.155891, 0.162221)","(0.052411, 0.080132, 0.095886, 0.106049, 0.113525, 0.119656, 0.124974)",,,,,,,
,convlstm,epoch,134,0,ConvLSTM,14,7,./checkpoints/convlstm.pt,0.016704179807268876,0.1291857010333269,0.0964466864044996,59.0691241000561,0.9830634264235801,"(0.074124, 0.107926, 0.125604, 0.135670, 0.142520, 0.147903, 0.152475)","(0.052493, 0.080651, 0.095707, 0.104159, 0.109850, 0.114282, 0.117985)",0.018027222964779606,0.13262748585215636,0.09786441443221909,59.5983681678772,0.9302453377417156,"(0.072977, 0.106966, 0.125907, 0.138238, 0.147222, 0.154361, 0.160458)","(0.051864, 0.079405, 0.095072, 0.105068, 0.112309, 0.118162, 0.123171)",,,,,,,
,convlstm,epoch,135,0,ConvLSTM,14,7,./checkpoints/convlstm.pt,0.016615014478683153,0.128841464810257,0.09619232857639486,58.871467752659576,0.9831206966587838,"(0.074051, 0.107744, 0.125328, 0.135273, 0.142060, 0.147463, 0.152020)","(0.052425, 0.080503, 0.095483, 0.103838, 0.109501, 0.113954, 0.117643)",0.018996858353992657,0.13590033990996225,0.10143815433340413,55.508954184395925,0.9247079406465802,"(0.073975, 0.108922, 0.128766, 0.141563, 0.150920, 0.158478, 0.165196)","(0.053058, 0.081695, 0.098269, 0.108791, 0.116577, 0.122982, 0.128695)",,,,,,,
,convlstm,epoch,136,0,ConvLSTM,14,7,./checkpoints/convlstm.pt,0.01666047915003877,0.12900945599814,0.09634761480574912,58.91815136848612,0.9830757065656337,"(0.074148, 0.107821, 0.125396, 0.135448, 0.142316, 0.147677, 0.152257)","(0.052541, 0.080603, 0.095588, 0.104011, 0.109727, 0.114122, 0.117841)",0.018125236849300563,0.13303220538156374,0.09850282780826092,60.443216391972136,0.9292108501706805,"(0.073089, 0.107302, 0.126389, 0.138769, 0.147719, 0.154796, 0.160832)","(0.052110, 0.079982, 0.095777, 0.105802, 0.113058, 0.118912, 0.123879)",,,,,,,
,convlstm,epoch,137,0,ConvLSTM,14,7,./checkpoints/convlstm.pt,0.01666538973655948,0.12902484291517652,0.09638652161873401,58.95507518281328,0.9830770803258774,"(0.074096, 0.107854, 0.125493, 0.135520, 0.142285, 0.147611, 0.152320)","(0.052465, 0.080627, 0.095679, 0.104121, 0.109762, 0.114130, 0.117923)",0.018717909597658684,0.1351769327053002,0.10073558932968549,59.61260976110186,0.9274835948433194,"(0.073412, 0.108179, 0.127862, 0.140785, 0.150255, 0.157835, 0.164354)","(0.052671, 0.081212, 0.097504, 0.108049, 0.115841, 0.122200, 0.127673)",,,,,,,
,convlstm,epoch,138,0,ConvLSTM,14,7,./checkpoints/convlstm.pt,0.016579224267340403,0.12870027115791924,0.09609534761848602,58.87727881492452,0.9831757872028554,"(0.074058, 0.107729, 0.125248, 0.135201, 0.141917, 0.147203, 0.151699)","(0.052443, 0.080509, 0.095425, 0.103784, 0.109377, 0.113720, 0.117408)",0.018349706012356495,0.13388705572911672,0.09890723787248135,60.62667775154114,0.9286527910402843,"(0.073402, 0.107859, 0.127046, 0.139519, 0.148645, 0.155939, 0.162172)","(0.052189, 0.080032, 0.095919, 0.106173, 0.113639, 0.119642, 0.124757)",,,,,,,
,convlstm,epoch,139,0,ConvLSTM,14,7,./checkpoints/convlstm.pt,0.016624633292172182,0.12887405036952412,0.09629887370194526,58.89400723639955,0.98311699704921,"(0.074118, 0.107869, 0.125405, 0.135345, 0.142064, 0.147402, 0.152057)","(0.052531, 0.080684, 0.095642, 0.103996, 0.109581, 0.113945, 0.117712)",0.01814334636687168,0.13305305476699555,0.09855852435742106,55.85509811128889,0.9297209190470832,"(0.073357, 0.107443, 0.126438, 0.138717, 0.147625, 0.154742, 0.160894)","(0.052177, 0.079840, 0.095633, 0.105764, 0.113142, 0.119094, 0.124259)",,,,,,,
,convlstm,epoch,140,0,ConvLSTM,14,7,./checkpoints/convlstm.pt,0.016622952983139993,0.12886981601174707,0.096325911938193,58.893183018298856,0.9831181140022075,"(0.074295, 0.107935, 0.125355, 0.135250, 0.142073, 0.147385, 0.152004)","(0.052725, 0.080770, 0.095602, 0.103920, 0.109591, 0.113960, 0.117713)",0.018304507480934262,0.13378176172929152,0.09915770111339432,59.364270142146516,0.9281832895108632,"(0.073595, 0.107898, 0.127024, 0.139471, 0.148485, 0.155676, 0.161923)","(0.052655, 0.080550, 0.096285, 0.106351, 0.113696, 0.119673, 0.124893)",,,,,,,
,convlstm,epoch,141,0,ConvLSTM,14,7,./checkpoints/convlstm.pt,0.01647201596085537,0.1282769115201425,0.09588631313849003,58.78553735448959,0.9833338270162014,"(0.074025, 0.107659, 0.124965, 0.134722, 0.141375, 0.146581, 0.151043)","(0.052481, 0.080481, 0.095266, 0.103544, 0.109107, 0.113353, 0.116972)",0.018028583776737963,0.13264134606080397,0.09813799735690866,57.65559336117336,0.9292327357189996,"(0.073204, 0.107420, 0.126208, 0.138350, 0.147153, 0.154120, 0.160105)","(0.052268, 0.080016, 0.095491, 0.105329, 0.112447, 0.118224, 0.123193)",,,,,,,
,convlstm,epoch,142,0,ConvLSTM,14,7,./checkpoints/convlstm.pt,0.01647672585726894,0.12829501120531067,0.09586286196049223,58.72395925318941,0.9833024087104392,"(0.074085, 0.107698, 0.125017, 0.134746, 0.141347, 0.146575, 0.151075)","(0.052511, 0.080517, 0.095284, 0.103478, 0.109003, 0.113301, 0.116946)",0.018772502745767788,0.1351356210985354,0.10052697466952461,60.4799816267831,0.9257306988750186,"(0.073571, 0.108366, 0.127906, 0.140704, 0.150125, 0.157682, 0.164150)","(0.052739, 0.081232, 0.097452, 0.107873, 0.115522, 0.121765, 0.127106)",,,,,,,
,convlstm,epoch,143,0,ConvLSTM,14,7,./checkpoints/convlstm.pt,0.016364784311859847,0.12786043581519146,0.09555966359503726,58.65023787478183,0.9833544286641669,"(0.073947, 0.107497, 0.124743, 0.134329, 0.140813, 0.145937, 0.150407)","(0.052394, 0.080378, 0.095113, 0.103197, 0.108606, 0.112801, 0.116428)",0.01866795721330813,0.1350701336881944,0.1003662749592747,59.89315973009382,0.9270721822977066,"(0.073439, 0.108250, 0.127872, 0.140688, 0.150079, 0.157606, 0.164105)","(0.052695, 0.081189, 0.097416, 0.107740, 0.115320, 0.121459, 0.126746)",,,,,,,
,convlstm,epoch,144,0,ConvLSTM,14,7,./checkpoints/convlstm.pt,0.016408703874479583,0.12803453253348498,0.09570792606694901,58.65213980573289,0.9833431817749714,"(0.074063, 0.107634, 0.124831, 0.134468, 0.141013, 0.146204, 0.150652)","(0.052529, 0.080527, 0.095198, 0.103301, 0.108769, 0.113014, 0.116618)",0.01872856607328036,0.13515528291463852,0.10109411339674677,58.85861151559012,0.9259086506707328,"(0.074799, 0.109174, 0.128485, 0.140777, 0.149912, 0.157149, 0.163471)","(0.054081, 0.082202, 0.098284, 0.108309, 0.115813, 0.121815, 0.127154)",,,,,,,
,convlstm,epoch,145,0,ConvLSTM,14,7,./checkpoints/convlstm.pt,0.01642862153536779,0.12810336560140623,0.0957908738166728,58.78187883661148,0.9833242141820014,"(0.074006, 0.107598, 0.124842, 0.134509, 0.141107, 0.146355, 0.150809)","(0.052507, 0.080505, 0.095233, 0.103369, 0.108892, 0.113222, 0.116809)",0.018907868419773877,0.1358785073139838,0.1005720557378871,58.936815295900615,0.9275096250431878,"(0.073767, 0.108785, 0.128570, 0.141576, 0.151097, 0.158649, 0.165101)","(0.052876, 0.081275, 0.097478, 0.107954, 0.115617, 0.121781, 0.127023)",,,,,,,
,convlstm,epoch,146,0,ConvLSTM,14,7,./checkpoints/convlstm.pt,0.016390265822608736,0.12796333869792556,0.09569016213905304,58.54781045304968,0.9833779997648077,"(0.074082, 0.107573, 0.124733, 0.134437, 0.140963, 0.146093, 0.150541)","(0.052554, 0.080478, 0.095127, 0.103303, 0.108781, 0.112995, 0.116593)",0.018710538329157447,0.13501858285495213,0.10003609103815896,59.49853767667498,0.9270074005637851,"(0.073433, 0.108261, 0.127801, 0.140621, 0.150031, 0.157557, 0.163968)","(0.052592, 0.081029, 0.097100, 0.107366, 0.114870, 0.121022, 0.126273)",,,,,,,
,convlstm,epoch,147,0,ConvLSTM,14,7,./checkpoints/convlstm.pt,0.016426381798698864,0.1280854638488034,0.09584611915844551,58.65988729355183,0.9833501792968588,"(0.074150, 0.107760, 0.124994, 0.134590, 0.141027, 0.146136, 0.150615)","(0.052682, 0.080702, 0.095388, 0.103501, 0.108874, 0.113079, 0.116696)",0.01905553463646876,0.1359814280377967,0.10064064485153981,60.77873608044216,0.9256730228662491,"(0.073684, 0.108391, 0.128242, 0.141455, 0.151262, 0.159049, 0.165620)","(0.052634, 0.080792, 0.097206, 0.107971, 0.115931, 0.122302, 0.127649)",,,,,,,
,convlstm,epoch,148,0,ConvLSTM,14,7,./checkpoints/convlstm.pt,0.016296171523789142,0.12758022775338942,0.09546602644184803,58.5056103645487,0.9834503807285999,"(0.074026, 0.107447, 0.124562, 0.134097, 0.140437, 0.145453, 0.149880)","(0.052558, 0.080440, 0.095053, 0.103110, 0.108436, 0.112551, 0.116114)",0.018376946648848907,0.13384135972176278,0.098808475370918,59.299495867320466,0.9292057965482984,"(0.073583, 0.107949, 0.127019, 0.139475, 0.148581, 0.155814, 0.161990)","(0.052441, 0.080137, 0.095762, 0.105916, 0.113379, 0.119428, 0.124597)",,,,,,,
,convlstm,epoch,149,0,ConvLSTM,14,7,./checkpoints/convlstm.pt,0.01630687449087805,0.1276310672639984,0.09553105150289992,58.565711285205595,0.9834498141674285,"(0.074110, 0.107512, 0.124580, 0.134084, 0.140524, 0.145572, 0.149932)","(0.052651, 0.080524, 0.095091, 0.103115, 0.108498, 0.112647, 0.116191)",0.018920049204358032,0.13602873496711254,0.1008636664066996,62.68467998504639,0.9271326490810939,"(0.074155, 0.108815, 0.128580, 0.141535, 0.151157, 0.158859, 0.165491)","(0.053191, 0.081313, 0.097595, 0.108096, 0.115907, 0.122247, 0.127696)",,,,,,,
,convlstm,epoch,150,0,ConvLSTM,14,7,./checkpoints/convlstm.pt,0.016257166238303516,0.12743557721933452,0.09537263063991323,58.48568948786309,0.983521542333542,"(0.074060, 0.107422, 0.124407, 0.133878, 0.140298, 0.145298, 0.149667)","(0.052616, 0.080437, 0.094969, 0.102937, 0.108299, 0.112405, 0.115945)",0.018356035014481416,0.1337475526545729,0.0992216058075428,60.07920398030962,0.9278717445475715,"(0.073701, 0.107934, 0.127102, 0.139433, 0.148447, 0.155568, 0.161697)","(0.052822, 0.080693, 0.096530, 0.106482, 0.113773, 0.119601, 0.124651)",,,,,,,
,convlstm,epoch,151,0,ConvLSTM,14,7,./checkpoints/convlstm.pt,0.016184086876703387,0.1271530176517521,0.09516714493486475,58.410360153685225,0.9835409227203815,"(0.074012, 0.107370, 0.124221, 0.133552, 0.139854, 0.144899, 0.149286)","(0.052562, 0.080403, 0.094782, 0.102685, 0.107954, 0.112114, 0.115669)",0.018873296861004616,0.1354889888316393,0.10025717211621148,58.55140944889614,0.927806692464011,"(0.074031, 0.108894, 0.128553, 0.141271, 0.150566, 0.157908, 0.164152)","(0.053013, 0.081252, 0.097396, 0.107640, 0.115125, 0.121130, 0.126244)",,,,,,,
,convlstm,epoch,152,0,ConvLSTM,14,7,./checkpoints/convlstm.pt,0.016045146200687012,0.1266045141440174,0.09477938136997376,58.25613025908775,0.983733317319383,"(0.073896, 0.107155, 0.123873, 0.133088, 0.139197, 0.144046, 0.148359)","(0.052439, 0.080204, 0.094533, 0.102342, 0.107503, 0.111479, 0.114956)",0.018461753996754333,0.13411421009472438,0.09902357589453459,59.156413555145264,0.9287344685622624,"(0.073338, 0.107846, 0.127209, 0.139821, 0.149007, 0.156285, 0.162481)","(0.052389, 0.080386, 0.096257, 0.106359, 0.113686, 0.119568, 0.124521)",,,,,,,
,convlstm,epoch,153,0,ConvLSTM,14,7,./checkpoints/convlstm.pt,0.016127393645373113,0.12692882786331033,0.0950463862415958,58.27285456150136,0.9836378157772916,"(0.073946, 0.107279, 0.124090, 0.133348, 0.139597, 0.144578, 0.148922)","(0.052528, 0.080366, 0.094756, 0.102586, 0.107805, 0.111896, 0.115388)",0.018456911634919897,0.13403013827545301,0.09915145726076194,59.07553253855024,0.927700862288475,"(0.073584, 0.108037, 0.127286, 0.139754, 0.148819, 0.155987, 0.162083)","(0.052678, 0.080671, 0.096433, 0.106461, 0.113703, 0.119556, 0.124558)",,,,,,,
,convlstm,epoch,154,0,ConvLSTM,14,7,./checkpoints/convlstm.pt,0.016163579797610007,0.12707481862049055,0.09515702554044571,58.35265112937765,0.9836065242899225,"(0.074023, 0.107303, 0.124198, 0.133585, 0.139800, 0.144716, 0.149086)","(0.052617, 0.080403, 0.094829, 0.102752, 0.107964, 0.112007, 0.115526)",0.018083324772305787,0.13290736451745033,0.09833985620311328,57.43954760687692,0.9289313895361764,"(0.073564, 0.107645, 0.126495, 0.138633, 0.147413, 0.154379, 0.160408)","(0.052530, 0.080131, 0.095637, 0.105511, 0.112680, 0.118457, 0.123433)",,,,,,,
,convlstm,epoch,155,0,ConvLSTM,14,7,./checkpoints/convlstm.pt,0.01604530619992379,0.1266046296260114,0.09482764638960361,58.31826512357022,0.9837259589991671,"(0.073967, 0.107174, 0.123880, 0.133095, 0.139178, 0.144067, 0.148317)","(0.052572, 0.080307, 0.094599, 0.102362, 0.107488, 0.111514, 0.114950)",0.01877732021135411,0.1352518985846213,0.10058799971427236,58.38050038473947,0.9264036906617028,"(0.074018, 0.108726, 0.128221, 0.140930, 0.150223, 0.157625, 0.163975)","(0.053158, 0.081486, 0.097592, 0.107940, 0.115508, 0.121611, 0.126822)",,,,,,,
,convlstm,epoch,156,0,ConvLSTM,14,7,./checkpoints/convlstm.pt,0.015927095392203713,0.1261483258557522,0.0944894006515437,58.12563618193281,0.9838486091887697,"(0.073817, 0.106934, 0.123552, 0.132612, 0.138667, 0.143447, 0.147647)","(0.052418, 0.080061, 0.094315, 0.102023, 0.107112, 0.111049, 0.114447)",0.018683674529061785,0.13511219487658568,0.09934285921709878,58.802408593041555,0.9272169981684003,"(0.073889, 0.108614, 0.128106, 0.140832, 0.150121, 0.157449, 0.163705)","(0.052650, 0.080583, 0.096421, 0.106633, 0.114025, 0.119984, 0.125104)",,,,,,,
,convlstm,epoch,157,0,ConvLSTM,14,7,./checkpoints/convlstm.pt,0.015927526733263375,0.1261475859564661,0.0945215642135194,58.150942477774116,0.9838512454261171,"(0.073807, 0.106991, 0.123636, 0.132656, 0.138621, 0.143401, 0.147574)","(0.052443, 0.080145, 0.094398, 0.102091, 0.107122, 0.111045, 0.114408)",0.018727463470505818,0.1350578319813524,0.10059684993965286,57.868317638124736,0.9255540945700237,"(0.073751, 0.108640, 0.128168, 0.140858, 0.150052, 0.157322, 0.163534)","(0.052989, 0.081551, 0.097712, 0.108031, 0.115542, 0.121592, 0.126760)",,,,,,,
,convlstm,epoch,158,0,ConvLSTM,14,7,./checkpoints/convlstm.pt,0.015891460592838677,0.12600160768610366,0.09440689359573608,58.02945100500229,0.9838491104384686,"(0.073815, 0.106912, 0.123461, 0.132447, 0.138419, 0.143216, 0.147459)","(0.052454, 0.080100, 0.094247, 0.101879, 0.106926, 0.110905, 0.114337)",0.020043520024046302,0.13936215851988112,0.10423646122217178,58.38920654569353,0.9207682694707598,"(0.075149, 0.111575, 0.131965, 0.145201, 0.154918, 0.162735, 0.169436)","(0.054458, 0.084381, 0.101159, 0.111886, 0.119757, 0.126233, 0.131780)",,,,,,,
,convlstm,epoch,159,0,ConvLSTM,14,7,./checkpoints/convlstm.pt,0.016067549021557926,0.12669574265206696,0.09497216462771943,58.08558877985528,0.9836700694992188,"(0.074113, 0.107334, 0.124032, 0.133184, 0.139261, 0.144050, 0.148393)","(0.052744, 0.080453, 0.094763, 0.102520, 0.107650, 0.111581, 0.115094)",0.018670708789224073,0.1349641920200416,0.0998047882957118,58.678116866520476,0.9273624973637717,"(0.073610, 0.108268, 0.127694, 0.140458, 0.149881, 0.157466, 0.164048)","(0.052766, 0.080887, 0.096710, 0.106914, 0.114501, 0.120729, 0.126126)",,,,,,,
,convlstm,epoch,160,0,ConvLSTM,14,7,./checkpoints/convlstm.pt,0.01595507444259017,0.12626458468004687,0.0946639397359909,58.15875213704211,0.9837672532872951,"(0.074134, 0.107239, 0.123742, 0.132682, 0.138644, 0.143484, 0.147742)","(0.052773, 0.080406, 0.094486, 0.102086, 0.107117, 0.111138, 0.114642)",0.018735431201223816,0.13519566958504065,0.09921628316598279,58.25741587366377,0.9265712073871067,"(0.073996, 0.108577, 0.127840, 0.140515, 0.149982, 0.157706, 0.164467)","(0.052834, 0.080590, 0.096140, 0.106232, 0.113720, 0.119840, 0.125158)",,,,,,,
,convlstm,epoch,161,0,ConvLSTM,14,7,./checkpoints/convlstm.pt,0.015880242931319677,0.12594955330506066,0.09441818887407476,57.91260171443858,0.9839128122684804,"(0.074018, 0.107047, 0.123486, 0.132388, 0.138295, 0.143017, 0.147289)","(0.052690, 0.080252, 0.094330, 0.101893, 0.106843, 0.110728, 0.114192)",0.018535561044700444,0.1343666815332004,0.09916832271431174,60.37218298230852,0.9277661974940982,"(0.073862, 0.108467, 0.127653, 0.140111, 0.149174, 0.156342, 0.162426)","(0.052887, 0.080865, 0.096489, 0.106451, 0.113645, 0.119466, 0.124375)",,,,,,,
,convlstm,epoch,162,0,ConvLSTM,14,7,./checkpoints/convlstm.pt,0.015700748542006662,0.12524767894076994,0.09394571474416459,57.81114908989439,0.9840739179164806,"(0.073832, 0.106770, 0.123061, 0.131805, 0.137501, 0.141990, 0.146028)","(0.052530, 0.080059, 0.094032, 0.101464, 0.106285, 0.109992, 0.113258)",0.018790393768410598,0.13527402414807252,0.09985546900757722,61.37039637565613,0.926598887358393,"(0.073728, 0.108557, 0.127999, 0.140795, 0.150258, 0.157851, 0.164341)","(0.052876, 0.081093, 0.096861, 0.107025, 0.114522, 0.120682, 0.125929)",,,,,,,
,convlstm,epoch,163,0,ConvLSTM,14,7,./checkpoints/convlstm.pt,0.015747484394368974,0.12543198692508983,0.09408366866409779,57.92523160893867,0.983990212704273,"(0.073917, 0.106868, 0.123189, 0.131950, 0.137687, 0.142228, 0.146338)","(0.052597, 0.080147, 0.094130, 0.101590, 0.106427, 0.110185, 0.113510)",0.019206216957952296,0.13685461825558118,0.10123093133526188,62.00532589639936,0.9256333197866168,"(0.074177, 0.109343, 0.129287, 0.142506, 0.152250, 0.159951, 0.166393)","(0.053311, 0.081812, 0.098047, 0.108639, 0.116404, 0.122619, 0.127784)",,,,,,,
,convlstm,best_test,113,1,ConvLSTM,14,7,./checkpoints/convlstm.pt,,,,,,,,,0.13256567077977316,,,,,,0.013248065802534776,0.11320073476859502,0.08177725771175963,45.58957849230085,0.9235358344657081,"(0.051483, 0.080119, 0.100685, 0.115935, 0.127894, 0.137952, 0.146582)","(0.036141, 0.058847, 0.075300, 0.087469, 0.097104, 0.105258, 0.112321)"
