exp_name,tag,epoch,is_best_val,model,tin,tout,ckpt_path,train_mse,train_rmse,train_mae,train_mape,train_r2,train_rmse_t,train_mae_t,val_mse,val_rmse,val_mae,val_mape,val_r2,val_rmse_t,val_mae_t,test_mse,test_rmse,test_mae,test_mape,test_r2,test_rmse_t,test_mae_t
TimeSformer,epoch,0,1,TimeSformer,14,7,./checkpoints/TimeSformer.pt,0.14681833433581792,0.3327065886272167,0.2507823380701085,132.72862775275047,0.8510388272239807,"(0.302482, 0.319086, 0.319494, 0.330795, 0.334124, 0.356231, 0.359594)","(0.225812, 0.237335, 0.240404, 0.250572, 0.255291, 0.271382, 0.274681)",0.03523502232772963,0.18618459893124445,0.14291693243597234,81.83059648105076,0.873032203742436,"(0.137339, 0.160290, 0.172338, 0.188342, 0.198394, 0.210766, 0.221133)","(0.106762, 0.123580, 0.133332, 0.146004, 0.154200, 0.164281, 0.172259)",,,,,,,
TimeSformer,epoch,1,1,TimeSformer,14,7,./checkpoints/TimeSformer.pt,0.030095668053848945,0.17325043291955525,0.13174791190218418,79.55597134853932,0.9695115603030996,"(0.119429, 0.145458, 0.161038, 0.176316, 0.186965, 0.198125, 0.208212)","(0.091459, 0.110915, 0.123701, 0.136034, 0.144640, 0.153782, 0.161704)",0.02629848163841026,0.16101878987891333,0.12179904377886228,72.5575178691319,0.9031835496425629,"(0.107426, 0.132103, 0.147779, 0.163311, 0.174435, 0.185971, 0.196905)","(0.081930, 0.100182, 0.112967, 0.125538, 0.134721, 0.144370, 0.152884)",,,,,,,
TimeSformer,epoch,2,1,TimeSformer,14,7,./checkpoints/TimeSformer.pt,0.024847719283338558,0.15749922553898038,0.11889483272395235,73.42364465429428,0.9748649295974285,"(0.102921, 0.128867, 0.146009, 0.160468, 0.171592, 0.182014, 0.191643)","(0.078582, 0.097925, 0.111564, 0.123189, 0.132119, 0.140638, 0.148247)",0.023547411297581027,0.1519095722053732,0.11480038027678217,67.89486251558576,0.9116794296673366,"(0.101024, 0.124189, 0.139802, 0.153862, 0.164940, 0.175698, 0.185649)","(0.077681, 0.094904, 0.107176, 0.118171, 0.126913, 0.135510, 0.143247)",,,,,,,
TimeSformer,epoch,3,1,TimeSformer,14,7,./checkpoints/TimeSformer.pt,0.023085400244181462,0.15182510384072925,0.1144970232977512,70.89736703101624,0.976567102873579,"(0.100169, 0.124322, 0.141104, 0.154648, 0.165396, 0.175196, 0.184141)","(0.076697, 0.094465, 0.107660, 0.118496, 0.127074, 0.135000, 0.142087)",0.02304231488545026,0.1501664388924837,0.1140773142022746,66.24845698901585,0.915193470461028,"(0.103518, 0.124368, 0.139132, 0.152145, 0.162728, 0.172316, 0.181135)","(0.079936, 0.095079, 0.106858, 0.117159, 0.125826, 0.133387, 0.140297)",,,,,,,
TimeSformer,epoch,4,1,TimeSformer,14,7,./checkpoints/TimeSformer.pt,0.022069826642883584,0.14847066014458582,0.11202731284689396,68.96618400736058,0.9775874706658911,"(0.100130, 0.122546, 0.138730, 0.151368, 0.161400, 0.170450, 0.178681)","(0.076905, 0.093235, 0.105819, 0.115859, 0.123816, 0.130998, 0.137560)",0.02163185551762581,0.1454892230353185,0.10988262615033559,65.84211782046727,0.9188503708158221,"(0.100711, 0.120759, 0.135479, 0.147587, 0.157690, 0.166462, 0.174849)","(0.077239, 0.091712, 0.103374, 0.113081, 0.121185, 0.127974, 0.134613)",,,,,,,
TimeSformer,epoch,5,0,TimeSformer,14,7,./checkpoints/TimeSformer.pt,0.021398677857236027,0.14619014026396088,0.11023635603487492,67.69517145765589,0.978304737425865,"(0.098685, 0.121020, 0.136997, 0.149182, 0.158940, 0.167556, 0.175453)","(0.075640, 0.091980, 0.104449, 0.114142, 0.121857, 0.128649, 0.134939)",0.02165633120707103,0.14592217574162142,0.1100344926651035,67.61088224819729,0.9178675902741296,"(0.100621, 0.121337, 0.136325, 0.148225, 0.157660, 0.166825, 0.175390)","(0.076904, 0.091913, 0.103863, 0.113339, 0.120907, 0.128216, 0.135099)",,,,,,,
TimeSformer,epoch,6,1,TimeSformer,14,7,./checkpoints/TimeSformer.pt,0.02126405909261171,0.14573424582124828,0.10992871989753653,67.07992632845615,0.9784386129455364,"(0.098173, 0.120761, 0.136907, 0.149038, 0.158657, 0.166938, 0.174314)","(0.075198, 0.091790, 0.104422, 0.114055, 0.121668, 0.128248, 0.134121)",0.021107980083408102,0.14374163081603392,0.1091323835509164,64.57334303855896,0.9209236225911549,"(0.097998, 0.118874, 0.134498, 0.146756, 0.156459, 0.164273, 0.172229)","(0.075573, 0.090938, 0.103521, 0.113293, 0.120883, 0.126706, 0.133014)",,,,,,,
TimeSformer,epoch,7,1,TimeSformer,14,7,./checkpoints/TimeSformer.pt,0.020725839186776826,0.1438624025812593,0.10834244119518614,66.27463641065232,0.9789847439907967,"(0.095625, 0.118862, 0.135332, 0.147402, 0.156857, 0.164988, 0.172226)","(0.072978, 0.090198, 0.103125, 0.112726, 0.120200, 0.126696, 0.132474)",0.02064173695232187,0.1420843473502568,0.10785038662808281,62.329252413340974,0.9213499682290214,"(0.096135, 0.117312, 0.132815, 0.144942, 0.154587, 0.163024, 0.170550)","(0.074103, 0.089574, 0.101892, 0.111601, 0.119514, 0.126186, 0.132083)",,,,,,,
TimeSformer,epoch,8,0,TimeSformer,14,7,./checkpoints/TimeSformer.pt,0.02046505957247412,0.14298143435383215,0.10765654260807848,65.82305001197977,0.9792691510408482,"(0.094826, 0.118513, 0.134935, 0.146689, 0.155935, 0.163760, 0.170694)","(0.072284, 0.089882, 0.102826, 0.112178, 0.119487, 0.125707, 0.131231)",0.02064613116505955,0.14223130632724082,0.10809509509376117,63.7310984475272,0.921574524470738,"(0.095660, 0.118389, 0.133786, 0.145281, 0.154829, 0.162460, 0.170055)","(0.073684, 0.090866, 0.103021, 0.112084, 0.119709, 0.125602, 0.131699)",,,,,,,
TimeSformer,epoch,9,1,TimeSformer,14,7,./checkpoints/TimeSformer.pt,0.02041363961836125,0.1427993703444454,0.10745250017560543,65.56120941486765,0.9792863130569458,"(0.093941, 0.118247, 0.134852, 0.146698, 0.155955, 0.163710, 0.170384)","(0.071444, 0.089597, 0.102735, 0.112184, 0.119496, 0.125685, 0.131028)",0.020466739877260158,0.1417313391076667,0.10665416877184596,64.5095749923161,0.9222322340522494,"(0.096889, 0.117716, 0.132583, 0.144204, 0.154209, 0.162648, 0.169206)","(0.073647, 0.088701, 0.100689, 0.110060, 0.118126, 0.124992, 0.130364)",,,,,,,
TimeSformer,epoch,10,1,TimeSformer,14,7,./checkpoints/TimeSformer.pt,0.01999565653819987,0.14131370326925116,0.10618410517085106,64.8818077939622,0.9797070533671277,"(0.091692, 0.116703, 0.133571, 0.145401, 0.154541, 0.162242, 0.168818)","(0.069453, 0.088240, 0.101667, 0.111157, 0.118404, 0.124547, 0.129820)",0.01976149283083422,0.13910162528710707,0.10450464859604836,61.66848036221096,0.9249793738126755,"(0.089792, 0.113980, 0.130561, 0.142952, 0.152044, 0.160266, 0.167333)","(0.067889, 0.085885, 0.099198, 0.109206, 0.116704, 0.123458, 0.129192)",,,,,,,
TimeSformer,epoch,11,1,TimeSformer,14,7,./checkpoints/TimeSformer.pt,0.019825970501381348,0.14071814943284536,0.10568671297044196,64.64156248214397,0.9799123996115745,"(0.090501, 0.116205, 0.133173, 0.144973, 0.154069, 0.161658, 0.167983)","(0.068435, 0.087827, 0.101393, 0.110834, 0.118038, 0.124103, 0.129177)",0.01978783728554845,0.13908450757818563,0.10490983804421765,61.00898660932268,0.9246593032564435,"(0.089654, 0.113982, 0.130376, 0.142569, 0.152013, 0.160485, 0.167582)","(0.068100, 0.086176, 0.099349, 0.109336, 0.117201, 0.124215, 0.129992)",,,,,,,
TimeSformer,epoch,12,1,TimeSformer,14,7,./checkpoints/TimeSformer.pt,0.019922985368348817,0.14105639769937423,0.10601812486160309,64.66233969749288,0.9798089116811752,"(0.090407, 0.116758, 0.133872, 0.145518, 0.154421, 0.161881, 0.168073)","(0.068323, 0.088265, 0.101991, 0.111338, 0.118410, 0.124424, 0.129376)",0.01956536783836782,0.13834422560674803,0.10441102832555771,60.881631817136494,0.9250964458499636,"(0.087944, 0.113396, 0.129976, 0.142042, 0.151399, 0.159626, 0.166779)","(0.066705, 0.086150, 0.099478, 0.109127, 0.116800, 0.123487, 0.129131)",,,,,,,
TimeSformer,epoch,13,0,TimeSformer,14,7,./checkpoints/TimeSformer.pt,0.019586103948506902,0.13987242957439833,0.10495616971178258,64.25440069969665,0.9801241333814378,"(0.088669, 0.115641, 0.132779, 0.144444, 0.153321, 0.160697, 0.166784)","(0.066734, 0.087212, 0.101016, 0.110417, 0.117525, 0.123450, 0.128340)",0.019871773796954324,0.13961815434907163,0.10481805141483035,62.86775469779968,0.9249250292778015,"(0.089993, 0.115667, 0.131605, 0.142828, 0.151949, 0.160635, 0.168042)","(0.067647, 0.086800, 0.099792, 0.109084, 0.116687, 0.123829, 0.129887)",,,,,,,
TimeSformer,epoch,14,0,TimeSformer,14,7,./checkpoints/TimeSformer.pt,0.019392054250582734,0.1391570016971225,0.10431361194462219,64.03922821613068,0.9803031403967675,"(0.087078, 0.114837, 0.132226, 0.143923, 0.152739, 0.160070, 0.166013)","(0.065274, 0.086476, 0.100559, 0.110027, 0.117095, 0.123004, 0.127761)",0.020047097699716687,0.14008002249257906,0.10695879108139447,61.35759203774588,0.9216148342405047,"(0.091675, 0.115937, 0.131334, 0.144406, 0.153160, 0.160939, 0.167192)","(0.071133, 0.089214, 0.101292, 0.112148, 0.119113, 0.125373, 0.130438)",,,,,,,
TimeSformer,epoch,15,0,TimeSformer,14,7,./checkpoints/TimeSformer.pt,0.01950449854175144,0.13956794345741613,0.1047562533157303,64.17206455798859,0.9802093708768804,"(0.087934, 0.115592, 0.132848, 0.144425, 0.153086, 0.160245, 0.166017)","(0.066061, 0.087133, 0.101113, 0.110512, 0.117457, 0.123198, 0.127820)",0.019698313171310083,0.13881054893136024,0.10419638135603496,62.27700236865452,0.9261242513145719,"(0.087801, 0.114871, 0.131440, 0.142546, 0.151387, 0.159995, 0.166497)","(0.065770, 0.086159, 0.099720, 0.108939, 0.116409, 0.123501, 0.128878)",,,,,,,
TimeSformer,epoch,16,0,TimeSformer,14,7,./checkpoints/TimeSformer.pt,0.019456997137278952,0.13938749646731344,0.10461524517295208,64.21082025893192,0.980232558034836,"(0.087492, 0.115444, 0.132675, 0.144118, 0.152898, 0.160151, 0.165972)","(0.065688, 0.087052, 0.100999, 0.110269, 0.117320, 0.123156, 0.127822)",0.02006067698156195,0.14012388459273747,0.10483329051307269,60.50039856774466,0.9256978226559502,"(0.086059, 0.113551, 0.131322, 0.144752, 0.154043, 0.162700, 0.169159)","(0.064142, 0.085039, 0.099578, 0.110582, 0.118318, 0.125447, 0.130726)",,,,,,,
TimeSformer,epoch,17,1,TimeSformer,14,7,./checkpoints/TimeSformer.pt,0.019082033828376456,0.13804417804894736,0.10326972064819742,63.17691334257734,0.9806554146269535,"(0.085094, 0.113855, 0.131518, 0.143063, 0.151725, 0.158875, 0.164614)","(0.063344, 0.085478, 0.099891, 0.109276, 0.116243, 0.122018, 0.126638)",0.01930230270539011,0.13748952480299131,0.10325660450117928,61.53472375869751,0.9266024551221302,"(0.087476, 0.112574, 0.129125, 0.141637, 0.150550, 0.158710, 0.165152)","(0.065407, 0.084199, 0.098008, 0.108401, 0.115933, 0.122751, 0.128097)",,,,,,,
TimeSformer,epoch,18,0,TimeSformer,14,7,./checkpoints/TimeSformer.pt,0.01902621731835794,0.13785174361474822,0.10314727404174652,63.22425578502899,0.9807218008853019,"(0.084743, 0.113710, 0.131432, 0.142966, 0.151560, 0.158605, 0.164283)","(0.063112, 0.085413, 0.099887, 0.109254, 0.116138, 0.121812, 0.126414)",0.019402483378403952,0.13779750253473008,0.10331227337675435,60.59525918960571,0.9270086288452148,"(0.086122, 0.113687, 0.130347, 0.141909, 0.150465, 0.158748, 0.165730)","(0.064121, 0.085015, 0.098770, 0.108484, 0.115825, 0.122658, 0.128312)",,,,,,,
TimeSformer,epoch,19,1,TimeSformer,14,7,./checkpoints/TimeSformer.pt,0.019029102189109682,0.13785867893010897,0.10319711890150891,63.206527912870364,0.9806999808296244,"(0.084710, 0.113775, 0.131558, 0.143056, 0.151566, 0.158548, 0.164170)","(0.063037, 0.085497, 0.100060, 0.109413, 0.116223, 0.121817, 0.126333)",0.018638628534972668,0.13505592223789012,0.10098785933639322,59.135464259556365,0.9284441705260958,"(0.081953, 0.110090, 0.127382, 0.139346, 0.148579, 0.156381, 0.162918)","(0.060712, 0.082266, 0.096452, 0.106410, 0.114138, 0.120697, 0.126240)",,,,,,,
TimeSformer,epoch,20,1,TimeSformer,14,7,./checkpoints/TimeSformer.pt,0.018867454838324735,0.13729178144459936,0.10263927752508763,62.91143244885384,0.9808595370739064,"(0.083845, 0.113139, 0.130887, 0.142417, 0.151045, 0.158092, 0.163776)","(0.062240, 0.084878, 0.099435, 0.108801, 0.115740, 0.121402, 0.125978)",0.018616196865748082,0.13494893881891454,0.10118688616369452,58.9350346156529,0.9280255798782621,"(0.081320, 0.109629, 0.127068, 0.139344, 0.149015, 0.156454, 0.162713)","(0.060152, 0.082059, 0.096601, 0.106973, 0.115184, 0.121128, 0.126211)",,,,,,,
TimeSformer,epoch,21,0,TimeSformer,14,7,./checkpoints/TimeSformer.pt,0.018955340549508308,0.1375785021061149,0.10305871093209754,62.97284913570323,0.9807731927709377,"(0.084962, 0.113772, 0.131394, 0.142717, 0.151112, 0.158104, 0.163678)","(0.063395, 0.085564, 0.099919, 0.109119, 0.115895, 0.121520, 0.126000)",0.018647073235894953,0.13500128127634525,0.10143137483724526,58.525467838559834,0.9276752642222813,"(0.081576, 0.109591, 0.127141, 0.138912, 0.148698, 0.156849, 0.163161)","(0.060928, 0.082566, 0.097020, 0.106454, 0.114739, 0.121553, 0.126760)",,,,,,,
TimeSformer,epoch,22,1,TimeSformer,14,7,./checkpoints/TimeSformer.pt,0.018686559249428993,0.13662459545254307,0.10212608553627704,62.44067151495751,0.9810565570567517,"(0.083131, 0.112503, 0.130320, 0.141810, 0.150383, 0.157323, 0.163002)","(0.061622, 0.084360, 0.098994, 0.108358, 0.115274, 0.120845, 0.125430)",0.018394969071128538,0.13426267062979086,0.10001216376466411,59.5230758871351,0.9287492270980563,"(0.081158, 0.109289, 0.126685, 0.138751, 0.147922, 0.155679, 0.161630)","(0.059975, 0.081539, 0.095674, 0.105573, 0.113140, 0.119560, 0.124624)",,,,,,,
TimeSformer,epoch,23,0,TimeSformer,14,7,./checkpoints/TimeSformer.pt,0.018662872189219963,0.13652257180203575,0.10205119570836108,62.48716248857214,0.9810872493272133,"(0.083213, 0.112703, 0.130383, 0.141770, 0.150169, 0.157018, 0.162668)","(0.061672, 0.084514, 0.099018, 0.108325, 0.115087, 0.120589, 0.125153)",0.018724026989990046,0.13538615964353085,0.10204171655433518,60.36863708496094,0.928712112562997,"(0.084195, 0.111868, 0.128881, 0.139415, 0.148482, 0.155816, 0.161816)","(0.063850, 0.085112, 0.098766, 0.106847, 0.114312, 0.120322, 0.125082)",,,,,,,
TimeSformer,epoch,24,0,TimeSformer,14,7,./checkpoints/TimeSformer.pt,0.01863612007211022,0.13640800755116333,0.10198160684964758,62.276861292250615,0.9810684164787861,"(0.082949, 0.112593, 0.130328, 0.141665, 0.150143, 0.156943, 0.162423)","(0.061434, 0.084424, 0.099006, 0.108290, 0.115130, 0.120601, 0.124988)",0.018862921112616147,0.13614202556865557,0.10134176324520792,60.22296864645822,0.9264167483363833,"(0.083118, 0.110719, 0.127626, 0.140377, 0.149521, 0.158641, 0.164158)","(0.061491, 0.082414, 0.096278, 0.106729, 0.114284, 0.121834, 0.126363)",,,,,,,
TimeSformer,epoch,25,0,TimeSformer,14,7,./checkpoints/TimeSformer.pt,0.018496870142506793,0.13591774356293734,0.10156674358121892,62.272692639777,0.9812092372077577,"(0.082723, 0.112141, 0.129919, 0.141215, 0.149515, 0.156348, 0.161865)","(0.061283, 0.084037, 0.098616, 0.107842, 0.114566, 0.120093, 0.124530)",0.01846966363622674,0.13452434593013354,0.1006174087524414,59.528987986700876,0.9289106513772692,"(0.084947, 0.110434, 0.127311, 0.138813, 0.147507, 0.154984, 0.160881)","(0.063317, 0.082302, 0.096186, 0.105777, 0.113141, 0.119322, 0.124277)",,,,,,,
TimeSformer,epoch,26,1,TimeSformer,14,7,./checkpoints/TimeSformer.pt,0.018556274661913195,0.13612266732125125,0.10180442708920925,62.28736520320811,0.9811412070659881,"(0.082856, 0.112249, 0.130044, 0.141434, 0.149837, 0.156630, 0.162072)","(0.061490, 0.084230, 0.098850, 0.108141, 0.114905, 0.120337, 0.124679)",0.01812141664725329,0.13313652575016022,0.09951408872646945,58.506394147872925,0.929754050714629,"(0.079235, 0.107848, 0.125399, 0.137503, 0.146778, 0.154593, 0.161120)","(0.058451, 0.080541, 0.094963, 0.104987, 0.112921, 0.119580, 0.125157)",,,,,,,
TimeSformer,epoch,27,1,TimeSformer,14,7,./checkpoints/TimeSformer.pt,0.01845946614729597,0.13575795207965902,0.10146304192219643,61.97011529638412,0.9812820135278905,"(0.082411, 0.112059, 0.129791, 0.141106, 0.149412, 0.156192, 0.161573)","(0.061055, 0.084026, 0.098583, 0.107816, 0.114522, 0.119962, 0.124278)",0.018077057220840027,0.13307889071958406,0.09927772890244212,58.929717097963604,0.9304154493979045,"(0.080573, 0.108121, 0.125242, 0.137379, 0.146727, 0.154261, 0.160560)","(0.059933, 0.080809, 0.094763, 0.104640, 0.112328, 0.118586, 0.123887)",,,,,,,
TimeSformer,epoch,28,0,TimeSformer,14,7,./checkpoints/TimeSformer.pt,0.018201190631519606,0.13483152686355296,0.10062766233657269,61.48425297026939,0.9815562231109497,"(0.081192, 0.111152, 0.128913, 0.140202, 0.148535, 0.155207, 0.160663)","(0.059861, 0.083198, 0.097825, 0.107071, 0.113799, 0.119145, 0.123495)",0.018366928777790496,0.13402367489678518,0.09989766590297222,58.64796601022993,0.930400658931051,"(0.079157, 0.108155, 0.126131, 0.138219, 0.147571, 0.156067, 0.162828)","(0.058225, 0.080736, 0.095543, 0.105563, 0.113331, 0.120176, 0.125709)",,,,,,,
TimeSformer,epoch,29,0,TimeSformer,14,7,./checkpoints/TimeSformer.pt,0.01821350192829491,0.13487573571237435,0.10074179409507741,61.627479269149454,0.9815564608954369,"(0.081746, 0.111397, 0.129022, 0.140248, 0.148562, 0.155115, 0.160392)","(0.060405, 0.083464, 0.097977, 0.107133, 0.113829, 0.119085, 0.123300)",0.01872712909244001,0.13538768328726292,0.10173769667744637,58.838148968560354,0.9289450815745762,"(0.081249, 0.109734, 0.127091, 0.139543, 0.149327, 0.157830, 0.163514)","(0.060710, 0.082735, 0.096911, 0.107125, 0.115248, 0.122333, 0.127102)",,,,,,,
TimeSformer,epoch,30,0,TimeSformer,14,7,./checkpoints/TimeSformer.pt,0.018151734049055488,0.13464305756168563,0.1005394484530738,61.43416930259542,0.981557624137148,"(0.081250, 0.111166, 0.128945, 0.140152, 0.148284, 0.154815, 0.160120)","(0.059977, 0.083257, 0.097889, 0.107055, 0.113617, 0.118865, 0.123115)",0.01851994727206017,0.13461704632001265,0.10200994967349938,59.24664568901062,0.9282585914645877,"(0.081665, 0.111043, 0.129160, 0.139670, 0.148115, 0.154373, 0.160593)","(0.061523, 0.084877, 0.099982, 0.108145, 0.114925, 0.119700, 0.124918)",,,,,,,
TimeSformer,epoch,31,0,TimeSformer,14,7,./checkpoints/TimeSformer.pt,0.0181801855673102,0.1347562614972221,0.10064173921784188,61.48314394849412,0.9816010889220745,"(0.081348, 0.111231, 0.129003, 0.140186, 0.148406, 0.155000, 0.160340)","(0.060013, 0.083327, 0.097988, 0.107087, 0.113734, 0.119035, 0.123307)",0.01815012177186353,0.13317983597517014,0.09985222853720188,57.52463606425694,0.930378869175911,"(0.080353, 0.108700, 0.125597, 0.137582, 0.146911, 0.154243, 0.160218)","(0.059321, 0.081409, 0.095315, 0.105574, 0.113497, 0.119460, 0.124391)",,,,,,,
TimeSformer,epoch,32,0,TimeSformer,14,7,./checkpoints/TimeSformer.pt,0.01807135979625139,0.13432713061785947,0.10032112733956347,61.23088572887664,0.9816597424289013,"(0.081164, 0.110985, 0.128639, 0.139775, 0.147947, 0.154457, 0.159687)","(0.059919, 0.083150, 0.097694, 0.106765, 0.113347, 0.118590, 0.122783)",0.018499901884102395,0.13472116951431548,0.10098115062075001,61.50058644158499,0.9285701087542942,"(0.087695, 0.111435, 0.127550, 0.138794, 0.147364, 0.154480, 0.160325)","(0.066395, 0.083319, 0.096384, 0.105631, 0.112746, 0.118714, 0.123679)",,,,,,,
TimeSformer,epoch,33,1,TimeSformer,14,7,./checkpoints/TimeSformer.pt,0.018079610169924636,0.13436702637684003,0.10043338250289573,61.392884721147254,0.981667642263656,"(0.081421, 0.111147, 0.128763, 0.139823, 0.147944, 0.154378, 0.159616)","(0.060200, 0.083319, 0.097846, 0.106878, 0.113439, 0.118577, 0.122774)",0.017847731509911164,0.13204973403896605,0.09887504231716905,57.438609395708355,0.9309085671390805,"(0.077892, 0.107201, 0.124647, 0.136682, 0.145801, 0.153265, 0.159429)","(0.057375, 0.080385, 0.094704, 0.104661, 0.112371, 0.118701, 0.123929)",,,,,,,
TimeSformer,epoch,34,0,TimeSformer,14,7,./checkpoints/TimeSformer.pt,0.01799743943055101,0.13407281164581378,0.10012252113603531,61.191139302355175,0.9817467205067898,"(0.080851, 0.110785, 0.128490, 0.139624, 0.147662, 0.154098, 0.159325)","(0.059646, 0.082961, 0.097557, 0.106671, 0.113181, 0.118322, 0.122521)",0.017939860583283007,0.13242281733879022,0.09896154222743851,58.14137142045157,0.9315403827599117,"(0.079782, 0.107927, 0.124630, 0.136617, 0.145712, 0.153593, 0.159987)","(0.058684, 0.080434, 0.094444, 0.104533, 0.112169, 0.118578, 0.123889)",,,,,,,
TimeSformer,epoch,35,1,TimeSformer,14,7,./checkpoints/TimeSformer.pt,0.017995332442025874,0.13405369302720618,0.10013593337003221,61.11947579079486,0.9817090934895455,"(0.080698, 0.110818, 0.128468, 0.139591, 0.147660, 0.154102, 0.159331)","(0.059470, 0.083035, 0.097626, 0.106701, 0.113197, 0.118369, 0.122552)",0.017631370008790066,0.131361133019839,0.09787521325051785,57.77043192727225,0.9322014429739544,"(0.077720, 0.106765, 0.124211, 0.136164, 0.145098, 0.152305, 0.158166)","(0.056928, 0.079750, 0.093974, 0.103764, 0.111134, 0.117241, 0.122336)",,,,,,,
TimeSformer,epoch,36,0,TimeSformer,14,7,./checkpoints/TimeSformer.pt,0.01785629370467777,0.13352653417465626,0.09964006219772582,60.82805097864029,0.9818801217256709,"(0.079987, 0.110316, 0.128030, 0.139114, 0.147219, 0.153547, 0.158654)","(0.058783, 0.082501, 0.097188, 0.106269, 0.112819, 0.117917, 0.122004)",0.018043066607788205,0.13272177800536156,0.09994176775217056,57.36669158935547,0.9289808784212384,"(0.077769, 0.107225, 0.124804, 0.137105, 0.146571, 0.154589, 0.160817)","(0.057312, 0.080645, 0.095362, 0.105722, 0.113858, 0.120715, 0.125977)",,,,,,,
TimeSformer,epoch,37,0,TimeSformer,14,7,./checkpoints/TimeSformer.pt,0.017854935697656362,0.13354565588577566,0.0996370219645348,60.7292403363167,0.981918880280028,"(0.079818, 0.110285, 0.128107, 0.139176, 0.147201, 0.153600, 0.158738)","(0.058551, 0.082475, 0.097255, 0.106335, 0.112833, 0.117965, 0.122044)",0.01773355675062963,0.13171454572251864,0.09856040190373148,58.35355176244463,0.9317203334399632,"(0.077688, 0.106816, 0.124295, 0.136269, 0.145521, 0.153096, 0.158863)","(0.057071, 0.079769, 0.094279, 0.104267, 0.112232, 0.118788, 0.123517)",,,,,,,
TimeSformer,epoch,38,0,TimeSformer,14,7,./checkpoints/TimeSformer.pt,0.017790133683407244,0.1332847552890257,0.09947397920521016,60.88627973515937,0.9819646994484231,"(0.079991, 0.110248, 0.127892, 0.138858, 0.146853, 0.153174, 0.158312)","(0.058804, 0.082436, 0.097055, 0.106077, 0.112573, 0.117641, 0.121732)",0.01804450195881405,0.1326655676322324,0.10028205545885223,56.65252457346235,0.9289839097431728,"(0.079654, 0.108887, 0.125569, 0.137133, 0.146197, 0.153614, 0.159197)","(0.059639, 0.082615, 0.096178, 0.105811, 0.113552, 0.119797, 0.124383)",,,,,,,
TimeSformer,epoch,39,1,TimeSformer,14,7,./checkpoints/TimeSformer.pt,0.01783990241745685,0.1334827558752022,0.09971423986110281,60.8872454825868,0.9818930917597831,"(0.080106, 0.110501, 0.128221, 0.139215, 0.147093, 0.153276, 0.158355)","(0.058943, 0.082751, 0.097431, 0.106446, 0.112809, 0.117772, 0.121849)",0.0174436850938946,0.1306200304201671,0.09740305000117847,58.036786454064504,0.9329363107681274,"(0.076863, 0.106533, 0.123751, 0.135401, 0.144212, 0.151374, 0.157139)","(0.056188, 0.079386, 0.093668, 0.103334, 0.110783, 0.116761, 0.121702)",,,,,,,
TimeSformer,epoch,40,0,TimeSformer,14,7,./checkpoints/TimeSformer.pt,0.017813660704748744,0.1333768609573351,0.09967324629108956,61.047845718708444,0.9818791870741134,"(0.080462, 0.110394, 0.127992, 0.139033, 0.146947, 0.153152, 0.158210)","(0.059372, 0.082663, 0.097203, 0.106271, 0.112715, 0.117715, 0.121774)",0.01786241933171238,0.1323120708444289,0.09892266775880541,59.6021580355508,0.9318949601479939,"(0.080335, 0.108503, 0.125127, 0.136826, 0.145328, 0.153058, 0.158938)","(0.059396, 0.081092, 0.094853, 0.104581, 0.111696, 0.118021, 0.122819)",,,,,,,
TimeSformer,epoch,41,0,TimeSformer,14,7,./checkpoints/TimeSformer.pt,0.01751692323113217,0.1322691897939534,0.0986269909412937,60.376500677555164,0.9822206421101347,"(0.078737, 0.109221, 0.126978, 0.137964, 0.145829, 0.152095, 0.157194)","(0.057568, 0.081562, 0.096342, 0.105381, 0.111788, 0.116835, 0.120913)",0.018718365313751355,0.13529691472649574,0.10339329365108695,59.19507040296282,0.9255904065711158,"(0.085075, 0.111864, 0.128147, 0.140484, 0.148632, 0.155091, 0.161125)","(0.065749, 0.086104, 0.099140, 0.109329, 0.115929, 0.121176, 0.126325)",,,,,,,
TimeSformer,epoch,42,0,TimeSformer,14,7,./checkpoints/TimeSformer.pt,0.017748812847632044,0.1331388445631784,0.09946245450447215,60.857907092317625,0.9819750370497399,"(0.079906, 0.110383, 0.127922, 0.138796, 0.146691, 0.152867, 0.157867)","(0.058826, 0.082687, 0.097194, 0.106096, 0.112516, 0.117471, 0.121447)",0.01750105542929045,0.13079532821263587,0.09783810111028808,57.81952803475516,0.9323730149439403,"(0.077739, 0.106364, 0.123312, 0.135226, 0.144166, 0.151777, 0.157923)","(0.056790, 0.079137, 0.093531, 0.103522, 0.111092, 0.117748, 0.123047)",,,,,,,
TimeSformer,epoch,43,0,TimeSformer,14,7,./checkpoints/TimeSformer.pt,0.01760938083455759,0.13261375064117298,0.09892572898496972,60.29835644174129,0.9821110564343473,"(0.078815, 0.109615, 0.127411, 0.138440, 0.146297, 0.152433, 0.157351)","(0.057643, 0.081926, 0.096744, 0.105804, 0.112169, 0.117114, 0.121079)",0.017765382338049158,0.1319159170878785,0.09815334714949131,58.95454689434597,0.9308294951915741,"(0.080753, 0.108510, 0.125308, 0.136706, 0.145295, 0.152000, 0.157484)","(0.059828, 0.080857, 0.094509, 0.103735, 0.110687, 0.116330, 0.121127)",,,,,,,
TimeSformer,epoch,44,0,TimeSformer,14,7,./checkpoints/TimeSformer.pt,0.01769860269640513,0.13294232054631855,0.09928868425653335,60.64816142143087,0.9820530363853942,"(0.079364, 0.110061, 0.127823, 0.138842, 0.146619, 0.152657, 0.157517)","(0.058288, 0.082371, 0.097137, 0.106183, 0.112490, 0.117360, 0.121192)",0.018043728478785073,0.13282386772334576,0.10011221415230206,58.9235099043165,0.930782003062112,"(0.081066, 0.109331, 0.126450, 0.137853, 0.146050, 0.152990, 0.158285)","(0.060718, 0.082665, 0.096717, 0.105981, 0.112802, 0.118692, 0.123212)",,,,,,,
TimeSformer,epoch,45,1,TimeSformer,14,7,./checkpoints/TimeSformer.pt,0.017545883102897317,0.13236979810973265,0.09878244468981916,60.290606803082404,0.9822135485233144,"(0.078855, 0.109637, 0.127336, 0.138216, 0.145888, 0.151978, 0.156951)","(0.057686, 0.081969, 0.096676, 0.105662, 0.111899, 0.116814, 0.120771)",0.017417653646719242,0.13051376092646802,0.09779542631336621,57.89733151027134,0.933568713920457,"(0.078809, 0.107199, 0.123412, 0.135070, 0.143673, 0.150728, 0.156690)","(0.058826, 0.080574, 0.093664, 0.103247, 0.110360, 0.116344, 0.121553)",,,,,,,
TimeSformer,epoch,46,1,TimeSformer,14,7,./checkpoints/TimeSformer.pt,0.017574390867090922,0.13248153081953798,0.09888482985502862,60.454201982376425,0.9821603133323344,"(0.079091, 0.109754, 0.127407, 0.138251, 0.146024, 0.152137, 0.157056)","(0.057979, 0.082072, 0.096718, 0.105656, 0.111995, 0.116917, 0.120857)",0.017308317690289447,0.13006445073655673,0.09698783978819847,57.72148765836443,0.933376071708543,"(0.075441, 0.105677, 0.123340, 0.135195, 0.144063, 0.150774, 0.156390)","(0.054858, 0.078713, 0.093551, 0.103456, 0.110946, 0.116428, 0.120963)",,,,,,,
TimeSformer,epoch,47,1,TimeSformer,14,7,./checkpoints/TimeSformer.pt,0.017486581915712104,0.13214478638684626,0.098577553683773,60.253174842672145,0.9822966465924649,"(0.078443, 0.109459, 0.127185, 0.138017, 0.145770, 0.151756, 0.156591)","(0.057257, 0.081795, 0.096567, 0.105472, 0.111800, 0.116646, 0.120505)",0.01723580584595246,0.12983251229992934,0.09644069496010031,58.14023303985596,0.9338860916239875,"(0.075891, 0.105688, 0.123073, 0.134672, 0.143414, 0.150533, 0.156307)","(0.055188, 0.078499, 0.092907, 0.102556, 0.109795, 0.115612, 0.120528)",,,,,,,
TimeSformer,epoch,48,0,TimeSformer,14,7,./checkpoints/TimeSformer.pt,0.017371130611826765,0.13170691319408867,0.09821185374513586,59.87029053302521,0.98234416734665,"(0.077916, 0.109090, 0.126808, 0.137649, 0.145337, 0.151238, 0.156079)","(0.056828, 0.081470, 0.096251, 0.105207, 0.111472, 0.116192, 0.120063)",0.01783575559966266,0.13194496450679644,0.09917073643633298,58.16007103238787,0.9305447787046432,"(0.076960, 0.106439, 0.123888, 0.135718, 0.145685, 0.153754, 0.160671)","(0.056806, 0.079949, 0.094378, 0.104188, 0.112896, 0.119951, 0.126027)",,,,,,,
TimeSformer,epoch,49,0,TimeSformer,14,7,./checkpoints/TimeSformer.pt,0.01732616999899929,0.13153911254408457,0.0980314385700733,59.97337814087563,0.982418345327073,"(0.077722, 0.108903, 0.126617, 0.137437, 0.145092, 0.151139, 0.155980)","(0.056591, 0.081262, 0.096081, 0.105016, 0.111229, 0.116083, 0.119960)",0.01738159272021481,0.1304143417094435,0.09728274760501725,58.12038459096636,0.9336996419089181,"(0.076492, 0.106345, 0.124390, 0.135874, 0.143946, 0.150600, 0.156266)","(0.056071, 0.079464, 0.094443, 0.103799, 0.110379, 0.115953, 0.120870)",,,,,,,
TimeSformer,epoch,50,0,TimeSformer,14,7,./checkpoints/TimeSformer.pt,0.017421947683187874,0.1319159683146762,0.09845595271821986,60.095447905520174,0.9823207148212068,"(0.078589, 0.109408, 0.127043, 0.137811, 0.145442, 0.151379, 0.156204)","(0.057539, 0.081807, 0.096468, 0.105336, 0.111551, 0.116324, 0.120167)",0.01760049131033676,0.13116933086088725,0.09757390538496631,58.67172629492624,0.9326803407498768,"(0.076067, 0.107079, 0.125033, 0.136493, 0.144751, 0.151408, 0.157872)","(0.055164, 0.079479, 0.094349, 0.103901, 0.111034, 0.116793, 0.122296)",,,,,,,
TimeSformer,epoch,51,0,TimeSformer,14,7,./checkpoints/TimeSformer.pt,0.017440304586148644,0.13196579867287933,0.09853134771927874,60.26410273288159,0.9823389373561169,"(0.078320, 0.109473, 0.127128, 0.137867, 0.145468, 0.151490, 0.156304)","(0.057309, 0.081886, 0.096600, 0.105458, 0.111643, 0.116495, 0.120328)",0.01731954827638609,0.13011881123696054,0.09654762409627438,58.03702143260411,0.9329947169337954,"(0.075639, 0.106367, 0.124053, 0.135078, 0.143421, 0.150591, 0.156459)","(0.054744, 0.078848, 0.093462, 0.102626, 0.109691, 0.115723, 0.120740)",,,,,,,
TimeSformer,epoch,52,0,TimeSformer,14,7,./checkpoints/TimeSformer.pt,0.017286025388958924,0.1313992947155632,0.09794168756838809,59.83202238285795,0.9824709755943176,"(0.077421, 0.108802, 0.126571, 0.137334, 0.144971, 0.150950, 0.155802)","(0.056327, 0.081226, 0.096050, 0.104952, 0.111169, 0.115984, 0.119883)",0.01748177460727415,0.1305852271616459,0.09729215848658766,57.968629939215525,0.9336428961583546,"(0.077784, 0.106683, 0.123930, 0.135822, 0.144188, 0.150635, 0.156522)","(0.057165, 0.079507, 0.093868, 0.103617, 0.110406, 0.115731, 0.120752)",,,,,,,
TimeSformer,epoch,53,0,TimeSformer,14,7,./checkpoints/TimeSformer.pt,0.01718510927612636,0.1310148132765414,0.09757073865608966,59.823832958302596,0.9825767021864018,"(0.076713, 0.108378, 0.126241, 0.137065, 0.144652, 0.150543, 0.155384)","(0.055592, 0.080778, 0.095757, 0.104737, 0.110925, 0.115664, 0.119541)",0.017327004178826298,0.1301401840256793,0.09703636515353407,58.34221175738743,0.9329694211483002,"(0.079367, 0.106962, 0.123218, 0.134466, 0.143236, 0.150208, 0.156028)","(0.058344, 0.079315, 0.092911, 0.102380, 0.109820, 0.115761, 0.120723)",,,,,,,
TimeSformer,epoch,54,0,TimeSformer,14,7,./checkpoints/TimeSformer.pt,0.01733211141594864,0.13156193580451137,0.0981796413580788,60.21593950149861,0.9823977734814299,"(0.077838, 0.109165, 0.126828, 0.137553, 0.145069, 0.151011, 0.155707)","(0.056829, 0.081616, 0.096343, 0.105205, 0.111336, 0.116092, 0.119837)",0.017505556411509002,0.13082474949104445,0.09745154343545437,58.27935266494751,0.9324684185641152,"(0.079996, 0.106978, 0.123605, 0.135265, 0.144055, 0.151193, 0.157021)","(0.058900, 0.079233, 0.093129, 0.102871, 0.110333, 0.116363, 0.121333)",,,,,,,
TimeSformer,epoch,55,0,TimeSformer,14,7,./checkpoints/TimeSformer.pt,0.01719554469603649,0.1310418580897713,0.09768813654304818,59.72032952815928,0.9825550343127961,"(0.077228, 0.108521, 0.126337, 0.137035, 0.144636, 0.150482, 0.155222)","(0.056154, 0.080997, 0.095916, 0.104762, 0.110945, 0.115633, 0.119409)",0.01784932558491294,0.1318895540067128,0.09919459000229836,57.40662598609924,0.9311013179165977,"(0.077469, 0.107465, 0.124456, 0.136627, 0.145742, 0.152943, 0.158917)","(0.056783, 0.080412, 0.094750, 0.105232, 0.113163, 0.119396, 0.124626)",,,,,,,
TimeSformer,epoch,56,1,TimeSformer,14,7,./checkpoints/TimeSformer.pt,0.01702801371984025,0.1304220934812834,0.0970913864513661,59.430480368593905,0.9827166716469095,"(0.076266, 0.108075, 0.125820, 0.136483, 0.143973, 0.149817, 0.154502)","(0.055116, 0.080547, 0.095415, 0.104246, 0.110369, 0.115079, 0.118868)",0.01698513252527586,0.1287664057953017,0.09581273315208298,56.54858020373753,0.9347907538924899,"(0.073487, 0.104459, 0.122150, 0.134129, 0.142788, 0.149442, 0.154893)","(0.053269, 0.077805, 0.092530, 0.102544, 0.109739, 0.115123, 0.119677)",,,,,,,
TimeSformer,epoch,57,0,TimeSformer,14,7,./checkpoints/TimeSformer.pt,0.017103427674304297,0.1307126062109305,0.09738161410898605,59.54999866891414,0.982652041823306,"(0.076684, 0.108413, 0.126182, 0.136778, 0.144225, 0.150073, 0.154728)","(0.055576, 0.080880, 0.095741, 0.104501, 0.110588, 0.115321, 0.119064)",0.017475003243557045,0.13084791414439678,0.09692961163818836,58.26738357543945,0.9331760725804737,"(0.074868, 0.106410, 0.124080, 0.135811, 0.144534, 0.152088, 0.157885)","(0.053984, 0.078860, 0.093565, 0.103268, 0.110459, 0.116704, 0.121668)",,,,,,,
TimeSformer,epoch,58,0,TimeSformer,14,7,./checkpoints/TimeSformer.pt,0.01708262733758447,0.13062575344306995,0.09730792968989686,59.578192264475724,0.9826632386192362,"(0.076295, 0.108038, 0.125913, 0.136727, 0.144272, 0.150160, 0.154837)","(0.055274, 0.080599, 0.095556, 0.104501, 0.110673, 0.115389, 0.119163)",0.01727693813986012,0.12983658484050206,0.09725742361375264,55.9880998475211,0.932679465838841,"(0.075083, 0.105427, 0.123097, 0.134980, 0.143837, 0.150339, 0.156416)","(0.055193, 0.079219, 0.093855, 0.103599, 0.110976, 0.116329, 0.121630)",,,,,,,
TimeSformer,epoch,59,0,TimeSformer,14,7,./checkpoints/TimeSformer.pt,0.016947729958895038,0.13010238071175956,0.09682712125334333,59.27209281921387,0.9828170801096774,"(0.075678, 0.107644, 0.125538, 0.136265, 0.143720, 0.149494, 0.154179)","(0.054587, 0.080185, 0.095252, 0.104148, 0.110212, 0.114829, 0.118576)",0.017336228097389852,0.1300404372492007,0.09689489991537162,58.73622867039272,0.9334311868463244,"(0.076441, 0.105794, 0.123307, 0.134860, 0.143735, 0.150679, 0.156336)","(0.055653, 0.078659, 0.093256, 0.102972, 0.110278, 0.116257, 0.121190)",,,,,,,
TimeSformer,epoch,60,0,TimeSformer,14,7,./checkpoints/TimeSformer.pt,0.0169096972466387,0.12995828658745065,0.0967108816542524,59.26279283077159,0.9828087069252704,"(0.075608, 0.107579, 0.125361, 0.136059, 0.143539, 0.149334, 0.154049)","(0.054519, 0.080112, 0.095071, 0.103965, 0.110069, 0.114717, 0.118523)",0.01723563192146165,0.12976329933319772,0.0965372302702495,57.4399734224592,0.9338024045739856,"(0.073673, 0.105138, 0.123354, 0.135038, 0.143581, 0.150840, 0.156336)","(0.053175, 0.078172, 0.093410, 0.103243, 0.110351, 0.116379, 0.121030)",,,,,,,
TimeSformer,epoch,61,0,TimeSformer,14,7,./checkpoints/TimeSformer.pt,0.017000115496364047,0.13030943122942842,0.09706218560483862,59.41862808389867,0.982748050004878,"(0.076252, 0.107973, 0.125728, 0.136377, 0.143886, 0.149629, 0.154323)","(0.055180, 0.080494, 0.095398, 0.104223, 0.110374, 0.114999, 0.118766)",0.01747564259650452,0.13053688327116625,0.09804328690682139,57.36794720377241,0.9327991157770157,"(0.074263, 0.105391, 0.123615, 0.135743, 0.144668, 0.151778, 0.157668)","(0.054592, 0.079298, 0.094557, 0.104589, 0.112074, 0.118066, 0.123128)",,,,,,,
TimeSformer,epoch,62,1,TimeSformer,14,7,./checkpoints/TimeSformer.pt,0.016941603045276504,0.13007240955171068,0.09691028879519473,59.39904231213509,0.9828239127676538,"(0.076063, 0.107880, 0.125643, 0.136228, 0.143549, 0.149275, 0.153951)","(0.055036, 0.080421, 0.095364, 0.104150, 0.110165, 0.114749, 0.118488)",0.016978619088019644,0.12875645394836152,0.09547676518559456,57.26538266454424,0.9350236888442721,"(0.072866, 0.104448, 0.122430, 0.134104, 0.142638, 0.149423, 0.155068)","(0.052496, 0.077526, 0.092343, 0.101927, 0.109109, 0.114998, 0.119937)",,,,,,,
TimeSformer,epoch,63,1,TimeSformer,14,7,./checkpoints/TimeSformer.pt,0.016892320739026082,0.12988500558542931,0.09675034206915409,59.20024194108679,0.9828714639582532,"(0.075810, 0.107671, 0.125411, 0.136049, 0.143426, 0.149131, 0.153737)","(0.054780, 0.080277, 0.095201, 0.104025, 0.110032, 0.114645, 0.118292)",0.016909397756015614,0.12850874263261045,0.09554531185754708,56.635489565985544,0.9351344300167901,"(0.074680, 0.104537, 0.121726, 0.133397, 0.142061, 0.148947, 0.154856)","(0.054092, 0.077519, 0.091917, 0.101667, 0.108889, 0.114775, 0.119959)",,,,,,,
TimeSformer,epoch,64,0,TimeSformer,14,7,./checkpoints/TimeSformer.pt,0.016901161808996125,0.12990592877706947,0.09675287003529832,58.96277669135561,0.9828224610140983,"(0.075683, 0.107664, 0.125503, 0.136114, 0.143469, 0.149126, 0.153779)","(0.054626, 0.080237, 0.095255, 0.104074, 0.110088, 0.114623, 0.118367)",0.01755508901883981,0.1307820174843073,0.09802208335271903,56.013459954942974,0.933158352971077,"(0.076961, 0.107250, 0.124245, 0.135684, 0.144390, 0.151162, 0.156740)","(0.056490, 0.080294, 0.094442, 0.104066, 0.111568, 0.117300, 0.121995)",,,,,,,
TimeSformer,epoch,65,0,TimeSformer,14,7,./checkpoints/TimeSformer.pt,0.01707760243617157,0.13058715873620466,0.09736276790499687,59.750094434048265,0.9826860665640933,"(0.076733, 0.108554, 0.126199, 0.136714, 0.144068, 0.149724, 0.154340)","(0.055743, 0.081055, 0.095830, 0.104530, 0.110550, 0.115082, 0.118749)",0.016985497819924995,0.1287532446107694,0.09549434735838856,56.644939695085796,0.9343964627810887,"(0.072752, 0.104123, 0.121994, 0.133865, 0.142668, 0.149707, 0.155552)","(0.052328, 0.077292, 0.092091, 0.101811, 0.109245, 0.115282, 0.120411)",,,,,,,
TimeSformer,epoch,66,0,TimeSformer,14,7,./checkpoints/TimeSformer.pt,0.016850007311540082,0.12972502266674701,0.09659178471787179,59.053930302883714,0.9829032535248614,"(0.075341, 0.107597, 0.125328, 0.135892, 0.143289, 0.149008, 0.153525)","(0.054325, 0.080181, 0.095145, 0.103895, 0.109936, 0.114513, 0.118148)",0.016972199265312935,0.12882212815540178,0.0953769146331719,57.6880715915135,0.9342150475297656,"(0.074125, 0.104918, 0.122532, 0.133906, 0.142581, 0.149345, 0.154771)","(0.053457, 0.077678, 0.092337, 0.101716, 0.108798, 0.114478, 0.119175)",,,,,,,
TimeSformer,epoch,67,0,TimeSformer,14,7,./checkpoints/TimeSformer.pt,0.016707920256328394,0.1291819495969441,0.09606406092643738,58.97420998837085,0.9830550503857592,"(0.074657, 0.106997, 0.124833, 0.135434, 0.142782, 0.148397, 0.152939)","(0.053604, 0.079594, 0.094644, 0.103462, 0.109480, 0.114010, 0.117654)",0.017294348483639106,0.12985517882875033,0.09709758763866765,56.0947493485042,0.9334576662097659,"(0.075800, 0.105484, 0.122634, 0.134587, 0.143460, 0.150709, 0.156743)","(0.055548, 0.079120, 0.093243, 0.102954, 0.110301, 0.116627, 0.121890)",,,,,,,
TimeSformer,epoch,68,0,TimeSformer,14,7,./checkpoints/TimeSformer.pt,0.017068249852138947,0.1305681252004809,0.09742800835916336,59.72610577116621,0.9827210452962429,"(0.076600, 0.108370, 0.126065, 0.136659, 0.144093, 0.149888, 0.154463)","(0.055660, 0.080950, 0.095806, 0.104588, 0.110674, 0.115328, 0.118989)",0.01750744124209242,0.13061797060072422,0.09828039338546139,56.0739917073931,0.9299497093473162,"(0.073630, 0.105658, 0.124340, 0.136878, 0.145104, 0.151241, 0.156825)","(0.053784, 0.079775, 0.095579, 0.105990, 0.112736, 0.117688, 0.122410)",,,,,,,
TimeSformer,epoch,69,0,TimeSformer,14,7,./checkpoints/TimeSformer.pt,0.016831182651816212,0.12965735661765992,0.09661506235282472,59.1644375577886,0.982905962048693,"(0.075556, 0.107673, 0.125333, 0.135883, 0.143132, 0.148737, 0.153364)","(0.054552, 0.080300, 0.095185, 0.103938, 0.109889, 0.114370, 0.118072)",0.016938729693980088,0.12857941617923124,0.09564673607902867,56.63804227965219,0.9348183125257492,"(0.073525, 0.104476, 0.121761, 0.133646, 0.142382, 0.149339, 0.154984)","(0.053749, 0.078172, 0.092180, 0.101809, 0.108969, 0.114903, 0.119744)",,,,,,,
TimeSformer,epoch,70,0,TimeSformer,14,7,./checkpoints/TimeSformer.pt,0.016719951076393434,0.12924212861437054,0.09619796929999869,58.98907931307529,0.9830346088460151,"(0.074972, 0.107128, 0.124889, 0.135434, 0.142767, 0.148422, 0.152998)","(0.053962, 0.079788, 0.094755, 0.103532, 0.109508, 0.114076, 0.117764)",0.018446977283539518,0.1339589421238218,0.10212171876004764,55.598826953342986,0.9249882038150515,"(0.079984, 0.109482, 0.127091, 0.139163, 0.148250, 0.154513, 0.160396)","(0.060483, 0.083647, 0.098309, 0.108495, 0.116266, 0.121345, 0.126305)",,,,,,,
TimeSformer,epoch,71,0,TimeSformer,14,7,./checkpoints/TimeSformer.pt,0.01678168542802017,0.12946080373904664,0.0964364564006633,59.20700018456642,0.9829681905660224,"(0.075265, 0.107394, 0.125147, 0.135638, 0.142910, 0.148601, 0.153266)","(0.054263, 0.080054, 0.095042, 0.103760, 0.109692, 0.114251, 0.117993)",0.017369077989964614,0.13030057693166391,0.09759237803518772,56.93278922353472,0.9333894401788712,"(0.072443, 0.105189, 0.123799, 0.136597, 0.144892, 0.151353, 0.156584)","(0.052552, 0.079116, 0.094726, 0.105412, 0.112159, 0.117425, 0.121756)",,,,,,,
TimeSformer,epoch,72,1,TimeSformer,14,7,./checkpoints/TimeSformer.pt,0.016654871711309287,0.12896517770476332,0.09598885032724827,58.70489094105173,0.9830961569826654,"(0.074516, 0.106962, 0.124713, 0.135212, 0.142488, 0.148079, 0.152644)","(0.053479, 0.079628, 0.094678, 0.103407, 0.109334, 0.113869, 0.117527)",0.016908656689338386,0.12844402795391424,0.09515766639794622,56.984877586364746,0.9351488607270377,"(0.073483, 0.104679, 0.122057, 0.133340, 0.142110, 0.148994, 0.154656)","(0.052869, 0.077449, 0.091944, 0.101433, 0.108650, 0.114453, 0.119306)",,,,,,,
TimeSformer,epoch,73,0,TimeSformer,14,7,./checkpoints/TimeSformer.pt,0.01663490525010894,0.12889862104268562,0.09593151660358652,58.76869368045888,0.983162652621878,"(0.074819, 0.106982, 0.124637, 0.135067, 0.142311, 0.147948, 0.152548)","(0.053827, 0.079667, 0.094562, 0.103250, 0.109156, 0.113676, 0.117383)",0.016947719085562443,0.1286517240639244,0.09524131725941386,57.067287240709575,0.934798749429839,"(0.072251, 0.104064, 0.121797, 0.133891, 0.142654, 0.149709, 0.155414)","(0.051640, 0.076927, 0.091889, 0.101849, 0.109252, 0.115076, 0.120057)",,,,,,,
TimeSformer,epoch,74,0,TimeSformer,14,7,./checkpoints/TimeSformer.pt,0.016645666836027768,0.1289511047882777,0.09593804572966505,58.82240313672005,0.9831269377089561,"(0.074512, 0.106934, 0.124620, 0.135135, 0.142459, 0.148143, 0.152699)","(0.053497, 0.079575, 0.094553, 0.103292, 0.109297, 0.113852, 0.117501)",0.017493448685854673,0.13077989566539014,0.09670705241816384,58.68979409762791,0.9330801112311227,"(0.074133, 0.105029, 0.123102, 0.135007, 0.145161, 0.153260, 0.158464)","(0.053302, 0.077717, 0.092878, 0.102728, 0.110896, 0.117494, 0.121935)",,,,,,,
TimeSformer,epoch,75,0,TimeSformer,14,7,./checkpoints/TimeSformer.pt,0.016556282909190718,0.12861703138716238,0.09567519467561802,58.67467640815897,0.9831879516231253,"(0.074226, 0.106757, 0.124452, 0.134837, 0.142022, 0.147653, 0.152241)","(0.053238, 0.079441, 0.094394, 0.103084, 0.108947, 0.113479, 0.117144)",0.018227427831983993,0.13341406706188405,0.10090613604656287,56.33669243540083,0.9275785365274974,"(0.074639, 0.107754, 0.126181, 0.138686, 0.147779, 0.155179, 0.161865)","(0.055138, 0.082019, 0.097350, 0.107666, 0.115307, 0.121539, 0.127324)",,,,,,,
TimeSformer,epoch,76,0,TimeSformer,14,7,./checkpoints/TimeSformer.pt,0.01660430323372179,0.1287846267203006,0.09583150353678997,58.68460624775988,0.9831374614162648,"(0.074378, 0.106782, 0.124572, 0.135040, 0.142243, 0.147857, 0.152490)","(0.053405, 0.079500, 0.094528, 0.103231, 0.109137, 0.113647, 0.117373)",0.01702150482950466,0.1288079715200833,0.09584265455071415,56.2690486567361,0.9338229256016868,"(0.072081, 0.103822, 0.121970, 0.134084, 0.142941, 0.149849, 0.155813)","(0.051645, 0.077381, 0.092637, 0.102640, 0.109960, 0.115712, 0.120924)",,,,,,,
TimeSformer,epoch,77,1,TimeSformer,14,7,./checkpoints/TimeSformer.pt,0.016649244268959824,0.128942386440522,0.09597675652897104,58.62903351479388,0.9831537715298064,"(0.074620, 0.106972, 0.124649, 0.135226, 0.142448, 0.147988, 0.152595)","(0.053620, 0.079677, 0.094605, 0.103394, 0.109303, 0.113767, 0.117472)",0.016882254342947687,0.12841886734323843,0.09503542046461787,56.9225343976702,0.935449378831046,"(0.071927, 0.103731, 0.121644, 0.133591, 0.142400, 0.149380, 0.155349)","(0.051520, 0.076895, 0.091844, 0.101610, 0.108751, 0.114765, 0.119862)",,,,,,,
TimeSformer,epoch,78,0,TimeSformer,14,7,./checkpoints/TimeSformer.pt,0.016468340491360808,0.1282558756371223,0.09535540743394101,58.38297178390178,0.9832957535982132,"(0.073773, 0.106407, 0.124203, 0.134588, 0.141685, 0.147236, 0.151736)","(0.052762, 0.079141, 0.094178, 0.102835, 0.108654, 0.113146, 0.116772)",0.017198249331808517,0.1296391864972455,0.09655292864356722,56.19308590888977,0.9338410028389522,"(0.071701, 0.104012, 0.122533, 0.134953, 0.144463, 0.151498, 0.156470)","(0.051391, 0.077622, 0.093191, 0.103443, 0.111447, 0.117384, 0.121393)",,,,,,,
TimeSformer,epoch,79,1,TimeSformer,14,7,./checkpoints/TimeSformer.pt,0.0166535554503269,0.12898621901974125,0.09612950532043234,58.905101755832106,0.9830558762905446,"(0.075042, 0.107235, 0.124797, 0.135186, 0.142381, 0.147939, 0.152499)","(0.054066, 0.079930, 0.094791, 0.103466, 0.109339, 0.113815, 0.117499)",0.01683355704881251,0.12817163792039668,0.09467175283602305,56.156121492385864,0.9352915436029434,"(0.071690, 0.103831, 0.121529, 0.133456, 0.142184, 0.149019, 0.154701)","(0.051322, 0.077066, 0.091662, 0.101289, 0.108364, 0.114062, 0.118937)",,,,,,,
TimeSformer,epoch,80,0,TimeSformer,14,7,./checkpoints/TimeSformer.pt,0.01644761953007509,0.1281809864479332,0.09524827743781374,58.3864037128205,0.9833001148827533,"(0.073534, 0.106353, 0.124137, 0.134477, 0.141562, 0.147180, 0.151776)","(0.052412, 0.079014, 0.094130, 0.102759, 0.108562, 0.113095, 0.116766)",0.01717879722959229,0.12942126260272094,0.09557782486081123,56.47616846220834,0.9344863551003593,"(0.071963, 0.104038, 0.122170, 0.134225, 0.143547, 0.151064, 0.157309)","(0.051357, 0.076789, 0.091952, 0.101973, 0.109696, 0.115971, 0.121307)",,,,,,,
TimeSformer,epoch,81,0,TimeSformer,14,7,./checkpoints/TimeSformer.pt,0.016493178572149037,0.12833604405592977,0.09551846418291965,58.57501263314105,0.9832913149544533,"(0.074257, 0.106654, 0.124248, 0.134582, 0.141661, 0.147208, 0.151802)","(0.053185, 0.079387, 0.094292, 0.102940, 0.108748, 0.113223, 0.116853)",0.017963523909981762,0.13253744771437986,0.09957082968737398,58.72568498338972,0.9321375851120267,"(0.077590, 0.108113, 0.125590, 0.138122, 0.146368, 0.152990, 0.159385)","(0.058099, 0.081813, 0.095983, 0.106188, 0.112861, 0.118319, 0.123732)",,,,,,,
TimeSformer,epoch,82,0,TimeSformer,14,7,./checkpoints/TimeSformer.pt,0.01651966642647823,0.12844541769927886,0.09564540008122617,58.54227609837309,0.9832754518757475,"(0.074602, 0.106818, 0.124393, 0.134610, 0.141736, 0.147330, 0.151836)","(0.053627, 0.079542, 0.094382, 0.102927, 0.108789, 0.113322, 0.116929)",0.01705692906398326,0.12899684693132127,0.09583431083176817,56.0861908027104,0.9346300704138619,"(0.072234, 0.103404, 0.121603, 0.134281, 0.143503, 0.150457, 0.156109)","(0.051600, 0.076737, 0.092058, 0.102707, 0.110458, 0.116279, 0.121002)",,,,,,,
TimeSformer,epoch,83,0,TimeSformer,14,7,./checkpoints/TimeSformer.pt,0.016359765642382045,0.12782760295740542,0.09510901566357055,58.382529806583484,0.9833973589095664,"(0.073624, 0.106161, 0.123742, 0.134069, 0.141158, 0.146719, 0.151278)","(0.052601, 0.078974, 0.093893, 0.102546, 0.108393, 0.112866, 0.116490)",0.017109826589668437,0.12920271871345385,0.09588083678058215,57.390801838466096,0.9349994127239499,"(0.073131, 0.104414, 0.122358, 0.134719, 0.143544, 0.150057, 0.155579)","(0.053519, 0.077948, 0.092590, 0.102636, 0.109705, 0.115006, 0.119761)",,,,,,,
TimeSformer,epoch,84,0,TimeSformer,14,7,./checkpoints/TimeSformer.pt,0.0164217951737265,0.12807627451919926,0.0953326441664645,58.30479709138262,0.9833544242255231,"(0.074079, 0.106601, 0.124147, 0.134337, 0.141315, 0.146836, 0.151369)","(0.053139, 0.079384, 0.094215, 0.102736, 0.108451, 0.112892, 0.116512)",0.016918797295407524,0.12850218106593406,0.09540311646248613,56.49044227600098,0.935455567070416,"(0.075461, 0.104680, 0.121723, 0.133249, 0.141924, 0.148826, 0.154554)","(0.054900, 0.077756, 0.091822, 0.101353, 0.108528, 0.114209, 0.119254)",,,,,,,
TimeSformer,epoch,85,0,TimeSformer,14,7,./checkpoints/TimeSformer.pt,0.016542381190873208,0.12853677529477547,0.09580277203720935,58.681817115621364,0.9832017551711265,"(0.074738, 0.107011, 0.124602, 0.134810, 0.141837, 0.147301, 0.151752)","(0.053779, 0.079775, 0.094660, 0.103168, 0.108966, 0.113357, 0.116914)",0.01710899338857936,0.12920200931174414,0.09583224289651428,56.179945537022185,0.9342838717358453,"(0.072959, 0.104172, 0.121892, 0.134103, 0.143146, 0.150450, 0.156707)","(0.052401, 0.077077, 0.091928, 0.102280, 0.109662, 0.115953, 0.121525)",,,,,,,
TimeSformer,epoch,86,0,TimeSformer,14,7,./checkpoints/TimeSformer.pt,0.016279770621158023,0.1275285547368897,0.09484211898389015,58.16309326253039,0.9834989496368043,"(0.073623, 0.106044, 0.123597, 0.133861, 0.140803, 0.146205, 0.150731)","(0.052612, 0.078844, 0.093745, 0.102321, 0.108006, 0.112360, 0.116006)",0.017361826047168245,0.13017780759504863,0.09686419740319252,57.0086978163038,0.9336480562176023,"(0.070708, 0.103305, 0.122182, 0.135197, 0.144892, 0.152824, 0.158875)","(0.050525, 0.076860, 0.092768, 0.103546, 0.111755, 0.118689, 0.123905)",,,,,,,
TimeSformer,epoch,87,0,TimeSformer,14,7,./checkpoints/TimeSformer.pt,0.016302003292366862,0.1276058612421733,0.0949217697724383,58.21131089393129,0.9834543419011096,"(0.073616, 0.106104, 0.123680, 0.133928, 0.140868, 0.146326, 0.150834)","(0.052655, 0.078932, 0.093820, 0.102374, 0.108081, 0.112501, 0.116089)",0.017492380991045917,0.13074631270553386,0.09787859608020101,57.17410165922983,0.9329511416809899,"(0.073845, 0.105391, 0.123553, 0.136039, 0.145189, 0.152067, 0.158102)","(0.054547, 0.079516, 0.094334, 0.104478, 0.111944, 0.117591, 0.122739)",,,,,,,
TimeSformer,epoch,88,0,TimeSformer,14,7,./checkpoints/TimeSformer.pt,0.016240285550977323,0.127375325309893,0.09476489213077312,58.180931111599534,0.9835512695160318,"(0.073529, 0.106028, 0.123555, 0.133677, 0.140574, 0.145966, 0.150496)","(0.052582, 0.078870, 0.093746, 0.102222, 0.107872, 0.112218, 0.115845)",0.016956199193373322,0.12853490667683737,0.09521415856267725,55.730355398995535,0.9351447586502347,"(0.070669, 0.103132, 0.121573, 0.133867, 0.142892, 0.150033, 0.155697)","(0.050522, 0.076712, 0.092042, 0.102014, 0.109391, 0.115536, 0.120283)",,,,,,,
TimeSformer,epoch,89,1,TimeSformer,14,7,./checkpoints/TimeSformer.pt,0.016178309204096488,0.1271164807421159,0.09452461090652232,57.97460154269604,0.9835685079402112,"(0.073279, 0.105747, 0.123246, 0.133464, 0.140298, 0.145693, 0.150254)","(0.052332, 0.078640, 0.093466, 0.102011, 0.107635, 0.111969, 0.115619)",0.016824603446626236,0.12814029598874704,0.09460214831467186,56.03062926019941,0.9354087901966912,"(0.070477, 0.102972, 0.121458, 0.133708, 0.142375, 0.149302, 0.155050)","(0.050209, 0.076270, 0.091548, 0.101522, 0.108660, 0.114453, 0.119553)",,,,,,,
TimeSformer,epoch,90,0,TimeSformer,14,7,./checkpoints/TimeSformer.pt,0.016281243329471413,0.1275025417984135,0.09485986289825846,57.94869412767126,0.9834962715493872,"(0.073764, 0.106171, 0.123724, 0.133791, 0.140708, 0.146077, 0.150576)","(0.052800, 0.078997, 0.093838, 0.102265, 0.107961, 0.112280, 0.115878)",0.01742183180925037,0.13016513841492788,0.09691230593515295,56.71380278042385,0.9325936032193047,"(0.071014, 0.104301, 0.123010, 0.135617, 0.144769, 0.151974, 0.158013)","(0.051079, 0.077931, 0.093524, 0.104009, 0.111549, 0.117574, 0.122719)",,,,,,,
TimeSformer,epoch,91,0,TimeSformer,14,7,./checkpoints/TimeSformer.pt,0.016307935381228936,0.12763733450608394,0.0950283177910333,58.14939785003662,0.9834624281589021,"(0.073935, 0.106367, 0.123879, 0.133944, 0.140783, 0.146191, 0.150668)","(0.052969, 0.079190, 0.094023, 0.102453, 0.108061, 0.112449, 0.116052)",0.017185579336780523,0.12941320187279157,0.09629151398049933,56.372102464948384,0.9330602266958782,"(0.071487, 0.103340, 0.122038, 0.134391, 0.143732, 0.151321, 0.157433)","(0.050767, 0.076689, 0.092809, 0.103019, 0.110843, 0.117341, 0.122572)",,,,,,,
TimeSformer,epoch,92,0,TimeSformer,14,7,./checkpoints/TimeSformer.pt,0.01612015443536988,0.12688669623855064,0.09439358142937751,58.007739107659525,0.9836622305372928,"(0.073236, 0.105689, 0.123124, 0.133164, 0.139983, 0.145374, 0.149916)","(0.052247, 0.078592, 0.093421, 0.101824, 0.107430, 0.111798, 0.115442)",0.017019428528978357,0.12873795708375319,0.09487059393099376,56.06375745364598,0.9355317162615913,"(0.071268, 0.103325, 0.121650, 0.133899, 0.143024, 0.150340, 0.155977)","(0.050928, 0.076330, 0.091569, 0.101541, 0.108911, 0.114909, 0.119906)",,,,,,,
TimeSformer,epoch,93,0,TimeSformer,14,7,./checkpoints/TimeSformer.pt,0.01613449728849562,0.12694498883263755,0.0945008313481478,57.94547705954694,0.9836452108748416,"(0.073599, 0.105964, 0.123217, 0.133208, 0.139978, 0.145312, 0.149839)","(0.052667, 0.078835, 0.093509, 0.101886, 0.107458, 0.111760, 0.115391)",0.01765337310332273,0.13103297033480235,0.0970674492418766,56.31511790411813,0.9339786491223744,"(0.071866, 0.104468, 0.123251, 0.136149, 0.145795, 0.153461, 0.159513)","(0.051547, 0.077521, 0.093090, 0.103754, 0.111691, 0.118140, 0.123729)",,,,,,,
TimeSformer,epoch,94,0,TimeSformer,14,7,./checkpoints/TimeSformer.pt,0.016107695657720276,0.12684123912009826,0.09445315440918536,57.996291241747265,0.9836443298040553,"(0.073484, 0.105795, 0.123134, 0.133131, 0.139902, 0.145216, 0.149693)","(0.052640, 0.078793, 0.093514, 0.101839, 0.107399, 0.111694, 0.115293)",0.017363564876307334,0.13005393903170312,0.09652232205761331,57.23488095828465,0.9336135536432266,"(0.071459, 0.104049, 0.122864, 0.135403, 0.144660, 0.151792, 0.157871)","(0.051867, 0.077752, 0.093194, 0.103225, 0.110832, 0.116787, 0.122000)",,,,,,,
TimeSformer,epoch,95,0,TimeSformer,14,7,./checkpoints/TimeSformer.pt,0.01616825699370275,0.12706803963800206,0.09458358399569988,58.04402702412707,0.9836050671465854,"(0.073536, 0.105963, 0.123427, 0.133381, 0.140122, 0.145484, 0.149961)","(0.052613, 0.078857, 0.093669, 0.102007, 0.107578, 0.111900, 0.115462)",0.01797905339792903,0.13220486869769438,0.09892060168619667,55.01136701447623,0.9328738089118686,"(0.074073, 0.106423, 0.124835, 0.137576, 0.146994, 0.154245, 0.159669)","(0.053987, 0.079896, 0.095259, 0.105843, 0.113602, 0.119650, 0.124207)",,,,,,,
TimeSformer,epoch,96,0,TimeSformer,14,7,./checkpoints/TimeSformer.pt,0.016278373513450014,0.12750517428144714,0.09506350018559619,58.37211440471893,0.9834990422142312,"(0.074344, 0.106615, 0.123869, 0.133778, 0.140543, 0.145815, 0.150302)","(0.053451, 0.079490, 0.094090, 0.102388, 0.107977, 0.112242, 0.115807)",0.01840859468627189,0.13407656231096812,0.10111063905060291,57.11714233670916,0.926257535815239,"(0.071944, 0.106343, 0.126262, 0.139030, 0.148199, 0.157408, 0.164879)","(0.052352, 0.080680, 0.097489, 0.107892, 0.115465, 0.123643, 0.130253)",,,,,,,
TimeSformer,epoch,97,0,TimeSformer,14,7,./checkpoints/TimeSformer.pt,0.016142621051837155,0.1269717526318061,0.09454730795101916,58.041435343153935,0.9836319323549879,"(0.073540, 0.105914, 0.123348, 0.133325, 0.140059, 0.145314, 0.149769)","(0.052597, 0.078829, 0.093624, 0.101986, 0.107573, 0.111851, 0.115371)",0.017432311666198075,0.1303892925913845,0.09704247596008438,57.69628211430141,0.9333856148379189,"(0.072709, 0.104715, 0.123209, 0.135304, 0.144906, 0.152249, 0.157907)","(0.053064, 0.078387, 0.093607, 0.103310, 0.111221, 0.117450, 0.122258)",,,,,,,
TimeSformer,epoch,98,0,TimeSformer,14,7,./checkpoints/TimeSformer.pt,0.015990848207172562,0.12636792833839738,0.09407090007307682,57.642330189968675,0.9837809924749618,"(0.073152, 0.105658, 0.122881, 0.132710, 0.139363, 0.144538, 0.148906)","(0.052219, 0.078629, 0.093275, 0.101493, 0.106998, 0.111189, 0.114692)",0.017226518713869154,0.12962974528116838,0.09547902244542326,56.91193706648691,0.9339580684900284,"(0.072001, 0.104009, 0.122298, 0.134750, 0.144000, 0.151257, 0.157329)","(0.051641, 0.077059, 0.092049, 0.102101, 0.109550, 0.115446, 0.120507)",,,,,,,
TimeSformer,epoch,99,0,TimeSformer,14,7,./checkpoints/TimeSformer.pt,0.01592478324025077,0.1261241670863576,0.09382511326607237,57.61007375920072,0.9838577397960298,"(0.072757, 0.105339, 0.122596, 0.132447, 0.139035, 0.144291, 0.148896)","(0.051753, 0.078323, 0.093011, 0.101293, 0.106738, 0.110992, 0.114666)",0.017412991928202764,0.13012491831822054,0.09680878956403051,55.93586376735142,0.933555394411087,"(0.071421, 0.103808, 0.122711, 0.135381, 0.144583, 0.152207, 0.158266)","(0.051380, 0.077657, 0.093407, 0.103727, 0.111128, 0.117609, 0.122753)",,,,,,,
TimeSformer,epoch,100,0,TimeSformer,14,7,./checkpoints/TimeSformer.pt,0.015925832449438723,0.12612408986747126,0.09389906336969518,57.67394623857864,0.9838357624855447,"(0.072939, 0.105446, 0.122728, 0.132481, 0.139085, 0.144248, 0.148629)","(0.051976, 0.078445, 0.093144, 0.101366, 0.106840, 0.111004, 0.114519)",0.017404662944110378,0.1302203562642847,0.0965998030400702,57.392607246126445,0.9347421165023532,"(0.075218, 0.105312, 0.123341, 0.135332, 0.144291, 0.151118, 0.156766)","(0.055287, 0.078729, 0.093369, 0.102800, 0.110104, 0.115600, 0.120310)",,,,,,,
TimeSformer,epoch,101,0,TimeSformer,14,7,./checkpoints/TimeSformer.pt,0.01589666135569519,0.126009917337636,0.09382478508384938,57.698013265082174,0.9838614910840988,"(0.073264, 0.105460, 0.122639, 0.132352, 0.138805, 0.144000, 0.148451)","(0.052345, 0.078456, 0.093067, 0.101226, 0.106581, 0.110773, 0.114324)",0.01758508016687951,0.13071223561252868,0.0968400975689292,57.4013706275395,0.93398816883564,"(0.072251, 0.104960, 0.123701, 0.135977, 0.145413, 0.152529, 0.158149)","(0.051712, 0.077825, 0.093394, 0.103501, 0.111573, 0.117595, 0.122281)",,,,,,,
TimeSformer,epoch,102,0,TimeSformer,14,7,./checkpoints/TimeSformer.pt,0.015859544921190814,0.12587118077596815,0.09375962119628774,57.64830041438975,0.983903371907295,"(0.073057, 0.105469, 0.122477, 0.132156, 0.138679, 0.143828, 0.148298)","(0.052158, 0.078514, 0.093010, 0.101141, 0.106509, 0.110704, 0.114280)",0.017561113761205758,0.13066999002226762,0.09755602505590234,56.46228092057364,0.9328243242842811,"(0.072633, 0.104237, 0.123299, 0.135959, 0.145287, 0.152728, 0.158539)","(0.053165, 0.078174, 0.094055, 0.104360, 0.111957, 0.118186, 0.122995)",,,,,,,
TimeSformer,epoch,103,0,TimeSformer,14,7,./checkpoints/TimeSformer.pt,0.015738351235879546,0.12540245629624105,0.0933171891547898,57.49933031772046,0.984029917640889,"(0.072590, 0.105016, 0.122113, 0.131748, 0.138169, 0.143290, 0.147749)","(0.051613, 0.078066, 0.092663, 0.100779, 0.106085, 0.110230, 0.113784)",0.017623373955887343,0.13098430926246302,0.09627106160457645,57.285613673073904,0.9328287499291557,"(0.070309, 0.103637, 0.123302, 0.136485, 0.146376, 0.153496, 0.159510)","(0.050066, 0.076656, 0.092780, 0.103441, 0.111399, 0.117214, 0.122340)",,,,,,,
TimeSformer,epoch,104,0,TimeSformer,14,7,./checkpoints/TimeSformer.pt,0.01595540059869118,0.12623377908993408,0.09421763299627507,58.057491261908346,0.9838187076309894,"(0.074251, 0.106056, 0.123017, 0.132575, 0.138879, 0.143920, 0.148365)","(0.053436, 0.079102, 0.093453, 0.101500, 0.106756, 0.110859, 0.114417)",0.017528885875695517,0.13060009506131923,0.09744592090802533,56.11687517166138,0.9330242850950786,"(0.072096, 0.103796, 0.122681, 0.135506, 0.145186, 0.152754, 0.159547)","(0.052565, 0.077647, 0.093339, 0.103858, 0.111928, 0.118381, 0.124404)",,,,,,,
TimeSformer,epoch,105,0,TimeSformer,14,7,./checkpoints/TimeSformer.pt,0.01577472726398326,0.12553642688624875,0.09349127946064827,57.574156274186805,0.9839665661466882,"(0.072885, 0.105255, 0.122307, 0.131849, 0.138255, 0.143360, 0.147828)","(0.052017, 0.078350, 0.092854, 0.100899, 0.106205, 0.110287, 0.113827)",0.01844635807044272,0.13359324394592217,0.09912512784025498,58.3430552142007,0.9311445568289075,"(0.075539, 0.106798, 0.125583, 0.139153, 0.148869, 0.155790, 0.161535)","(0.054579, 0.079213, 0.094959, 0.106122, 0.114088, 0.119927, 0.124988)",,,,,,,
TimeSformer,epoch,106,0,TimeSformer,14,7,./checkpoints/TimeSformer.pt,0.01568869025783336,0.12518912301089866,0.09319740743871699,57.47659240884984,0.9841174451594658,"(0.072670, 0.104932, 0.121978, 0.131561, 0.137942, 0.142966, 0.147303)","(0.051748, 0.078022, 0.092554, 0.100633, 0.105946, 0.110004, 0.113475)",0.01752460259012878,0.13056433094399317,0.09650922021163362,57.49085821424212,0.9331794445003782,"(0.071485, 0.104028, 0.123115, 0.135949, 0.145560, 0.152673, 0.158473)","(0.050995, 0.077198, 0.093018, 0.103438, 0.111304, 0.117323, 0.122290)",,,,,,,
TimeSformer,epoch,107,0,TimeSformer,14,7,./checkpoints/TimeSformer.pt,0.015648252127612842,0.1250383875623308,0.09311405002595262,57.36196627515427,0.9841657350672052,"(0.072740, 0.105004, 0.121999, 0.131475, 0.137674, 0.142595, 0.147016)","(0.051748, 0.078083, 0.092586, 0.100578, 0.105739, 0.109757, 0.113308)",0.01732434783064361,0.12984145086790835,0.09620629610227686,56.29369265692575,0.9334400658096585,"(0.070348, 0.103191, 0.122084, 0.134912, 0.144695, 0.152099, 0.158338)","(0.050050, 0.076659, 0.092370, 0.102954, 0.111134, 0.117416, 0.122860)",,,,,,,
TimeSformer,epoch,108,0,TimeSformer,14,7,./checkpoints/TimeSformer.pt,0.015570193776821202,0.1247160861890126,0.09286007186041233,57.3413165883815,0.9842330363202603,"(0.072285, 0.104812, 0.121712, 0.131174, 0.137335, 0.142198, 0.146617)","(0.051361, 0.077939, 0.092394, 0.100396, 0.105517, 0.109459, 0.112955)",0.017505068465002944,0.13047081817473685,0.09675171625401292,57.40688054902213,0.9337107347590583,"(0.072111, 0.103707, 0.122579, 0.135404, 0.145013, 0.152799, 0.159065)","(0.052637, 0.077418, 0.092756, 0.103156, 0.111062, 0.117446, 0.122787)",,,,,,,
TimeSformer,epoch,109,0,TimeSformer,14,7,./checkpoints/TimeSformer.pt,0.015578286999717672,0.12475012501064447,0.09292602079345826,57.343721004242596,0.9842188199783893,"(0.072749, 0.104895, 0.121700, 0.131069, 0.137255, 0.142261, 0.146700)","(0.051862, 0.078020, 0.092408, 0.100309, 0.105445, 0.109475, 0.112963)",0.01776483129443867,0.1315696912684611,0.09804659310196127,57.817871706826345,0.9318428060838154,"(0.071085, 0.104658, 0.124204, 0.137127, 0.146577, 0.153975, 0.159986)","(0.051299, 0.078648, 0.094772, 0.105270, 0.112978, 0.119146, 0.124212)",,,,,,,
TimeSformer,best_test,89,1,TimeSformer,14,7,./checkpoints/TimeSformer.pt,,,,,,,,,0.12814029598874704,,,,,,0.012158867421335188,0.1082876496787729,0.07831526483441222,45.22008678830903,0.9303704438538387,"(0.050019, 0.076518, 0.095889, 0.110671, 0.122292, 0.131864, 0.140716)","(0.036096, 0.056283, 0.071472, 0.083308, 0.092735, 0.100482, 0.107832)"
