exp_name,tag,epoch,is_best_val,model,tin,tout,ckpt_path,d_model,depth,num_heads,spatial_scales,train_mse,train_rmse,train_mae,train_mape,train_r2,train_rmse_t,train_mae_t,val_mse,val_rmse,val_mae,val_mape,val_r2,val_rmse_t,val_mae_t,test_mse,test_rmse,test_mae,test_mape,test_r2,test_rmse_t,test_mae_tmsfv3_gdl05,epoch,0,1,MSFv3,14,7,./checkpoints/msfv3_gdl05.pt,128,4,4,"(2, 4, 8, 16)",0.14327038750250606,0.30201415502029655,0.22996774196941802,117.28775162392475,0.8541520732514402,"(0.254905, 0.292333, 0.283454, 0.306843, 0.313575, 0.313241, 0.337023)","(0.190804, 0.220331, 0.216652, 0.236924, 0.239821, 0.241434, 0.263807)",0.028071721217461994,0.16618065163493156,0.12495328432747296,71.0294976575034,0.9003737292119435,"(0.105946, 0.134880, 0.149465, 0.169536, 0.180714, 0.191831, 0.207504)","(0.078918, 0.101512, 0.114062, 0.130566, 0.138822, 0.148208, 0.162585)",,,,,,,
msfv3_gdl05,epoch,1,1,MSFv3,14,7,./checkpoints/msfv3_gdl05.pt,128,4,4,"(2, 4, 8, 16)",0.02620903522449922,0.16178213943066488,0.12064787959481807,72.04181523018696,0.973432590035682,"(0.096679, 0.128616, 0.147086, 0.165005, 0.177907, 0.189495, 0.201992)","(0.070337, 0.095861, 0.111627, 0.126504, 0.136662, 0.146374, 0.157170)",0.024460484207208668,0.15548508587692464,0.11565860520516123,67.89914325305394,0.9103106132575444,"(0.090824, 0.122184, 0.140321, 0.157460, 0.171298, 0.183619, 0.195749)","(0.066253, 0.090876, 0.106113, 0.120790, 0.131553, 0.141716, 0.152310)",,,,,,,
msfv3_gdl05,epoch,2,1,MSFv3,14,7,./checkpoints/msfv3_gdl05.pt,128,4,4,"(2, 4, 8, 16)",0.023562119045156114,0.15336587858858708,0.11383959211092046,69.94204022022004,0.9761613496440522,"(0.086553, 0.120047, 0.140176, 0.156504, 0.169635, 0.181588, 0.191759)","(0.062949, 0.089279, 0.106153, 0.119711, 0.130226, 0.140044, 0.148514)",0.022735451813787222,0.14934470211820944,0.11160064302384853,65.02974333081927,0.9137968293258122,"(0.085733, 0.117067, 0.135590, 0.152133, 0.164788, 0.176517, 0.187309)","(0.063641, 0.088385, 0.103462, 0.117234, 0.126942, 0.136325, 0.145215)",,,,,,,
msfv3_gdl05,epoch,3,1,MSFv3,14,7,./checkpoints/msfv3_gdl05.pt,128,4,4,"(2, 4, 8, 16)",0.02241178736724752,0.14959480436819225,0.11111352644226652,68.95503591983876,0.9772434738722253,"(0.084404, 0.117375, 0.137712, 0.153169, 0.165531, 0.176821, 0.185951)","(0.061738, 0.087350, 0.104398, 0.117170, 0.127092, 0.136336, 0.143709)",0.02218062969456826,0.1477444754647357,0.11000569670328073,66.74404048919678,0.9169837683439255,"(0.083482, 0.115375, 0.135036, 0.150843, 0.163792, 0.174794, 0.184254)","(0.061223, 0.085931, 0.102431, 0.115829, 0.126324, 0.135293, 0.143009)",,,,,,,
msfv3_gdl05,epoch,4,1,MSFv3,14,7,./checkpoints/msfv3_gdl05.pt,128,4,4,"(2, 4, 8, 16)",0.021721523582063456,0.14727574507371152,0.10940369543560008,67.91812361047623,0.9779365944101456,"(0.083033, 0.115924, 0.136395, 0.151311, 0.163022, 0.173667, 0.182171)","(0.060808, 0.086333, 0.103411, 0.115707, 0.125146, 0.133783, 0.140639)",0.020969759805926254,0.14334590546786785,0.10640277846583299,63.93026944569179,0.919529384800366,"(0.080213, 0.112199, 0.131281, 0.146596, 0.158618, 0.169540, 0.178984)","(0.058429, 0.083340, 0.099423, 0.112370, 0.122013, 0.130832, 0.138413)",,,,,,,
msfv3_gdl05,epoch,5,0,MSFv3,14,7,./checkpoints/msfv3_gdl05.pt,128,4,4,"(2, 4, 8, 16)",0.021275972154863338,0.14574316447984015,0.10824400269763267,66.99992248859812,0.9784198698211224,"(0.081473, 0.114946, 0.135534, 0.150133, 0.161470, 0.171546, 0.179855)","(0.059362, 0.085571, 0.102824, 0.114898, 0.124067, 0.132151, 0.138836)",0.021581784156816348,0.1458397193678788,0.10843106039932796,68.29538294247219,0.9167443833180836,"(0.083552, 0.115005, 0.134995, 0.149846, 0.160847, 0.171454, 0.180377)","(0.061518, 0.085533, 0.102254, 0.114695, 0.123582, 0.132108, 0.139326)",,,,,,,
msfv3_gdl05,epoch,6,1,MSFv3,14,7,./checkpoints/msfv3_gdl05.pt,128,4,4,"(2, 4, 8, 16)",0.02094132474009344,0.14461551141650936,0.10729227100122482,66.22424087118596,0.9787631770397754,"(0.079926, 0.114070, 0.134855, 0.149416, 0.160484, 0.170092, 0.178107)","(0.057829, 0.084785, 0.102262, 0.114330, 0.123305, 0.131025, 0.137511)",0.020929624492834722,0.14292316857193196,0.10679393767246179,63.0623893397195,0.9190422594547272,"(0.078145, 0.111519, 0.131615, 0.147351, 0.158919, 0.168716, 0.177678)","(0.057535, 0.084195, 0.100858, 0.113888, 0.122983, 0.130441, 0.137657)",,,,,,,
msfv3_gdl05,epoch,7,1,MSFv3,14,7,./checkpoints/msfv3_gdl05.pt,128,4,4,"(2, 4, 8, 16)",0.020552264853440066,0.14323750946576713,0.10614720803308994,65.26257941063415,0.9791633375781648,"(0.078364, 0.113063, 0.133918, 0.148271, 0.159093, 0.168338, 0.176198)","(0.056258, 0.083960, 0.101507, 0.113416, 0.122214, 0.129652, 0.136024)",0.020132436649873853,0.1403487338019269,0.10435801504978112,61.600438594818115,0.9213702359369823,"(0.076213, 0.109234, 0.129520, 0.144767, 0.156041, 0.165767, 0.174514)","(0.055391, 0.081523, 0.098387, 0.111203, 0.120421, 0.128271, 0.135310)",,,,,,,
msfv3_gdl05,epoch,8,0,MSFv3,14,7,./checkpoints/msfv3_gdl05.pt,128,4,4,"(2, 4, 8, 16)",0.020343748446395422,0.14253701121491794,0.10556828032465691,64.78602135435064,0.9793861257903119,"(0.077823, 0.112920, 0.133659, 0.147749, 0.158308, 0.167229, 0.174947)","(0.055646, 0.083812, 0.101281, 0.112980, 0.121564, 0.128717, 0.134978)",0.020852648187428713,0.14268049863832338,0.1071945388934442,61.89315571103777,0.9166473916598729,"(0.078028, 0.111527, 0.131748, 0.147208, 0.158756, 0.168096, 0.177124)","(0.057852, 0.084596, 0.101329, 0.114196, 0.123389, 0.130772, 0.138228)",,,,,,,
msfv3_gdl05,epoch,9,1,MSFv3,14,7,./checkpoints/msfv3_gdl05.pt,128,4,4,"(2, 4, 8, 16)",0.020314542091193984,0.14244854451871616,0.10549820040134673,64.54715221486192,0.9793826509663399,"(0.077451, 0.112916, 0.133668, 0.147780, 0.158329, 0.167107, 0.174668)","(0.055240, 0.083807, 0.101289, 0.113030, 0.121614, 0.128677, 0.134830)",0.019931851187720895,0.13973296673170157,0.10366750002971717,61.343471493039814,0.9225628461156573,"(0.076006, 0.109147, 0.129573, 0.143906, 0.155434, 0.164797, 0.173306)","(0.054486, 0.081159, 0.098318, 0.110338, 0.119650, 0.127282, 0.134439)",,,,,,,
msfv3_gdl05,epoch,10,0,MSFv3,14,7,./checkpoints/msfv3_gdl05.pt,128,4,4,"(2, 4, 8, 16)",0.01995049304071259,0.14114572618070778,0.10436646640300751,63.809747594468135,0.9797465458829352,"(0.076409, 0.111891, 0.132577, 0.146523, 0.156944, 0.165584, 0.172980)","(0.054078, 0.082824, 0.100303, 0.111950, 0.120480, 0.127452, 0.133479)",0.02034226941343929,0.14109718666544982,0.10479941618229661,60.28727422441755,0.9218640072005135,"(0.075006, 0.109171, 0.130658, 0.146069, 0.157161, 0.166603, 0.175534)","(0.053813, 0.081205, 0.099089, 0.112125, 0.121404, 0.129276, 0.136683)",,,,,,,
msfv3_gdl05,epoch,11,0,MSFv3,14,7,./checkpoints/msfv3_gdl05.pt,128,4,4,"(2, 4, 8, 16)",0.01995309378377142,0.1411557349903888,0.10444429445456951,63.619503853168894,0.979778658202354,"(0.076711, 0.112104, 0.132739, 0.146571, 0.156941, 0.165459, 0.172687)","(0.054434, 0.083091, 0.100505, 0.112029, 0.120497, 0.127340, 0.133215)",0.01997260739361601,0.13985491198088443,0.10385765454598836,60.77597001620701,0.9226360427481788,"(0.075327, 0.108742, 0.129513, 0.144370, 0.155891, 0.164516, 0.174053)","(0.054556, 0.080898, 0.098176, 0.110710, 0.120210, 0.127290, 0.135163)",,,,,,,
msfv3_gdl05,epoch,12,0,MSFv3,14,7,./checkpoints/msfv3_gdl05.pt,128,4,4,"(2, 4, 8, 16)",0.01993914337908017,0.14110837818473093,0.1044078815252857,63.47747948829164,0.9797856560412873,"(0.076299, 0.112090, 0.132850, 0.146665, 0.156962, 0.165368, 0.172552)","(0.053944, 0.083050, 0.100611, 0.112125, 0.120558, 0.127346, 0.133221)",0.019974864453875592,0.1400134800268071,0.10382820665836334,61.5851320198604,0.9228218346834183,"(0.074799, 0.108548, 0.129721, 0.144723, 0.155874, 0.165120, 0.174265)","(0.053228, 0.080511, 0.098474, 0.111023, 0.120310, 0.127880, 0.135371)",,,,,,,
msfv3_gdl05,epoch,13,1,MSFv3,14,7,./checkpoints/msfv3_gdl05.pt,128,4,4,"(2, 4, 8, 16)",0.019796678132595533,0.14060154104396036,0.1040014839790603,63.514967958977884,0.9799051170653486,"(0.075815, 0.111677, 0.132347, 0.146103, 0.156464, 0.164808, 0.171985)","(0.053465, 0.082705, 0.100204, 0.111700, 0.120194, 0.126945, 0.132798)",0.01942883199080825,0.13789189660123416,0.10214585864118167,60.140295369284495,0.9235946855374745,"(0.073203, 0.107535, 0.127927, 0.142317, 0.153603, 0.162700, 0.171339)","(0.051742, 0.079529, 0.096928, 0.109203, 0.118553, 0.125928, 0.133138)",,,,,,,
msfv3_gdl05,epoch,14,0,MSFv3,14,7,./checkpoints/msfv3_gdl05.pt,128,4,4,"(2, 4, 8, 16)",0.01963420611548614,0.14002519582729192,0.10348761787122869,63.09596589271059,0.9800497914882417,"(0.075348, 0.111232, 0.131937, 0.145563, 0.155828, 0.164123, 0.171183)","(0.052960, 0.082269, 0.099814, 0.111199, 0.119647, 0.126398, 0.132126)",0.01984116654577,0.13919171930423804,0.10416779800185136,59.19447568484715,0.9206344102110181,"(0.074672, 0.109190, 0.129259, 0.144411, 0.154956, 0.163945, 0.171893)","(0.054311, 0.082304, 0.098975, 0.111813, 0.120271, 0.127504, 0.133997)",,,,,,,
msfv3_gdl05,epoch,15,1,MSFv3,14,7,./checkpoints/msfv3_gdl05.pt,128,4,4,"(2, 4, 8, 16)",0.0196976530900661,0.1402524692316357,0.10377180191906209,63.211113138401764,0.9799992163130578,"(0.075657, 0.111538, 0.132228, 0.145913, 0.156126, 0.164288, 0.171196)","(0.053290, 0.082569, 0.100108, 0.111582, 0.119983, 0.126627, 0.132245)",0.019265009589227184,0.13722582773438521,0.1016306464693376,59.723166125161306,0.9236501178571156,"(0.072367, 0.106755, 0.126994, 0.141446, 0.153136, 0.162281, 0.170650)","(0.051001, 0.078916, 0.096141, 0.108441, 0.118317, 0.125779, 0.132820)",,,,,,,
msfv3_gdl05,epoch,16,0,MSFv3,14,7,./checkpoints/msfv3_gdl05.pt,128,4,4,"(2, 4, 8, 16)",0.019718764359725915,0.14031705957624815,0.10386102317654072,63.27332890287359,0.9799546555001685,"(0.075943, 0.111794, 0.132355, 0.145825, 0.156093, 0.164307, 0.171269)","(0.053640, 0.082879, 0.100286, 0.111531, 0.119934, 0.126546, 0.132212)",0.019341079318629845,0.1378150372100728,0.10156866668590478,60.65193159239633,0.9246042370796204,"(0.073020, 0.107091, 0.127459, 0.142207, 0.153702, 0.162817, 0.171358)","(0.052054, 0.079246, 0.096239, 0.108345, 0.117814, 0.125112, 0.132171)",,,,,,,
msfv3_gdl05,epoch,17,0,MSFv3,14,7,./checkpoints/msfv3_gdl05.pt,128,4,4,"(2, 4, 8, 16)",0.019382043424597446,0.13912543021343782,0.10272577797320295,62.58019142962517,0.9803531940313096,"(0.074656, 0.110685, 0.131289, 0.144778, 0.154890, 0.162972, 0.169847)","(0.052139, 0.081720, 0.099266, 0.110576, 0.118889, 0.125433, 0.131057)",0.019290910102427006,0.1372743389968361,0.10204867087304592,59.47686651774815,0.9227619341441563,"(0.072185, 0.106831, 0.127305, 0.141648, 0.153187, 0.162238, 0.170550)","(0.051064, 0.079515, 0.096982, 0.109016, 0.118648, 0.126051, 0.133065)",,,,,,,
msfv3_gdl05,epoch,18,1,MSFv3,14,7,./checkpoints/msfv3_gdl05.pt,128,4,4,"(2, 4, 8, 16)",0.01932988991524945,0.1389386909765633,0.10261921323043235,62.54834270477295,0.980408380006222,"(0.074574, 0.110629, 0.131201, 0.144637, 0.154692, 0.162653, 0.169459)","(0.052190, 0.081716, 0.099232, 0.110482, 0.118727, 0.125194, 0.130793)",0.019023395209972347,0.13645614231271402,0.10096432188791889,59.17310874802725,0.9254903793334961,"(0.072235, 0.106523, 0.126970, 0.141087, 0.152112, 0.160920, 0.169055)","(0.051307, 0.078896, 0.096099, 0.107996, 0.117220, 0.124304, 0.130928)",,,,,,,
msfv3_gdl05,epoch,19,1,MSFv3,14,7,./checkpoints/msfv3_gdl05.pt,128,4,4,"(2, 4, 8, 16)",0.019301989650789726,0.13883508015794904,0.1025238721136083,62.547897886722645,0.9804235300485123,"(0.074260, 0.110443, 0.131159, 0.144593, 0.154570, 0.162590, 0.169389)","(0.051806, 0.081560, 0.099230, 0.110462, 0.118669, 0.125188, 0.130752)",0.018802739214152098,0.13568591805441038,0.100049350676792,59.322748865400044,0.9259718826838902,"(0.071489, 0.106042, 0.126149, 0.140151, 0.151202, 0.160099, 0.168307)","(0.050027, 0.078140, 0.095179, 0.106920, 0.116109, 0.123501, 0.130470)",,,,,,,
msfv3_gdl05,epoch,20,0,MSFv3,14,7,./checkpoints/msfv3_gdl05.pt,128,4,4,"(2, 4, 8, 16)",0.01931732339150411,0.13890721174059456,0.1026234561775593,62.55265227784502,0.9804034242604641,"(0.074512, 0.110694, 0.131259, 0.144613, 0.154630, 0.162606, 0.169402)","(0.052083, 0.081751, 0.099325, 0.110494, 0.118724, 0.125207, 0.130780)",0.0189345273787954,0.13605488357799395,0.10101515666714736,58.93114011628287,0.9245263976710183,"(0.071657, 0.106299, 0.126454, 0.140816, 0.152053, 0.160720, 0.168023)","(0.050794, 0.079106, 0.096135, 0.108323, 0.117573, 0.124678, 0.130497)",,,,,,,
msfv3_gdl05,epoch,21,0,MSFv3,14,7,./checkpoints/msfv3_gdl05.pt,128,4,4,"(2, 4, 8, 16)",0.019318234185351335,0.1388844504022132,0.10272644313567496,62.733719501089546,0.9803956306361138,"(0.074618, 0.110810, 0.131434, 0.144677, 0.154567, 0.162464, 0.169125)","(0.052292, 0.081986, 0.099539, 0.110625, 0.118788, 0.125198, 0.130657)",0.019054263231477568,0.13680711574852467,0.10067386738955975,60.52833914756775,0.9256011205060142,"(0.071908, 0.106448, 0.126430, 0.141801, 0.152672, 0.161752, 0.169745)","(0.050214, 0.078154, 0.095143, 0.107953, 0.117163, 0.124699, 0.131392)",,,,,,,
msfv3_gdl05,epoch,22,0,MSFv3,14,7,./checkpoints/msfv3_gdl05.pt,128,4,4,"(2, 4, 8, 16)",0.019042200062106898,0.1379173163122596,0.10182058906301539,62.017575081358565,0.9806907877643057,"(0.073709, 0.109905, 0.130408, 0.143649, 0.153592, 0.161428, 0.168155)","(0.051263, 0.081078, 0.098612, 0.109724, 0.117929, 0.124313, 0.129825)",0.018822700683293597,0.13597759923764638,0.0999278798699379,60.530696051461355,0.9257654952151435,"(0.072008, 0.106546, 0.126946, 0.140863, 0.151634, 0.160456, 0.167508)","(0.050210, 0.078190, 0.095431, 0.107100, 0.116039, 0.123276, 0.129249)",,,,,,,
msfv3_gdl05,epoch,23,0,MSFv3,14,7,./checkpoints/msfv3_gdl05.pt,128,4,4,"(2, 4, 8, 16)",0.019017844084412493,0.13781290127439502,0.10174966952268114,62.045639930887425,0.9807226296435011,"(0.073653, 0.110001, 0.130483, 0.143624, 0.153442, 0.161196, 0.167816)","(0.051209, 0.081144, 0.098668, 0.109709, 0.117795, 0.124142, 0.129580)",0.019568563971136297,0.13832105030970915,0.10370646975934505,60.707948616572786,0.9237300455570221,"(0.075471, 0.109636, 0.130179, 0.142522, 0.153619, 0.162068, 0.170123)","(0.055828, 0.083017, 0.100103, 0.109784, 0.118939, 0.125838, 0.132435)",,,,,,,
msfv3_gdl05,epoch,24,1,MSFv3,14,7,./checkpoints/msfv3_gdl05.pt,128,4,4,"(2, 4, 8, 16)",0.019008982545161184,0.1377705962926924,0.10175211656283825,62.1044227113115,0.9806843231967155,"(0.073595, 0.109986, 0.130475, 0.143569, 0.153412, 0.161129, 0.167723)","(0.051254, 0.081165, 0.098699, 0.109714, 0.117815, 0.124101, 0.129516)",0.01853850863075682,0.13481987613652432,0.09918640181422234,58.93075449126108,0.9269759995596749,"(0.070210, 0.105392, 0.125641, 0.139573, 0.150475, 0.159314, 0.166603)","(0.048715, 0.077539, 0.094705, 0.106370, 0.115458, 0.122678, 0.128840)",,,,,,,
msfv3_gdl05,epoch,25,0,MSFv3,14,7,./checkpoints/msfv3_gdl05.pt,128,4,4,"(2, 4, 8, 16)",0.018907398896965574,0.13741070083826418,0.1014284482027622,61.80456662685313,0.9807876123392836,"(0.073488, 0.109698, 0.130176, 0.143253, 0.152959, 0.160656, 0.167291)","(0.051129, 0.080897, 0.098401, 0.109367, 0.117384, 0.123686, 0.129134)",0.01867861970926502,0.13517736217805318,0.10039294191769191,58.521391834531514,0.9254489264317921,"(0.070830, 0.105988, 0.125953, 0.139809, 0.150993, 0.159440, 0.166980)","(0.050034, 0.078922, 0.095754, 0.107404, 0.116815, 0.123737, 0.130085)",,,,,,,
msfv3_gdl05,epoch,26,0,MSFv3,14,7,./checkpoints/msfv3_gdl05.pt,128,4,4,"(2, 4, 8, 16)",0.01891979534535649,0.13745662899018887,0.10150880374489947,61.93866368557544,0.9807662963867188,"(0.073420, 0.109708, 0.130250, 0.143355, 0.153065, 0.160753, 0.167240)","(0.051036, 0.080927, 0.098545, 0.109548, 0.117549, 0.123827, 0.129129)",0.0186451812208231,0.13516997093600885,0.09965148035969053,60.2508670261928,0.9268739436353955,"(0.071851, 0.106823, 0.126875, 0.140420, 0.150457, 0.158654, 0.165994)","(0.050258, 0.078509, 0.095513, 0.106942, 0.115410, 0.122361, 0.128567)",,,,,,,
msfv3_gdl05,epoch,27,0,MSFv3,14,7,./checkpoints/msfv3_gdl05.pt,128,4,4,"(2, 4, 8, 16)",0.018815269119086417,0.1370738461142875,0.10119414904174652,61.633383426260444,0.9809156684799397,"(0.073225, 0.109490, 0.129936, 0.143008, 0.152645, 0.160285, 0.166629)","(0.050894, 0.080745, 0.098270, 0.109242, 0.117178, 0.123425, 0.128605)",0.01878571743145585,0.13589457528931753,0.09990365031574454,61.12640772547041,0.9263107287032264,"(0.071051, 0.106591, 0.126876, 0.140818, 0.151695, 0.160183, 0.167687)","(0.049337, 0.078160, 0.095439, 0.107221, 0.116256, 0.123271, 0.129642)",,,,,,,
msfv3_gdl05,epoch,28,0,MSFv3,14,7,./checkpoints/msfv3_gdl05.pt,128,4,4,"(2, 4, 8, 16)",0.018693198856124853,0.13664387975704925,0.10083470235955208,61.43839290294241,0.9810526767309676,"(0.072970, 0.109296, 0.129633, 0.142598, 0.152181, 0.159638, 0.166051)","(0.050588, 0.080526, 0.097984, 0.108901, 0.116812, 0.122891, 0.128140)",0.01857177385993834,0.1348891511027302,0.09928919481379646,59.55365473883493,0.9276264693055835,"(0.070409, 0.105438, 0.125949, 0.139394, 0.150126, 0.159326, 0.167101)","(0.048795, 0.077475, 0.094990, 0.106418, 0.115321, 0.122739, 0.129287)",,,,,,,
msfv3_gdl05,epoch,29,0,MSFv3,14,7,./checkpoints/msfv3_gdl05.pt,128,4,4,"(2, 4, 8, 16)",0.018756794951301305,0.13686839636398784,0.10114170983433723,61.69473124564962,0.9810051730972655,"(0.073648, 0.109646, 0.129908, 0.142813, 0.152378, 0.159794, 0.166062)","(0.051432, 0.080953, 0.098296, 0.109115, 0.116991, 0.123037, 0.128168)",0.01882053991513593,0.1359347929911954,0.10063619858452252,60.74234686579023,0.9265735788004739,"(0.070909, 0.105839, 0.126364, 0.140557, 0.151984, 0.160774, 0.168229)","(0.049976, 0.078347, 0.095809, 0.107740, 0.117205, 0.124556, 0.130821)",,,,,,,
msfv3_gdl05,epoch,30,0,MSFv3,14,7,./checkpoints/msfv3_gdl05.pt,128,4,4,"(2, 4, 8, 16)",0.01863154584165425,0.13641425163516593,0.10067182125404794,61.30488641211327,0.981074925115768,"(0.072908, 0.109167, 0.129542, 0.142465, 0.151889, 0.159290, 0.165590)","(0.050648, 0.080452, 0.097902, 0.108776, 0.116542, 0.122613, 0.127771)",0.018609166710770557,0.134979175137622,0.10065970835941178,59.575072867529734,0.926724876676287,"(0.072209, 0.106663, 0.126907, 0.140263, 0.150287, 0.158234, 0.165534)","(0.052248, 0.080027, 0.097132, 0.108082, 0.116087, 0.122468, 0.128573)",,,,,,,
msfv3_gdl05,epoch,31,1,MSFv3,14,7,./checkpoints/msfv3_gdl05.pt,128,4,4,"(2, 4, 8, 16)",0.018580839478787272,0.1362303589667662,0.10056783900933063,61.41960872487819,0.981195829333143,"(0.073025, 0.109152, 0.129434, 0.142261, 0.151666, 0.159029, 0.165235)","(0.050754, 0.080477, 0.097868, 0.108632, 0.116377, 0.122393, 0.127475)",0.018274540547281504,0.13387977837451867,0.09861331912023681,59.34240732874189,0.9284477063587734,"(0.071131, 0.105771, 0.125714, 0.138527, 0.149104, 0.157314, 0.164582)","(0.049524, 0.077629, 0.094606, 0.105568, 0.114446, 0.121228, 0.127291)",,,,,,,
msfv3_gdl05,epoch,32,0,MSFv3,14,7,./checkpoints/msfv3_gdl05.pt,128,4,4,"(2, 4, 8, 16)",0.01854418464341855,0.13607944485735665,0.10050036643255264,61.31748018873499,0.9811799792533226,"(0.072969, 0.109057, 0.129324, 0.142133, 0.151514, 0.158819, 0.164994)","(0.050778, 0.080453, 0.097828, 0.108568, 0.116296, 0.122259, 0.127321)",0.018466522551274726,0.13460439629852772,0.09959292943988528,60.70385640008109,0.9271969624928066,"(0.075655, 0.107081, 0.126317, 0.139481, 0.149425, 0.157420, 0.164253)","(0.054288, 0.078711, 0.095056, 0.106211, 0.114552, 0.121252, 0.127081)",,,,,,,
msfv3_gdl05,epoch,33,0,MSFv3,14,7,./checkpoints/msfv3_gdl05.pt,128,4,4,"(2, 4, 8, 16)",0.018451427263108656,0.13574111663809546,0.10021037418157497,61.17418802545426,0.9812987294602902,"(0.072719, 0.108827, 0.129072, 0.141809, 0.151118, 0.158386, 0.164562)","(0.050497, 0.080191, 0.097584, 0.108291, 0.115990, 0.121923, 0.126997)",0.01835657305283738,0.13408266619912215,0.0989547712462289,59.11302072661264,0.9282461340938296,"(0.071177, 0.105552, 0.126068, 0.139509, 0.149482, 0.157399, 0.164366)","(0.049519, 0.077447, 0.094971, 0.106452, 0.114935, 0.121694, 0.127665)",,,,,,,
msfv3_gdl05,epoch,34,1,MSFv3,14,7,./checkpoints/msfv3_gdl05.pt,128,4,4,"(2, 4, 8, 16)",0.01851979254229747,0.13601328636177423,0.10051161193467201,61.3300645503592,0.9812186084529186,"(0.073402, 0.109277, 0.129412, 0.142098, 0.151279, 0.158534, 0.164707)","(0.051302, 0.080645, 0.097883, 0.108531, 0.116126, 0.122019, 0.127076)",0.01809670207356768,0.13306237118584768,0.09824716579169035,58.50496104785374,0.9283809896026339,"(0.069639, 0.104636, 0.124971, 0.138597, 0.148726, 0.156246, 0.163183)","(0.048442, 0.077024, 0.094611, 0.106122, 0.114552, 0.120574, 0.126405)",,,,,,,
msfv3_gdl05,epoch,35,0,MSFv3,14,7,./checkpoints/msfv3_gdl05.pt,128,4,4,"(2, 4, 8, 16)",0.018393608647339205,0.13553626091251958,0.1000561311523965,60.98402453483419,0.9813009985583894,"(0.072570, 0.108733, 0.128931, 0.141682, 0.150863, 0.158154, 0.164192)","(0.050356, 0.080133, 0.097489, 0.108220, 0.115790, 0.121738, 0.126668)",0.018161993091260747,0.13336883511926448,0.09879047317164284,58.693986313683645,0.9287522839648383,"(0.070463, 0.105248, 0.124829, 0.138498, 0.149031, 0.156813, 0.163573)","(0.049523, 0.078100, 0.094528, 0.106033, 0.114733, 0.121404, 0.127211)",,,,,,,
msfv3_gdl05,epoch,36,0,MSFv3,14,7,./checkpoints/msfv3_gdl05.pt,128,4,4,"(2, 4, 8, 16)",0.018422461491315923,0.1356230589231014,0.10012750712005382,61.05027024289395,0.9812987976251765,"(0.072922, 0.109018, 0.129122, 0.141776, 0.150978, 0.158105, 0.164037)","(0.050742, 0.080363, 0.097613, 0.108227, 0.115809, 0.121639, 0.126500)",0.019339569711259434,0.1373379102775029,0.10348025390080043,57.27428480557033,0.9195679809365954,"(0.073696, 0.107694, 0.127833, 0.142043, 0.152586, 0.162381, 0.169322)","(0.053765, 0.081232, 0.098224, 0.110431, 0.119313, 0.127781, 0.133616)",,,,,,,
msfv3_gdl05,epoch,37,0,MSFv3,14,7,./checkpoints/msfv3_gdl05.pt,128,4,4,"(2, 4, 8, 16)",0.018249965485859106,0.13501709780645013,0.09949981524272168,60.66535069080109,0.9815182812670444,"(0.071986, 0.108297, 0.128530, 0.141220, 0.150379, 0.157548, 0.163483)","(0.049597, 0.079656, 0.097055, 0.107735, 0.115302, 0.121160, 0.125993)",0.018522673851943443,0.13470972489033425,0.10048419237136841,58.82127002307347,0.9266856099878039,"(0.070307, 0.105439, 0.125967, 0.139441, 0.150572, 0.159498, 0.165481)","(0.049694, 0.078558, 0.096235, 0.107544, 0.117023, 0.124730, 0.129604)",,,,,,,
msfv3_gdl05,epoch,38,0,MSFv3,14,7,./checkpoints/msfv3_gdl05.pt,128,4,4,"(2, 4, 8, 16)",0.018284314099025537,0.13512530794416175,0.09973375174276372,60.87682366878428,0.9814656313429487,"(0.072612, 0.108567, 0.128645, 0.141236, 0.150343, 0.157513, 0.163590)","(0.050459, 0.079982, 0.097220, 0.107802, 0.115344, 0.121195, 0.126134)",0.0183861691704286,0.13391477588031972,0.0997353099020464,57.11197934831892,0.9251047734703336,"(0.070589, 0.105672, 0.125332, 0.138689, 0.149256, 0.157844, 0.164613)","(0.049997, 0.078875, 0.095436, 0.106703, 0.115637, 0.122906, 0.128594)",,,,,,,
msfv3_gdl05,epoch,39,1,MSFv3,14,7,./checkpoints/msfv3_gdl05.pt,128,4,4,"(2, 4, 8, 16)",0.018219152921216286,0.13490020580940576,0.09951015113991626,60.67957721872533,0.9815081430876509,"(0.072136, 0.108375, 0.128549, 0.141162, 0.150182, 0.157242, 0.163209)","(0.049890, 0.079803, 0.097132, 0.107747, 0.115197, 0.120956, 0.125845)",0.01790435628832451,0.13233807257243566,0.09776344376483134,57.99412325450352,0.929085972053664,"(0.069237, 0.104332, 0.124225, 0.137412, 0.147638, 0.155689, 0.162524)","(0.047932, 0.076757, 0.093821, 0.105077, 0.113737, 0.120573, 0.126447)",,,,,,,
msfv3_gdl05,epoch,40,0,MSFv3,14,7,./checkpoints/msfv3_gdl05.pt,128,4,4,"(2, 4, 8, 16)",0.018222008252199343,0.1348974869301384,0.09958258592226404,60.754362045450414,0.9814627126176306,"(0.072637, 0.108560, 0.128635, 0.141179, 0.150094, 0.157074, 0.162994)","(0.050493, 0.079973, 0.097175, 0.107726, 0.115141, 0.120864, 0.125706)",0.018243363642665957,0.13363730029336043,0.09897219762206078,58.163595131465364,0.9293433874845505,"(0.072201, 0.105912, 0.125785, 0.138725, 0.148600, 0.156722, 0.163433)","(0.050881, 0.078168, 0.095155, 0.106131, 0.114480, 0.121173, 0.126817)",,,,,,,
msfv3_gdl05,epoch,41,0,MSFv3,14,7,./checkpoints/msfv3_gdl05.pt,128,4,4,"(2, 4, 8, 16)",0.01818914032303431,0.13477543128387706,0.09948356136521126,60.720244590272294,0.9815377846677252,"(0.072370, 0.108317, 0.128443, 0.140970, 0.149969, 0.157062, 0.163007)","(0.050144, 0.079789, 0.097095, 0.107651, 0.115094, 0.120879, 0.125733)",0.01811208339807178,0.1330064625612327,0.09871858172118664,57.872238057000295,0.9273375890084675,"(0.070135, 0.104626, 0.124720, 0.138520, 0.148562, 0.156263, 0.163028)","(0.049540, 0.077456, 0.094681, 0.106450, 0.114791, 0.121158, 0.126954)",,,,,,,
msfv3_gdl05,epoch,42,0,MSFv3,14,7,./checkpoints/msfv3_gdl05.pt,128,4,4,"(2, 4, 8, 16)",0.018256220897223722,0.13501919489834946,0.09967662017554679,60.745131898433605,0.9814554687510145,"(0.072592, 0.108619, 0.128618, 0.141178, 0.150296, 0.157348, 0.163237)","(0.050494, 0.080091, 0.097226, 0.107736, 0.115298, 0.121063, 0.125828)",0.018390968209132552,0.1340601383043187,0.09977323349033083,57.39643669128418,0.9254814386367798,"(0.069642, 0.104257, 0.124695, 0.138630, 0.149374, 0.158567, 0.166360)","(0.048359, 0.076964, 0.094942, 0.106996, 0.116136, 0.124115, 0.130900)",,,,,,,
msfv3_gdl05,epoch,43,0,MSFv3,14,7,./checkpoints/msfv3_gdl05.pt,128,4,4,"(2, 4, 8, 16)",0.018308404803355324,0.13522202608632336,0.09986311169539361,60.73315786808095,0.981392836000057,"(0.072790, 0.108850, 0.128888, 0.141432, 0.150394, 0.157501, 0.163453)","(0.050685, 0.080294, 0.097490, 0.108007, 0.115382, 0.121179, 0.126005)",0.018016091331706514,0.13283593127770082,0.09770907940609115,59.43288145746504,0.9291034724031176,"(0.070558, 0.105251, 0.124686, 0.137716, 0.147955, 0.156199, 0.162838)","(0.048881, 0.077029, 0.093696, 0.104706, 0.113287, 0.120316, 0.126048)",,,,,,,
msfv3_gdl05,epoch,44,0,MSFv3,14,7,./checkpoints/msfv3_gdl05.pt,128,4,4,"(2, 4, 8, 16)",0.018184355653307224,0.13475611294866552,0.09944014683207299,60.668710728909105,0.9815587065321334,"(0.072422, 0.108480, 0.128521, 0.141090, 0.150010, 0.156937, 0.162696)","(0.050249, 0.079899, 0.097108, 0.107675, 0.115055, 0.120719, 0.125376)",0.018028483144007623,0.1327915553535734,0.09873573641691889,57.86307256562369,0.9286181543554578,"(0.070317, 0.105023, 0.124878, 0.138124, 0.147947, 0.155990, 0.162533)","(0.049982, 0.078096, 0.094953, 0.106115, 0.114277, 0.121102, 0.126625)",,,,,,,
msfv3_gdl05,epoch,45,0,MSFv3,14,7,./checkpoints/msfv3_gdl05.pt,128,4,4,"(2, 4, 8, 16)",0.018070800373568497,0.1343364241767543,0.0990498590659588,60.300873228844175,0.9816822932755693,"(0.071875, 0.108124, 0.128204, 0.140633, 0.149515, 0.156494, 0.162242)","(0.049599, 0.079569, 0.096828, 0.107300, 0.114659, 0.120362, 0.125031)",0.017896359370622252,0.13242120455418313,0.09800612620477166,58.90459156036377,0.9303816301482064,"(0.071208, 0.106012, 0.124641, 0.137452, 0.147438, 0.155051, 0.161436)","(0.050400, 0.078475, 0.094168, 0.104868, 0.113262, 0.119666, 0.125204)",,,,,,,
msfv3_gdl05,epoch,46,0,MSFv3,14,7,./checkpoints/msfv3_gdl05.pt,128,4,4,"(2, 4, 8, 16)",0.018219153421554477,0.1348788443666544,0.0996231921809785,60.71408010036387,0.9815048632469583,"(0.072894, 0.108657, 0.128609, 0.141083, 0.150007, 0.157008, 0.162930)","(0.050819, 0.080133, 0.097223, 0.107700, 0.115086, 0.120787, 0.125616)",0.018195755979312316,0.13334676969264234,0.0996913191463266,57.3829688004085,0.9273758019719806,"(0.071932, 0.105696, 0.125492, 0.138809, 0.148914, 0.156345, 0.162328)","(0.052064, 0.079042, 0.095898, 0.107132, 0.115597, 0.121692, 0.126413)",,,,,,,
msfv3_gdl05,epoch,47,0,MSFv3,14,7,./checkpoints/msfv3_gdl05.pt,128,4,4,"(2, 4, 8, 16)",0.018061350768511283,0.13429846346051486,0.09902122153088133,60.34807511593433,0.9817106856944713,"(0.072007, 0.108143, 0.128147, 0.140550, 0.149482, 0.156410, 0.162207)","(0.049710, 0.079564, 0.096766, 0.107222, 0.114625, 0.120285, 0.124976)",0.017877212409595295,0.1323832973305668,0.09810158237814903,58.66766841070993,0.9305876003844398,"(0.070313, 0.105236, 0.124595, 0.137614, 0.147723, 0.155240, 0.161587)","(0.049718, 0.078195, 0.094524, 0.105382, 0.113764, 0.119882, 0.125247)",,,,,,,
msfv3_gdl05,epoch,48,0,MSFv3,14,7,./checkpoints/msfv3_gdl05.pt,128,4,4,"(2, 4, 8, 16)",0.018001163606234688,0.13406910848280246,0.09886409980344012,60.168345613682526,0.9817059601240969,"(0.071883, 0.108113, 0.128061, 0.140432, 0.149216, 0.156026, 0.161723)","(0.049673, 0.079590, 0.096725, 0.107146, 0.114400, 0.119948, 0.124567)",0.01847633406785982,0.1344480767313923,0.10056647232600621,58.236165932246614,0.9257148270096097,"(0.070915, 0.105067, 0.125052, 0.138749, 0.150207, 0.158495, 0.166494)","(0.050880, 0.078356, 0.095374, 0.107077, 0.117028, 0.124101, 0.131150)",,,,,,,
msfv3_gdl05,epoch,49,1,MSFv3,14,7,./checkpoints/msfv3_gdl05.pt,128,4,4,"(2, 4, 8, 16)",0.01804871035819041,0.13424834508137162,0.09905074750806422,60.38761520385742,0.9816899109393993,"(0.072239, 0.108239, 0.128104, 0.140481, 0.149334, 0.156298, 0.162081)","(0.050141, 0.079703, 0.096755, 0.107190, 0.114503, 0.120182, 0.124881)",0.017603279473925277,0.1313143689185381,0.09674786776304245,57.61836610521589,0.9311290000166211,"(0.069221, 0.104004, 0.123865, 0.136753, 0.146306, 0.153958, 0.160551)","(0.047971, 0.076344, 0.093494, 0.104323, 0.112191, 0.118592, 0.124320)",,,,,,,
msfv3_gdl05,epoch,50,0,MSFv3,14,7,./checkpoints/msfv3_gdl05.pt,128,4,4,"(2, 4, 8, 16)",0.01807651965522227,0.13435711345255852,0.09911191907334835,60.35155117765386,0.9816564527597833,"(0.072193, 0.108222, 0.128243, 0.140653, 0.149537, 0.156454, 0.162187)","(0.050060, 0.079728, 0.096876, 0.107303, 0.114637, 0.120276, 0.124903)",0.01789246464613825,0.13256063365510531,0.09782358312181064,58.5647235597883,0.9302521347999573,"(0.069012, 0.104387, 0.124310, 0.137667, 0.147796, 0.156053, 0.163000)","(0.047852, 0.076903, 0.093827, 0.105036, 0.113673, 0.120812, 0.126661)",,,,,,,
msfv3_gdl05,epoch,51,0,MSFv3,14,7,./checkpoints/msfv3_gdl05.pt,128,4,4,"(2, 4, 8, 16)",0.018134577759601016,0.13456583477073092,0.09935097325038403,60.52998205955992,0.9816293554737213,"(0.072343, 0.108477, 0.128470, 0.140880, 0.149744, 0.156663, 0.162374)","(0.050279, 0.079964, 0.097129, 0.107561, 0.114875, 0.120516, 0.125133)",0.01766814645712397,0.1314529427992446,0.0969435176146882,57.25534905706133,0.9301136859825679,"(0.068904, 0.103783, 0.123609, 0.136623, 0.146637, 0.154450, 0.161198)","(0.047880, 0.076311, 0.093100, 0.104175, 0.112788, 0.119356, 0.124994)",,,,,,,
msfv3_gdl05,epoch,52,0,MSFv3,14,7,./checkpoints/msfv3_gdl05.pt,128,4,4,"(2, 4, 8, 16)",0.017980092467660917,0.1340119885533629,0.09885652684309382,60.20740797164592,0.9817644509863346,"(0.072237, 0.108022, 0.127899, 0.140252, 0.149075, 0.155952, 0.161785)","(0.050159, 0.079557, 0.096567, 0.106973, 0.114258, 0.119877, 0.124605)",0.017626423787857805,0.1313385223703725,0.09725752459572894,57.34386362348284,0.9308400026389531,"(0.070017, 0.104353, 0.123809, 0.136474, 0.146451, 0.153826, 0.160427)","(0.049339, 0.077260, 0.093862, 0.104329, 0.112694, 0.118848, 0.124470)",,,,,,,
msfv3_gdl05,epoch,53,0,MSFv3,14,7,./checkpoints/msfv3_gdl05.pt,128,4,4,"(2, 4, 8, 16)",0.017951776065487177,0.1339039437514012,0.09870886033836831,60.13797940599157,0.9817967376810439,"(0.071630, 0.107851, 0.127905, 0.140277, 0.149084, 0.155891, 0.161589)","(0.049412, 0.079359, 0.096570, 0.107004, 0.114300, 0.119865, 0.124453)",0.01822250331419387,0.13340690652174608,0.09938111874674048,56.94557728086199,0.9275914217744555,"(0.069971, 0.104699, 0.124487, 0.138351, 0.148843, 0.157376, 0.164311)","(0.048942, 0.077464, 0.094734, 0.106830, 0.115721, 0.123037, 0.128940)",,,,,,,
msfv3_gdl05,epoch,54,0,MSFv3,14,7,./checkpoints/msfv3_gdl05.pt,128,4,4,"(2, 4, 8, 16)",0.01797757602415662,0.13399168991471466,0.09882064809666034,60.263269830257336,0.9817443949745056,"(0.072087, 0.108112, 0.127972, 0.140309, 0.149075, 0.155950, 0.161562)","(0.049968, 0.079628, 0.096638, 0.107018, 0.114263, 0.119849, 0.124380)",0.017742831043766012,0.13186382741800376,0.09748256379472357,57.73966343062265,0.9306858799287251,"(0.070269, 0.104058, 0.123595, 0.136769, 0.147016, 0.154985, 0.161781)","(0.048789, 0.076322, 0.093267, 0.104572, 0.113371, 0.120142, 0.125914)",,,,,,,
msfv3_gdl05,epoch,55,0,MSFv3,14,7,./checkpoints/msfv3_gdl05.pt,128,4,4,"(2, 4, 8, 16)",0.017965660906059944,0.13393658054455385,0.09884417782280039,60.20001261285011,0.9817650844442084,"(0.072296, 0.108039, 0.127933, 0.140213, 0.149016, 0.155835, 0.161503)","(0.050221, 0.079597, 0.096652, 0.106983, 0.114252, 0.119818, 0.124385)",0.017946753634272943,0.13241559825837612,0.0983238403818437,56.82466721534729,0.9290031769445964,"(0.069104, 0.104281, 0.123961, 0.137348, 0.147619, 0.155894, 0.163065)","(0.048192, 0.077044, 0.093874, 0.105507, 0.114279, 0.121527, 0.127844)",,,,,,,
msfv3_gdl05,epoch,56,0,MSFv3,14,7,./checkpoints/msfv3_gdl05.pt,128,4,4,"(2, 4, 8, 16)",0.0178487559067125,0.1335229675272541,0.09838648635814799,59.89895404653346,0.9818799451310584,"(0.071542, 0.107749, 0.127617, 0.139846, 0.148595, 0.155389, 0.161011)","(0.049283, 0.079278, 0.096333, 0.106626, 0.113857, 0.119383, 0.123945)",0.017800305554244136,0.13188014179468155,0.09789020687873874,56.89571196692331,0.9295900783368519,"(0.069255, 0.104124, 0.124013, 0.137614, 0.147379, 0.154752, 0.161163)","(0.048687, 0.077125, 0.094193, 0.105855, 0.113956, 0.119987, 0.125430)",,,,,,,
msfv3_gdl05,epoch,57,0,MSFv3,14,7,./checkpoints/msfv3_gdl05.pt,128,4,4,"(2, 4, 8, 16)",0.017901427033258244,0.13372157637454604,0.09860081673461071,59.96752294580987,0.9818455843215294,"(0.072062, 0.107958, 0.127829, 0.140049, 0.148765, 0.155556, 0.161119)","(0.049889, 0.079485, 0.096506, 0.106771, 0.113977, 0.119542, 0.124036)",0.017631433056002215,0.13152344205549785,0.09666710905730724,58.214024782180786,0.9312859858785357,"(0.068799, 0.104076, 0.123780, 0.136550, 0.146624, 0.154487, 0.161290)","(0.047767, 0.076392, 0.093124, 0.103931, 0.112247, 0.118759, 0.124451)",,,,,,,
msfv3_gdl05,epoch,58,0,MSFv3,14,7,./checkpoints/msfv3_gdl05.pt,128,4,4,"(2, 4, 8, 16)",0.017924218785334775,0.13380382367631696,0.09869458827566593,60.10608127269339,0.9818130535014132,"(0.071968, 0.107889, 0.127766, 0.140152, 0.148944, 0.155718, 0.161348)","(0.049870, 0.079489, 0.096503, 0.106899, 0.114172, 0.119683, 0.124248)",0.018062161714104668,0.13284853978880815,0.09928934808288302,56.61791297367641,0.9268617566142764,"(0.070295, 0.105505, 0.125516, 0.138133, 0.148196, 0.155547, 0.162288)","(0.050295, 0.079171, 0.096194, 0.106592, 0.114944, 0.121029, 0.126800)",,,,,,,
msfv3_gdl05,epoch,59,1,MSFv3,14,7,./checkpoints/msfv3_gdl05.pt,128,4,4,"(2, 4, 8, 16)",0.017837300847106156,0.13346939234564054,0.0983692957286505,59.83150784512784,0.9819131474545661,"(0.071589, 0.107607, 0.127536, 0.139821, 0.148558, 0.155351, 0.160926)","(0.049386, 0.079183, 0.096321, 0.106659, 0.113846, 0.119351, 0.123838)",0.01754998364153185,0.13105513634426252,0.09613084553607873,57.70176369803293,0.931382839168821,"(0.068561, 0.103636, 0.123604, 0.136453, 0.146365, 0.153775, 0.160219)","(0.047020, 0.075829, 0.092831, 0.103592, 0.111804, 0.118222, 0.123618)",,,,,,,
msfv3_gdl05,epoch,60,0,MSFv3,14,7,./checkpoints/msfv3_gdl05.pt,128,4,4,"(2, 4, 8, 16)",0.017795376340918084,0.13331003904004748,0.09823921770650021,59.84891889450398,0.9819074789894388,"(0.071606, 0.107542, 0.127382, 0.139677, 0.148394, 0.155102, 0.160680)","(0.049390, 0.079103, 0.096149, 0.106514, 0.113693, 0.119144, 0.123682)",0.017615739804958657,0.13130056911281177,0.0973989222464817,57.45865242821829,0.9307360563959394,"(0.070354, 0.104375, 0.123669, 0.136732, 0.146282, 0.153729, 0.160142)","(0.050186, 0.077516, 0.093800, 0.104894, 0.112664, 0.118696, 0.124035)",,,,,,,
msfv3_gdl05,epoch,61,0,MSFv3,14,7,./checkpoints/msfv3_gdl05.pt,128,4,4,"(2, 4, 8, 16)",0.01779788666642568,0.13332355751164143,0.0982983723441337,59.84323172873639,0.9819449424109561,"(0.071713, 0.107667, 0.127455, 0.139645, 0.148327, 0.155058, 0.160699)","(0.049545, 0.079264, 0.096254, 0.106497, 0.113665, 0.119142, 0.123722)",0.017816158194494034,0.13194031055484498,0.09813072000231061,57.55627908025469,0.9301363016877856,"(0.070588, 0.104510, 0.124085, 0.137407, 0.147406, 0.154832, 0.160665)","(0.050523, 0.077653, 0.094261, 0.105548, 0.113888, 0.120069, 0.124973)",,,,,,,
msfv3_gdl05,epoch,62,0,MSFv3,14,7,./checkpoints/msfv3_gdl05.pt,128,4,4,"(2, 4, 8, 16)",0.017824965454836156,0.1334124716059106,0.09841705866633578,59.957203682432784,0.9819286754156681,"(0.072001, 0.107806, 0.127560, 0.139762, 0.148396, 0.155115, 0.160676)","(0.049920, 0.079411, 0.096355, 0.106627, 0.113744, 0.119184, 0.123680)",0.017590326822495887,0.13125711546412536,0.09663833997079305,58.367765290396555,0.9317622865949359,"(0.069154, 0.103891, 0.123582, 0.136445, 0.146352, 0.154007, 0.160741)","(0.047820, 0.076142, 0.092926, 0.103866, 0.112222, 0.118829, 0.124665)",,,,,,,
msfv3_gdl05,epoch,63,0,MSFv3,14,7,./checkpoints/msfv3_gdl05.pt,128,4,4,"(2, 4, 8, 16)",0.017752390032871924,0.133154451315835,0.09812858248961732,59.76509181489336,0.9820020515868004,"(0.071445, 0.107422, 0.127262, 0.139536, 0.148208, 0.154942, 0.160477)","(0.049282, 0.079067, 0.096094, 0.106415, 0.113532, 0.119028, 0.123482)",0.017734377245817865,0.1316870879381895,0.09759025342230286,57.12632043021066,0.9304718800953456,"(0.071601, 0.104415, 0.123385, 0.136379, 0.146219, 0.154301, 0.161811)","(0.050208, 0.076505, 0.093041, 0.104331, 0.112759, 0.119766, 0.126521)",,,,,,,
msfv3_gdl05,epoch,64,0,MSFv3,14,7,./checkpoints/msfv3_gdl05.pt,128,4,4,"(2, 4, 8, 16)",0.01776751596480608,0.13319335664534,0.09818171884151215,59.68942159287473,0.9819447835709186,"(0.071679, 0.107567, 0.127381, 0.139529, 0.148165, 0.154902, 0.160493)","(0.049543, 0.079176, 0.096154, 0.106379, 0.113526, 0.118991, 0.123503)",0.017733140000408248,0.1316097415983677,0.09748288430273533,56.15969330923898,0.9311945161649159,"(0.069911, 0.105012, 0.124290, 0.136807, 0.146430, 0.154104, 0.160656)","(0.048950, 0.077566, 0.093922, 0.104637, 0.112782, 0.119389, 0.125134)",,,,,,,
msfv3_gdl05,epoch,65,1,MSFv3,14,7,./checkpoints/msfv3_gdl05.pt,128,4,4,"(2, 4, 8, 16)",0.01780149898432354,0.13332212199603202,0.0983178278312404,59.87598532818733,0.9819554125374936,"(0.071920, 0.107858, 0.127590, 0.139743, 0.148304, 0.154911, 0.160407)","(0.049833, 0.079443, 0.096343, 0.106556, 0.113636, 0.118998, 0.123416)",0.017377369455061853,0.13042569080633776,0.09608652482607535,57.56539160864694,0.9320393417562757,"(0.069318, 0.103472, 0.122972, 0.135769, 0.145380, 0.152866, 0.159222)","(0.048207, 0.076107, 0.092604, 0.103279, 0.111363, 0.117790, 0.123256)",,,,,,,
msfv3_gdl05,epoch,66,0,MSFv3,14,7,./checkpoints/msfv3_gdl05.pt,128,4,4,"(2, 4, 8, 16)",0.01772675734072765,0.13305562128045906,0.09811837031961755,59.786156471739424,0.9820103867256895,"(0.071748, 0.107648, 0.127278, 0.139380, 0.148048, 0.154700, 0.160124)","(0.049639, 0.079240, 0.096122, 0.106285, 0.113445, 0.118844, 0.123253)",0.017413582419976592,0.1305589715817145,0.09591899479606322,57.2884293283735,0.9320607930421829,"(0.069975, 0.103895, 0.122995, 0.135498, 0.145515, 0.153128, 0.159284)","(0.048401, 0.075959, 0.092322, 0.102911, 0.111252, 0.117646, 0.122942)",,,,,,,
msfv3_gdl05,epoch,67,0,MSFv3,14,7,./checkpoints/msfv3_gdl05.pt,128,4,4,"(2, 4, 8, 16)",0.017643039714188336,0.1327412029444491,0.09778375170649366,59.63856922311986,0.9821053198043336,"(0.071397, 0.107240, 0.126995, 0.139146, 0.147738, 0.154347, 0.159772)","(0.049207, 0.078865, 0.095811, 0.106028, 0.113134, 0.118546, 0.122896)",0.017449574312195182,0.1306021801595177,0.09641015702592474,57.1831043447767,0.9321540296077728,"(0.069907, 0.103835, 0.122868, 0.135681, 0.145371, 0.153121, 0.159627)","(0.049051, 0.076587, 0.092692, 0.103383, 0.111441, 0.118062, 0.123654)",,,,,,,
msfv3_gdl05,epoch,68,0,MSFv3,14,7,./checkpoints/msfv3_gdl05.pt,128,4,4,"(2, 4, 8, 16)",0.01784539807270816,0.13350178323117043,0.09861126308269957,60.164240106623225,0.9819340474428014,"(0.072472, 0.108109, 0.127738, 0.139798, 0.148449, 0.155127, 0.160563)","(0.050568, 0.079792, 0.096568, 0.106674, 0.113808, 0.119245, 0.123624)",0.017930543083431467,0.13256093433925084,0.09888873063027859,57.792007957186016,0.9299271255731583,"(0.069448, 0.104789, 0.125304, 0.139279, 0.148585, 0.154720, 0.161035)","(0.049006, 0.078255, 0.095952, 0.107869, 0.115483, 0.120176, 0.125481)",,,,,,,
msfv3_gdl05,epoch,69,0,MSFv3,14,7,./checkpoints/msfv3_gdl05.pt,128,4,4,"(2, 4, 8, 16)",0.017756835438628146,0.1331706640976747,0.0983403667490533,59.917286629372455,0.9819677487966862,"(0.072166, 0.107893, 0.127470, 0.139600, 0.148136, 0.154666, 0.160048)","(0.050207, 0.079607, 0.096363, 0.106527, 0.113578, 0.118882, 0.123219)",0.017452518355899622,0.13059360826654093,0.0971155935632331,56.92301562854222,0.9315358315195356,"(0.070908, 0.104796, 0.123116, 0.135709, 0.145097, 0.152721, 0.159025)","(0.051143, 0.078430, 0.093434, 0.103873, 0.111579, 0.118056, 0.123296)",,,,,,,
msfv3_gdl05,epoch,70,0,MSFv3,14,7,./checkpoints/msfv3_gdl05.pt,128,4,4,"(2, 4, 8, 16)",0.01766288869003666,0.13283063123827743,0.09790130558007575,59.62919568000956,0.9820753532521268,"(0.071624, 0.107381, 0.127101, 0.139231, 0.147815, 0.154414, 0.159805)","(0.049498, 0.079024, 0.095926, 0.106137, 0.113214, 0.118584, 0.122927)",0.01792661034102951,0.13215507540319646,0.0985946035278695,55.92187455722264,0.9277099626404899,"(0.070656, 0.104755, 0.124560, 0.137505, 0.147418, 0.154495, 0.161601)","(0.050202, 0.077948, 0.094963, 0.106034, 0.114431, 0.120181, 0.126403)",,,,,,,
msfv3_gdl05,epoch,71,0,MSFv3,14,7,./checkpoints/msfv3_gdl05.pt,128,4,4,"(2, 4, 8, 16)",0.01766156930317904,0.1328121594234111,0.09792456593602261,59.71941742998489,0.9820692555067387,"(0.071448, 0.107377, 0.127097, 0.139185, 0.147754, 0.154407, 0.159907)","(0.049304, 0.079053, 0.096006, 0.106182, 0.113239, 0.118643, 0.123044)",0.017918175385732735,0.1322994027286768,0.09890301339328289,56.31536977631705,0.9280367812940052,"(0.069646, 0.104757, 0.124499, 0.138239, 0.147716, 0.154986, 0.161548)","(0.049502, 0.078444, 0.095274, 0.106989, 0.114835, 0.120834, 0.126442)",,,,,,,
msfv3_gdl05,epoch,72,1,MSFv3,14,7,./checkpoints/msfv3_gdl05.pt,128,4,4,"(2, 4, 8, 16)",0.01759247102358557,0.13253314027668978,0.097708505043324,59.44409946685142,0.9821438291605483,"(0.071457, 0.107228, 0.126875, 0.138941, 0.147399, 0.154022, 0.159454)","(0.049321, 0.078908, 0.095809, 0.105946, 0.112918, 0.118340, 0.122718)",0.017306445898222073,0.13011301708008563,0.09590910428336688,57.054729563849314,0.9325222394296101,"(0.069312, 0.103463, 0.122335, 0.135098, 0.145325, 0.152773, 0.158617)","(0.047963, 0.075780, 0.092054, 0.102986, 0.111738, 0.117951, 0.122890)",,,,,,,
msfv3_gdl05,epoch,73,1,MSFv3,14,7,./checkpoints/msfv3_gdl05.pt,128,4,4,"(2, 4, 8, 16)",0.017597331249333444,0.13256580264497184,0.09773388223603685,59.583262200051166,0.9821910965949932,"(0.071631, 0.107278, 0.126890, 0.138952, 0.147468, 0.154044, 0.159408)","(0.049600, 0.079000, 0.095782, 0.105914, 0.112931, 0.118282, 0.122629)",0.017278575903869102,0.12998087464698724,0.09578808290617806,56.34901482718332,0.9329446043287005,"(0.068487, 0.103187, 0.122599, 0.135336, 0.144885, 0.152393, 0.158744)","(0.047201, 0.075625, 0.092384, 0.103205, 0.111349, 0.117669, 0.123083)",,,,,,,
msfv3_gdl05,epoch,74,0,MSFv3,14,7,./checkpoints/msfv3_gdl05.pt,128,4,4,"(2, 4, 8, 16)",0.017598739666666124,0.13258374033048304,0.09773925996999791,59.53366387144048,0.9821589024777108,"(0.071521, 0.107328, 0.126959, 0.138999, 0.147488, 0.154072, 0.159422)","(0.049410, 0.079005, 0.095853, 0.105971, 0.112978, 0.118329, 0.122629)",0.01732729929166713,0.1302741284349135,0.09571143386087247,57.5678391456604,0.932530335017613,"(0.068277, 0.103135, 0.122609, 0.135335, 0.144934, 0.153206, 0.159622)","(0.047109, 0.075762, 0.092510, 0.103057, 0.110878, 0.117643, 0.123021)",,,,,,,
msfv3_gdl05,epoch,75,0,MSFv3,14,7,./checkpoints/msfv3_gdl05.pt,128,4,4,"(2, 4, 8, 16)",0.017541087425730014,0.13238335179744373,0.09753756022992287,59.478464410660116,0.9821880269557872,"(0.071268, 0.107201, 0.126784, 0.138802, 0.147282, 0.153824, 0.159179)","(0.049137, 0.078888, 0.095668, 0.105790, 0.112768, 0.118096, 0.122417)",0.019113267173192332,0.13673442948077405,0.10348959054265704,57.28496439116342,0.9205045189176287,"(0.072156, 0.107843, 0.127529, 0.141599, 0.153407, 0.160476, 0.168153)","(0.052725, 0.082103, 0.098689, 0.110559, 0.120756, 0.126475, 0.133119)",,,,,,,
msfv3_gdl05,epoch,76,1,MSFv3,14,7,./checkpoints/msfv3_gdl05.pt,128,4,4,"(2, 4, 8, 16)",0.017533947827611515,0.13233220186694805,0.09752432994068937,59.46134981195977,0.9821907066284342,"(0.071241, 0.107077, 0.126687, 0.138719, 0.147228, 0.153800, 0.159211)","(0.049109, 0.078800, 0.095632, 0.105734, 0.112776, 0.118118, 0.122501)",0.01726634765509516,0.12989249639213085,0.09590384004903692,56.78742497307913,0.9327661991119385,"(0.068458, 0.103186, 0.122519, 0.135295, 0.144850, 0.152309, 0.158499)","(0.047349, 0.076217, 0.092650, 0.103382, 0.111358, 0.117573, 0.122798)",,,,,,,
msfv3_gdl05,epoch,77,0,MSFv3,14,7,./checkpoints/msfv3_gdl05.pt,128,4,4,"(2, 4, 8, 16)",0.017545466187429873,0.13236962529419666,0.09754959965481404,59.433207511901855,0.9822504130449701,"(0.071218, 0.107060, 0.126665, 0.138754, 0.147274, 0.153842, 0.159335)","(0.049094, 0.078783, 0.095621, 0.105787, 0.112818, 0.118159, 0.122586)",0.01740117953158915,0.13042102940380573,0.09657974208572082,56.80749682017735,0.9317675169025149,"(0.068907, 0.103617, 0.123071, 0.135815, 0.145031, 0.153061, 0.159271)","(0.048108, 0.076727, 0.093365, 0.104003, 0.111587, 0.118532, 0.123737)",,,,,,,
msfv3_gdl05,epoch,78,1,MSFv3,14,7,./checkpoints/msfv3_gdl05.pt,128,4,4,"(2, 4, 8, 16)",0.01749932437025486,0.1322152796789006,0.09742488161204978,59.27976498705276,0.9822475922868606,"(0.071235, 0.107039, 0.126706, 0.138658, 0.147093, 0.153604, 0.158900)","(0.049149, 0.078780, 0.095610, 0.105653, 0.112628, 0.117942, 0.122211)",0.017119700022573982,0.1293648611754179,0.09516393273536648,56.16035444395883,0.9334924540349415,"(0.068495, 0.102563, 0.121892, 0.134593, 0.144403, 0.151840, 0.157792)","(0.046950, 0.075063, 0.091793, 0.102481, 0.110800, 0.117074, 0.121986)",,,,,,,
msfv3_gdl05,epoch,79,0,MSFv3,14,7,./checkpoints/msfv3_gdl05.pt,128,4,4,"(2, 4, 8, 16)",0.01755043911311696,0.1324012174788754,0.09768384714868475,59.60461817396448,0.9821418314538104,"(0.071537, 0.107277, 0.126849, 0.138806, 0.147247, 0.153788, 0.159121)","(0.049495, 0.079051, 0.095845, 0.105907, 0.112852, 0.118156, 0.122480)",0.01738443712903453,0.1305158952517169,0.09613573750747102,56.810549225125996,0.9329871173415866,"(0.068374, 0.102902, 0.122713, 0.135523, 0.145428, 0.153345, 0.160349)","(0.046910, 0.075478, 0.092655, 0.103384, 0.111675, 0.118330, 0.124518)",,,,,,,
msfv3_gdl05,epoch,80,0,MSFv3,14,7,./checkpoints/msfv3_gdl05.pt,128,4,4,"(2, 4, 8, 16)",0.017474679459639368,0.13211217780291162,0.09732596128386387,59.37953435613754,0.9822572412643027,"(0.071203, 0.107007, 0.126608, 0.138503, 0.146908, 0.153468, 0.158870)","(0.049029, 0.078715, 0.095562, 0.105543, 0.112486, 0.117805, 0.122142)",0.017444705274621292,0.1305270322731563,0.09632870129176549,56.58658378464835,0.9327607708317893,"(0.069095, 0.104113, 0.122923, 0.135552, 0.145494, 0.152945, 0.159505)","(0.047720, 0.076289, 0.092562, 0.103431, 0.111883, 0.118340, 0.124075)",,,,,,,
msfv3_gdl05,epoch,81,0,MSFv3,14,7,./checkpoints/msfv3_gdl05.pt,128,4,4,"(2, 4, 8, 16)",0.017515433536089482,0.13223963100647032,0.09756078535413489,59.53179010431817,0.982255571700157,"(0.071638, 0.107227, 0.126712, 0.138638, 0.147015, 0.153533, 0.158867)","(0.049603, 0.079021, 0.095708, 0.105749, 0.112670, 0.117953, 0.122221)",0.017301835103093514,0.13020506820508412,0.09629798095141139,57.32482320921762,0.9335178413561412,"(0.069468, 0.103528, 0.122685, 0.135662, 0.144969, 0.152344, 0.158976)","(0.049187, 0.076645, 0.092834, 0.103723, 0.111400, 0.117375, 0.122922)",,,,,,,
msfv3_gdl05,epoch,82,0,MSFv3,14,7,./checkpoints/msfv3_gdl05.pt,128,4,4,"(2, 4, 8, 16)",0.01749296508670012,0.1321724784701828,0.09748985012002448,59.45046993012124,0.9822950394863778,"(0.071496, 0.107148, 0.126667, 0.138538, 0.146992, 0.153525, 0.158753)","(0.049517, 0.078937, 0.095635, 0.105630, 0.112622, 0.117945, 0.122143)",0.017155219285216714,0.1294861664729459,0.09543387378965106,56.334298440388274,0.933650016784668,"(0.068625, 0.102696, 0.121792, 0.134583, 0.144472, 0.151956, 0.158243)","(0.047259, 0.075300, 0.091829, 0.102639, 0.111076, 0.117321, 0.122614)",,,,,,,
msfv3_gdl05,epoch,83,0,MSFv3,14,7,./checkpoints/msfv3_gdl05.pt,128,4,4,"(2, 4, 8, 16)",0.017425605224722876,0.13191713336985064,0.09728609136444458,59.37325737324167,0.982312429458537,"(0.071338, 0.106916, 0.126382, 0.138331, 0.146695, 0.153212, 0.158491)","(0.049263, 0.078732, 0.095451, 0.105500, 0.112408, 0.117688, 0.121961)",0.01740909628902695,0.1305438139076744,0.09664303144173962,57.90196568625314,0.9337108135223389,"(0.069976, 0.104383, 0.123325, 0.136241, 0.145215, 0.152485, 0.158820)","(0.049792, 0.077544, 0.093391, 0.104066, 0.111399, 0.117398, 0.122912)",,,,,,,
msfv3_gdl05,epoch,84,0,MSFv3,14,7,./checkpoints/msfv3_gdl05.pt,128,4,4,"(2, 4, 8, 16)",0.017442214040164935,0.13198428924619635,0.09731827700074683,59.332457075727746,0.9823208898305893,"(0.071330, 0.107051, 0.126525, 0.138401, 0.146775, 0.153192, 0.158549)","(0.049316, 0.078849, 0.095543, 0.105544, 0.112420, 0.117632, 0.121924)",0.01723516744095832,0.12971538385110243,0.09577635635754891,56.84483551979065,0.9334571808576584,"(0.069519, 0.103275, 0.121989, 0.134616, 0.144291, 0.152004, 0.158712)","(0.048950, 0.076279, 0.092033, 0.102616, 0.110595, 0.117084, 0.122877)",,,,,,,
msfv3_gdl05,epoch,85,0,MSFv3,14,7,./checkpoints/msfv3_gdl05.pt,128,4,4,"(2, 4, 8, 16)",0.017509294713431215,0.13223434326958597,0.09759086715255647,59.46252922301597,0.9822188901140335,"(0.071721, 0.107248, 0.126821, 0.138696, 0.147036, 0.153493, 0.158677)","(0.049741, 0.079053, 0.095816, 0.105783, 0.112689, 0.117944, 0.122109)",0.01803922453629119,0.1326453225421054,0.0991549887029188,56.428936174937654,0.9301368807043348,"(0.074885, 0.107196, 0.125195, 0.137454, 0.146514, 0.154293, 0.161206)","(0.054298, 0.079606, 0.095000, 0.105627, 0.113259, 0.120095, 0.126199)",,,,,,,
msfv3_gdl05,epoch,86,0,MSFv3,14,7,./checkpoints/msfv3_gdl05.pt,128,4,4,"(2, 4, 8, 16)",0.017385383963862314,0.1317761896024781,0.09716995444862132,59.24119180314084,0.9823732103439088,"(0.071426, 0.106840, 0.126323, 0.138214, 0.146517, 0.152943, 0.158272)","(0.049383, 0.078637, 0.095366, 0.105371, 0.112221, 0.117453, 0.121759)",0.017825598412725543,0.1319526354117053,0.09811190928199462,56.41284792763846,0.9296836831739971,"(0.068440, 0.102958, 0.122326, 0.136092, 0.146916, 0.155804, 0.164500)","(0.047875, 0.076253, 0.092822, 0.104631, 0.113967, 0.121754, 0.129482)",,,,,,,
msfv3_gdl05,epoch,87,0,MSFv3,14,7,./checkpoints/msfv3_gdl05.pt,128,4,4,"(2, 4, 8, 16)",0.017394295898563367,0.13180228695003432,0.09718941084723523,59.292935391689866,0.9823420925977382,"(0.071398, 0.106942, 0.126380, 0.138233, 0.146519, 0.153000, 0.158217)","(0.049410, 0.078764, 0.095411, 0.105373, 0.112212, 0.117479, 0.121677)",0.017415777597177242,0.13057379451181209,0.09713089958365474,57.43592688015529,0.9331157441650119,"(0.070637, 0.103949, 0.123384, 0.136086, 0.145768, 0.152666, 0.158426)","(0.050981, 0.077411, 0.093811, 0.104331, 0.112434, 0.118085, 0.122863)",,,,,,,
msfv3_gdl05,epoch,88,1,MSFv3,14,7,./checkpoints/msfv3_gdl05.pt,128,4,4,"(2, 4, 8, 16)",0.017362948586332038,0.1316944609388834,0.0970988883537815,59.24657529465696,0.9824086928621252,"(0.071217, 0.106796, 0.126289, 0.138144, 0.146443, 0.152877, 0.158101)","(0.049168, 0.078634, 0.095358, 0.105349, 0.112173, 0.117402, 0.121607)",0.017074830846727958,0.12917522394231387,0.09529820230922528,56.30954698153904,0.9342344594853265,"(0.068080, 0.102773, 0.122028, 0.134503, 0.143818, 0.151494, 0.157568)","(0.047002, 0.075802, 0.092245, 0.102610, 0.110361, 0.116970, 0.122099)",,,,,,,
msfv3_gdl05,epoch,89,1,MSFv3,14,7,./checkpoints/msfv3_gdl05.pt,128,4,4,"(2, 4, 8, 16)",0.017363745080148603,0.13168058357424733,0.09707218931710467,59.10203467024134,0.9823579940390079,"(0.071237, 0.106816, 0.126268, 0.138094, 0.146371, 0.152847, 0.158163)","(0.049194, 0.078645, 0.095316, 0.105251, 0.112100, 0.117360, 0.121640)",0.016959108262588934,0.12875970266759396,0.09457095805555582,56.523716415677754,0.93442074741636,"(0.067937, 0.102553, 0.121648, 0.134218, 0.143310, 0.150762, 0.157098)","(0.046565, 0.075089, 0.091358, 0.101915, 0.109615, 0.115895, 0.121561)",,,,,,,
msfv3_gdl05,epoch,90,0,MSFv3,14,7,./checkpoints/msfv3_gdl05.pt,128,4,4,"(2, 4, 8, 16)",0.01736823525378837,0.13168305811631514,0.09709036857523817,59.20749834750561,0.9823883667271188,"(0.071293, 0.106830, 0.126324, 0.138169, 0.146447, 0.152802, 0.158002)","(0.049240, 0.078652, 0.095367, 0.105338, 0.112177, 0.117332, 0.121527)",0.017337056858065938,0.1300466406558241,0.09639599613313164,56.09696224757603,0.932575347168105,"(0.068378, 0.103203, 0.122544, 0.135515, 0.144994, 0.152513, 0.158888)","(0.047613, 0.076275, 0.092837, 0.104021, 0.111958, 0.118285, 0.123782)",,,,,,,
msfv3_gdl05,epoch,91,0,MSFv3,14,7,./checkpoints/msfv3_gdl05.pt,128,4,4,"(2, 4, 8, 16)",0.01729076730701676,0.13142854144908309,0.0968132189851492,59.050027603798725,0.982464757688502,"(0.070776, 0.106423, 0.126032, 0.137900, 0.146200, 0.152642, 0.157872)","(0.048674, 0.078297, 0.095131, 0.105082, 0.111936, 0.117175, 0.121396)",0.01735386681476874,0.13007653611046927,0.09633286949247122,55.546336446489605,0.9314979591539928,"(0.069122, 0.103525, 0.122691, 0.135292, 0.144603, 0.152306, 0.159051)","(0.047711, 0.076146, 0.093118, 0.103745, 0.111551, 0.118125, 0.123935)",,,,,,,
msfv3_gdl05,epoch,92,0,MSFv3,14,7,./checkpoints/msfv3_gdl05.pt,128,4,4,"(2, 4, 8, 16)",0.017330279053644614,0.1315604494733005,0.09703938793787296,59.18087226786512,0.9824309345889599,"(0.071390, 0.106822, 0.126221, 0.137962, 0.146233, 0.152664, 0.157837)","(0.049456, 0.078715, 0.095310, 0.105172, 0.111994, 0.117235, 0.121394)",0.01722602459735104,0.12968919772122586,0.09527811208473784,56.60367168698992,0.934575012751988,"(0.067857, 0.102437, 0.122054, 0.135013, 0.144903, 0.152452, 0.158507)","(0.047051, 0.075161, 0.091894, 0.102596, 0.110748, 0.117070, 0.122426)",,,,,,,
msfv3_gdl05,epoch,93,0,MSFv3,14,7,./checkpoints/msfv3_gdl05.pt,128,4,4,"(2, 4, 8, 16)",0.01732907589881661,0.131559929328702,0.09697370575939088,59.13769326311477,0.9824309593185465,"(0.071087, 0.106750, 0.126180, 0.138000, 0.146314, 0.152701, 0.157921)","(0.049026, 0.078556, 0.095249, 0.105202, 0.112054, 0.117255, 0.121474)",0.01734768261667341,0.13013819684939726,0.09632385256034988,56.4296715940748,0.93352481509958,"(0.069299, 0.103172, 0.122324, 0.135215, 0.145128, 0.152705, 0.159149)","(0.049066, 0.076318, 0.092471, 0.103301, 0.111453, 0.117921, 0.123735)",,,,,,,
msfv3_gdl05,epoch,94,0,MSFv3,14,7,./checkpoints/msfv3_gdl05.pt,128,4,4,"(2, 4, 8, 16)",0.01733156229726019,0.13155417088795315,0.09712842602203502,59.26869213834722,0.9824029013831564,"(0.071696, 0.106904, 0.126167, 0.137896, 0.146220, 0.152603, 0.157752)","(0.049882, 0.078858, 0.095326, 0.105158, 0.112047, 0.117241, 0.121387)",0.017082468456854776,0.12915491046650068,0.09570702391543559,55.81498401505606,0.9335397162607738,"(0.069187, 0.102903, 0.121696, 0.134171, 0.143769, 0.151318, 0.157681)","(0.049060, 0.076283, 0.092029, 0.102413, 0.110641, 0.117073, 0.122450)",,,,,,,
msfv3_gdl05,epoch,95,0,MSFv3,14,7,./checkpoints/msfv3_gdl05.pt,128,4,4,"(2, 4, 8, 16)",0.017304012274488488,0.13144554583601117,0.09690187506853266,59.21239497813772,0.9824507880084058,"(0.070966, 0.106603, 0.126114, 0.137905, 0.146174, 0.152568, 0.157785)","(0.048972, 0.078538, 0.095241, 0.105134, 0.111957, 0.117136, 0.121335)",0.01708345180044749,0.12919417449406215,0.09563072105603558,55.73757859638759,0.9341972640582493,"(0.069044, 0.102995, 0.121954, 0.134582, 0.143845, 0.151289, 0.157305)","(0.048482, 0.076054, 0.092314, 0.103007, 0.110683, 0.116920, 0.121954)",,,,,,,
msfv3_gdl05,epoch,96,0,MSFv3,14,7,./checkpoints/msfv3_gdl05.pt,128,4,4,"(2, 4, 8, 16)",0.017328233195548045,0.13154764880257033,0.09707895618803958,59.294044636665504,0.9824366154188805,"(0.071479, 0.106877, 0.126203, 0.137953, 0.146220, 0.152586, 0.157815)","(0.049567, 0.078790, 0.095331, 0.105208, 0.112037, 0.117216, 0.121404)",0.01755212656488376,0.13092258758842945,0.09713731865797724,56.0727128301348,0.9304473165954862,"(0.068026, 0.102608, 0.122468, 0.135435, 0.145852, 0.154209, 0.161998)","(0.047051, 0.075773, 0.093131, 0.104002, 0.112919, 0.120132, 0.126953)",,,,,,,
msfv3_gdl05,epoch,97,0,MSFv3,14,7,./checkpoints/msfv3_gdl05.pt,128,4,4,"(2, 4, 8, 16)",0.017368954829277194,0.1316895735374267,0.09715546834024977,59.382911763292675,0.9823829423873982,"(0.071205, 0.106863, 0.126386, 0.138239, 0.146472, 0.152783, 0.157942)","(0.049185, 0.078756, 0.095480, 0.105437, 0.112264, 0.117414, 0.121552)",0.017067366412707737,0.12925234330551966,0.0950508260035089,56.70738942282541,0.9341690370014736,"(0.069400, 0.103531, 0.122065, 0.134365, 0.143624, 0.151285, 0.157455)","(0.048209, 0.075882, 0.091689, 0.101901, 0.109669, 0.116308, 0.121698)",,,,,,,
msfv3_gdl05,epoch,98,0,MSFv3,14,7,./checkpoints/msfv3_gdl05.pt,128,4,4,"(2, 4, 8, 16)",0.017186465336287274,0.13099608161874918,0.09653617350503485,58.87311894842919,0.9825707265037171,"(0.070662, 0.106384, 0.125755, 0.137476, 0.145683, 0.152006, 0.157114)","(0.048564, 0.078271, 0.094937, 0.104786, 0.111583, 0.116737, 0.120874)",0.016980612351159965,0.12877739274076053,0.09497560201478857,55.92567099843706,0.9342151752540043,"(0.068215, 0.102243, 0.121273, 0.134108, 0.143467, 0.150875, 0.157417)","(0.047086, 0.074970, 0.091376, 0.102352, 0.110290, 0.116531, 0.122225)",,,,,,,
msfv3_gdl05,epoch,99,0,MSFv3,14,7,./checkpoints/msfv3_gdl05.pt,128,4,4,"(2, 4, 8, 16)",0.017212918895158046,0.1311202713259843,0.0966309766740875,58.9772893418657,0.9825467990433916,"(0.070803, 0.106424, 0.125844, 0.137633, 0.145836, 0.152155, 0.157268)","(0.048731, 0.078334, 0.094998, 0.104928, 0.111688, 0.116818, 0.120919)",0.017084348131902516,0.12915517203509808,0.09528540580400399,56.16782890047346,0.9338994153908321,"(0.068031, 0.102354, 0.121693, 0.134493, 0.144046, 0.151451, 0.157877)","(0.047254, 0.075348, 0.091772, 0.102563, 0.110528, 0.116991, 0.122541)",,,,,,,
msfv3_gdl05,epoch,100,0,MSFv3,14,7,./checkpoints/msfv3_gdl05.pt,128,4,4,"(2, 4, 8, 16)",0.01720421081607012,0.1310795346687095,0.09667706901722765,58.9393683697315,0.9825353777789055,"(0.071095, 0.106515, 0.125836, 0.137551, 0.145754, 0.152030, 0.157123)","(0.049135, 0.078434, 0.094996, 0.104870, 0.111654, 0.116756, 0.120894)",0.017098926872547184,0.1293021504368101,0.09570173653108734,56.95015140942165,0.9346496100936618,"(0.068988, 0.103481, 0.122493, 0.134673, 0.144144, 0.151260, 0.156855)","(0.048609, 0.076865, 0.092852, 0.102771, 0.110803, 0.116746, 0.121266)",,,,,,,
msfv3_gdl05,epoch,101,0,MSFv3,14,7,./checkpoints/msfv3_gdl05.pt,128,4,4,"(2, 4, 8, 16)",0.01721960752013516,0.13114022237547174,0.09675217205856709,59.00438479159741,0.9825192753304827,"(0.071182, 0.106593, 0.125930, 0.137626, 0.145775, 0.152077, 0.157175)","(0.049256, 0.078558, 0.095121, 0.104955, 0.111679, 0.116796, 0.120901)",0.01707361505499908,0.1291877172355141,0.09540406787501914,56.39581135341099,0.9342387595346996,"(0.067915, 0.102354, 0.121610, 0.134431, 0.144399, 0.151732, 0.157599)","(0.046989, 0.075097, 0.091773, 0.102685, 0.111379, 0.117556, 0.122350)",,,,,,,
msfv3_gdl05,epoch,102,0,MSFv3,14,7,./checkpoints/msfv3_gdl05.pt,128,4,4,"(2, 4, 8, 16)",0.017153883392506456,0.13089692924412238,0.09652682314527795,58.90774972388085,0.9825893516870255,"(0.070940, 0.106351, 0.125612, 0.137354, 0.145575, 0.151833, 0.156917)","(0.048940, 0.078325, 0.094861, 0.104724, 0.111505, 0.116610, 0.120721)",0.01731327287520149,0.13003611404980933,0.09749693011066743,56.944837604250225,0.9325283403907504,"(0.074931, 0.105631, 0.123133, 0.134835, 0.143276, 0.151223, 0.157207)","(0.056427, 0.079659, 0.093938, 0.103348, 0.110072, 0.117027, 0.122008)",,,,,,,
msfv3_gdl05,epoch,103,0,MSFv3,14,7,./checkpoints/msfv3_gdl05.pt,128,4,4,"(2, 4, 8, 16)",0.017184392970174232,0.13101196644194826,0.09664491183580236,58.99577930125784,0.9825663043463484,"(0.071187, 0.106550, 0.125813, 0.137475, 0.145615, 0.151892, 0.157010)","(0.049201, 0.078476, 0.095019, 0.104849, 0.111560, 0.116662, 0.120748)",0.017082305691604103,0.12937766340162074,0.09475107211619616,57.01843275342669,0.9334153341395515,"(0.067811, 0.102669, 0.122144, 0.134811, 0.144152, 0.151938, 0.157812)","(0.046765, 0.075194, 0.091625, 0.102108, 0.109849, 0.116365, 0.121352)",,,,,,,
msfv3_gdl05,epoch,104,0,MSFv3,14,7,./checkpoints/msfv3_gdl05.pt,128,4,4,"(2, 4, 8, 16)",0.017260278005430355,0.13127208202810914,0.09695310470588664,59.29491854728536,0.9824967422383897,"(0.071732, 0.106899, 0.126137, 0.137797, 0.145860, 0.152046, 0.157128)","(0.049848, 0.078830, 0.095302, 0.105119, 0.111793, 0.116829, 0.120951)",0.017151060746982694,0.12943250952022417,0.09616890483136688,55.95064510617937,0.9334927946329117,"(0.069575, 0.102953, 0.121785, 0.134687, 0.143887, 0.151946, 0.157850)","(0.049555, 0.076347, 0.092340, 0.103257, 0.110933, 0.117912, 0.122838)",,,,,,,
msfv3_gdl05,epoch,105,0,MSFv3,14,7,./checkpoints/msfv3_gdl05.pt,128,4,4,"(2, 4, 8, 16)",0.01709465656251191,0.13066834074907885,0.09629550473170077,58.81607429017412,0.9826241053165273,"(0.070680, 0.106150, 0.125475, 0.137160, 0.145284, 0.151582, 0.156655)","(0.048679, 0.078131, 0.094712, 0.104537, 0.111230, 0.116355, 0.120424)",0.017249695008753667,0.12985775034342492,0.0961784693811621,57.6417191028595,0.9337003486497062,"(0.072596, 0.104816, 0.123015, 0.135345, 0.143781, 0.150997, 0.157119)","(0.051515, 0.076869, 0.092503, 0.103031, 0.110447, 0.116774, 0.122110)",,,,,,,
msfv3_gdl05,epoch,106,0,MSFv3,14,7,./checkpoints/msfv3_gdl05.pt,128,4,4,"(2, 4, 8, 16)",0.01711348223777369,0.1307341455754337,0.09643017282669848,58.85337890462672,0.9826750821889715,"(0.070928, 0.106296, 0.125633, 0.137266, 0.145375, 0.151547, 0.156547)","(0.048973, 0.078280, 0.094866, 0.104662, 0.111376, 0.116395, 0.120459)",0.01708325361167746,0.12923033588698932,0.0953421067180378,57.146817445755005,0.9342935127871377,"(0.069149, 0.103019, 0.121790, 0.134463, 0.143991, 0.151272, 0.157540)","(0.048176, 0.075809, 0.091865, 0.102485, 0.110484, 0.116627, 0.121949)",,,,,,,
msfv3_gdl05,epoch,107,1,MSFv3,14,7,./checkpoints/msfv3_gdl05.pt,128,4,4,"(2, 4, 8, 16)",0.017064181646886976,0.13054415738892883,0.09618106282296333,58.75099362718298,0.9827304656835313,"(0.070495, 0.106043, 0.125393, 0.137105, 0.145216, 0.151413, 0.156456)","(0.048384, 0.077991, 0.094622, 0.104491, 0.111208, 0.116252, 0.120319)",0.016820303729868362,0.12819049560597964,0.09445021128548044,55.874589102608816,0.934940734079906,"(0.067889, 0.102021, 0.121004, 0.133363, 0.142675, 0.150086, 0.156631)","(0.046682, 0.074853, 0.091107, 0.101504, 0.109531, 0.115886, 0.121590)",,,,,,,
msfv3_gdl05,epoch,108,0,MSFv3,14,7,./checkpoints/msfv3_gdl05.pt,128,4,4,"(2, 4, 8, 16)",0.017064080692510655,0.13054327137438268,0.0962357639553065,58.815374536717194,0.9827200659412019,"(0.070592, 0.106122, 0.125458, 0.137046, 0.145143, 0.151371, 0.156411)","(0.048575, 0.078111, 0.094712, 0.104494, 0.111188, 0.116253, 0.120318)",0.01697180960660002,0.12875475787690707,0.09538581860916955,56.74408061163766,0.9349472182137626,"(0.069477, 0.103710, 0.121928, 0.134060, 0.142894, 0.150224, 0.156454)","(0.049472, 0.077321, 0.092317, 0.102274, 0.109503, 0.115774, 0.121039)",,,,,,,
msfv3_gdl05,epoch,109,0,MSFv3,14,7,./checkpoints/msfv3_gdl05.pt,128,4,4,"(2, 4, 8, 16)",0.017137826266797617,0.13083329020697823,0.0965341217023261,58.90900820874153,0.9826332688965695,"(0.071059, 0.106452, 0.125666, 0.137340, 0.145416, 0.151687, 0.156728)","(0.049159, 0.078460, 0.094943, 0.104762, 0.111399, 0.116478, 0.120537)",0.016887271843318428,0.12841160116451128,0.09487694821187428,55.90563556126186,0.9344538024493626,"(0.068211, 0.102275, 0.121187, 0.133423, 0.142770, 0.150463, 0.157013)","(0.047603, 0.075692, 0.091695, 0.101734, 0.109585, 0.116142, 0.121689)",,,,,,,
msfv3_gdl05,epoch,110,0,MSFv3,14,7,./checkpoints/msfv3_gdl05.pt,128,4,4,"(2, 4, 8, 16)",0.017055128810015766,0.1305046313129209,0.0961612185185894,58.668767705876775,0.9827240217239299,"(0.070546, 0.106011, 0.125426, 0.137110, 0.145143, 0.151301, 0.156342)","(0.048433, 0.077954, 0.094676, 0.104512, 0.111150, 0.116156, 0.120248)",0.016934701989937042,0.1286102496087551,0.09485011601022311,56.05571174621582,0.9340570888348988,"(0.068120, 0.102250, 0.121060, 0.133790, 0.143221, 0.150797, 0.157201)","(0.046852, 0.074977, 0.091310, 0.102170, 0.110160, 0.116526, 0.121955)",,,,,,,
msfv3_gdl05,epoch,111,0,MSFv3,14,7,./checkpoints/msfv3_gdl05.pt,128,4,4,"(2, 4, 8, 16)",0.017070418238600202,0.13057949379554276,0.09628715009448376,58.82094336570577,0.9826785237231153,"(0.070740, 0.106172, 0.125513, 0.137114, 0.145151, 0.151348, 0.156469)","(0.048770, 0.078175, 0.094782, 0.104527, 0.111167, 0.116205, 0.120384)",0.01711286531229104,0.12931978729154384,0.0960803163637008,56.22545378548758,0.9342920524733407,"(0.070146, 0.103102, 0.121808, 0.134303, 0.143711, 0.151566, 0.157675)","(0.050168, 0.076492, 0.092224, 0.102715, 0.110744, 0.117556, 0.122663)",,,,,,,
msfv3_gdl05,epoch,112,0,MSFv3,14,7,./checkpoints/msfv3_gdl05.pt,128,4,4,"(2, 4, 8, 16)",0.017059000268420006,0.1305341357084208,0.0962628722983472,58.801383383730624,0.9826805496469457,"(0.070829, 0.106314, 0.125582, 0.137029, 0.145047, 0.151271, 0.156239)","(0.048848, 0.078295, 0.094809, 0.104457, 0.111077, 0.116163, 0.120189)",0.01696066713027124,0.1287727172353438,0.09498215107513326,56.42124155589512,0.9350504321711404,"(0.068078, 0.102486, 0.121258, 0.133762, 0.143372, 0.151147, 0.157428)","(0.047540, 0.075710, 0.091382, 0.101661, 0.110014, 0.116660, 0.121908)",,,,,,,
msfv3_gdl05,epoch,113,0,MSFv3,14,7,./checkpoints/msfv3_gdl05.pt,128,4,4,"(2, 4, 8, 16)",0.01701426538242463,0.1303541224204671,0.09612393311839154,58.77395591330021,0.982754555788446,"(0.070631, 0.106091, 0.125327, 0.136834, 0.144916, 0.151113, 0.156099)","(0.048652, 0.078124, 0.094652, 0.104336, 0.111006, 0.116036, 0.120062)",0.016873016371391714,0.12835491209157876,0.09465422215206283,56.04629915101187,0.9351148456335068,"(0.067559, 0.101858, 0.121104, 0.133835, 0.142959, 0.150312, 0.156880)","(0.046667, 0.074922, 0.091352, 0.101944, 0.109652, 0.116118, 0.121924)",,,,,,,
msfv3_gdl05,epoch,114,0,MSFv3,14,7,./checkpoints/msfv3_gdl05.pt,128,4,4,"(2, 4, 8, 16)",0.017057826068807156,0.13050485083595775,0.09625356858398051,58.792415152204796,0.9827329139126108,"(0.070900, 0.106176, 0.125400, 0.137016, 0.145045, 0.151260, 0.156331)","(0.048954, 0.078186, 0.094677, 0.104450, 0.111092, 0.116162, 0.120254)",0.017424978931168362,0.13043104724160262,0.09740362502634525,55.52907797268459,0.9301880491631371,"(0.069132, 0.103828, 0.123008, 0.135382, 0.145501, 0.152685, 0.159469)","(0.048985, 0.077697, 0.094087, 0.104323, 0.113025, 0.118968, 0.124740)",,,,,,,
msfv3_gdl05,epoch,115,0,MSFv3,14,7,./checkpoints/msfv3_gdl05.pt,128,4,4,"(2, 4, 8, 16)",0.016982007494315186,0.13024310603972067,0.0960375919066211,58.65122279715031,0.9827964645116887,"(0.070683, 0.106069, 0.125255, 0.136819, 0.144750, 0.150914, 0.155846)","(0.048646, 0.078055, 0.094548, 0.104345, 0.110909, 0.115890, 0.119870)",0.016910583529222225,0.1284659749695233,0.09516216215810605,55.94073404584612,0.9343116262129375,"(0.067960, 0.102532, 0.121625, 0.133705, 0.142922, 0.150412, 0.156599)","(0.047314, 0.076002, 0.092384, 0.102323, 0.110010, 0.116424, 0.121679)",,,,,,,
msfv3_gdl05,epoch,116,0,MSFv3,14,7,./checkpoints/msfv3_gdl05.pt,128,4,4,"(2, 4, 8, 16)",0.017011035758843447,0.13035781760744725,0.09612924316303527,58.78559873459187,0.9827379143618523,"(0.070903, 0.106135, 0.125216, 0.136787, 0.144901, 0.151147, 0.156061)","(0.048987, 0.078166, 0.094540, 0.104230, 0.110938, 0.116044, 0.119999)",0.016935587844013104,0.12864995854241507,0.09544216761631626,56.258794580187114,0.9348771529538291,"(0.069142, 0.103038, 0.121912, 0.134037, 0.143136, 0.150226, 0.156291)","(0.049169, 0.076723, 0.092624, 0.102483, 0.110085, 0.116025, 0.120987)",,,,,,,
msfv3_gdl05,epoch,117,0,MSFv3,14,7,./checkpoints/msfv3_gdl05.pt,128,4,4,"(2, 4, 8, 16)",0.01701558791001902,0.13036810424156645,0.0961641510750385,58.781913108014045,0.9827179965820718,"(0.070722, 0.106058, 0.125342, 0.136953, 0.145004, 0.151078, 0.155981)","(0.048712, 0.078098, 0.094663, 0.104469, 0.111121, 0.116055, 0.120032)",0.017383441478679224,0.13021725176700524,0.09684898145496845,55.62783796446664,0.9314120816332954,"(0.067988, 0.102763, 0.122798, 0.136124, 0.145157, 0.152266, 0.159610)","(0.047530, 0.076427, 0.093830, 0.104996, 0.112398, 0.118250, 0.124512)",,,,,,,
msfv3_gdl05,epoch,118,0,MSFv3,14,7,./checkpoints/msfv3_gdl05.pt,128,4,4,"(2, 4, 8, 16)",0.01696791474093148,0.13017726832929943,0.09603376623163833,58.73349699060967,0.9828102861313109,"(0.070738, 0.106043, 0.125257, 0.136763, 0.144650, 0.150794, 0.155718)","(0.048796, 0.078083, 0.094579, 0.104280, 0.110831, 0.115828, 0.119840)",0.0171550004576732,0.12949565638388907,0.0963963365980557,57.31878801754543,0.9343351147004536,"(0.070699, 0.104623, 0.122442, 0.135134, 0.144113, 0.150895, 0.156523)","(0.051199, 0.078521, 0.093091, 0.103572, 0.110937, 0.116442, 0.121011)",,,,,,,
msfv3_gdl05,epoch,119,0,MSFv3,14,7,./checkpoints/msfv3_gdl05.pt,128,4,4,"(2, 4, 8, 16)",0.016977284524708668,0.13021797373357585,0.09603598705948667,58.6986013980622,0.982742725217596,"(0.070600, 0.105980, 0.125178, 0.136772, 0.144736, 0.150941, 0.155876)","(0.048677, 0.078074, 0.094586, 0.104292, 0.110847, 0.115898, 0.119877)",0.01689348409750632,0.12849610804447106,0.0948292903069939,56.185318435941426,0.9348624838250024,"(0.067636, 0.101955, 0.120811, 0.133537, 0.143027, 0.150815, 0.157529)","(0.046811, 0.075081, 0.091160, 0.101970, 0.109958, 0.116526, 0.122300)",,,,,,,
msfv3_gdl05,epoch,120,0,MSFv3,14,7,./checkpoints/msfv3_gdl05.pt,128,4,4,"(2, 4, 8, 16)",0.0170560801064873,0.13051367611204118,0.09635010163517709,58.86274526474324,0.982686329712259,"(0.071157, 0.106342, 0.125502, 0.136991, 0.144977, 0.151199, 0.156187)","(0.049341, 0.078434, 0.094833, 0.104470, 0.111060, 0.116128, 0.120185)",0.017370524051200067,0.13011386006006173,0.09690341047410454,55.4066230569567,0.9305444040468761,"(0.068125, 0.102759, 0.122204, 0.135616, 0.145507, 0.153014, 0.158830)","(0.047623, 0.076369, 0.093174, 0.104620, 0.113039, 0.119347, 0.124152)",,,,,,,
msfv3_gdl05,epoch,121,1,MSFv3,14,7,./checkpoints/msfv3_gdl05.pt,128,4,4,"(2, 4, 8, 16)",0.016919045793288883,0.1299952321849286,0.09584390907052984,58.542614023736185,0.982826625413083,"(0.070527, 0.105900, 0.125031, 0.136530, 0.144498, 0.150623, 0.155529)","(0.048564, 0.077941, 0.094388, 0.104073, 0.110667, 0.115647, 0.119627)",0.016691774795097963,0.12762890702911786,0.09392715272094522,55.32504858289446,0.9360826121909278,"(0.068303, 0.102178, 0.120757, 0.132919, 0.141966, 0.149140, 0.155286)","(0.047419, 0.075045, 0.090864, 0.101024, 0.108714, 0.114650, 0.119774)",,,,,,,
msfv3_gdl05,epoch,122,0,MSFv3,14,7,./checkpoints/msfv3_gdl05.pt,128,4,4,"(2, 4, 8, 16)",0.017045780818196053,0.1304695521984592,0.0963069700655785,58.77997351707296,0.982726957886777,"(0.071033, 0.106382, 0.125551, 0.137017, 0.144974, 0.151053, 0.156039)","(0.049152, 0.078440, 0.094891, 0.104531, 0.111072, 0.116007, 0.120055)",0.01746978482697159,0.13084224797785282,0.09741992104266371,58.54362429891314,0.9334635393960136,"(0.070134, 0.103993, 0.123451, 0.136561, 0.145916, 0.153725, 0.158525)","(0.050001, 0.077420, 0.094002, 0.104942, 0.112869, 0.119476, 0.123228)",,,,,,,
msfv3_gdl05,epoch,123,0,MSFv3,14,7,./checkpoints/msfv3_gdl05.pt,128,4,4,"(2, 4, 8, 16)",0.01693019347186101,0.13004205604059094,0.09592016703112329,58.66924202695806,0.982827993149453,"(0.070625, 0.106034, 0.125169, 0.136590, 0.144514, 0.150654, 0.155462)","(0.048678, 0.078120, 0.094533, 0.104156, 0.110699, 0.115676, 0.119579)",0.016698057730016962,0.1276915560343436,0.09429114032536745,55.39520941461836,0.9360569779361997,"(0.068019, 0.102567, 0.121429, 0.133548, 0.141926, 0.148826, 0.154808)","(0.047215, 0.075922, 0.092052, 0.102032, 0.108838, 0.114504, 0.119476)",,,,,,,
msfv3_gdl05,epoch,124,0,MSFv3,14,7,./checkpoints/msfv3_gdl05.pt,128,4,4,"(2, 4, 8, 16)",0.016911118529102903,0.12994938455727637,0.09579888620275132,58.46673961395913,0.9828302457611612,"(0.070382, 0.105809, 0.124991, 0.136448, 0.144478, 0.150638, 0.155482)","(0.048367, 0.077883, 0.094385, 0.104050, 0.110656, 0.115659, 0.119593)",0.016744171069668874,0.12792926893702575,0.09479164505111319,56.06613278388977,0.9355893816266742,"(0.070469, 0.103178, 0.120928, 0.132945, 0.141999, 0.149201, 0.155151)","(0.050802, 0.076834, 0.091391, 0.101230, 0.108724, 0.114747, 0.119814)",,,,,,,
msfv3_gdl05,epoch,125,0,MSFv3,14,7,./checkpoints/msfv3_gdl05.pt,128,4,4,"(2, 4, 8, 16)",0.01699036063547147,0.1302613151992009,0.09613495672795366,58.72399137375203,0.982735738475272,"(0.070882, 0.106141, 0.125302, 0.136814, 0.144728, 0.150889, 0.155839)","(0.048950, 0.078247, 0.094709, 0.104386, 0.110898, 0.115876, 0.119880)",0.01674692693632096,0.1279253028333187,0.09417793753423861,56.524945565632414,0.9356095769575664,"(0.068300, 0.102315, 0.121083, 0.133270, 0.142378, 0.149501, 0.155608)","(0.047146, 0.074971, 0.090994, 0.101267, 0.108981, 0.115267, 0.120619)",,,,,,,
msfv3_gdl05,epoch,126,0,MSFv3,14,7,./checkpoints/msfv3_gdl05.pt,128,4,4,"(2, 4, 8, 16)",0.016943725455116403,0.13009318715881057,0.09598210077495017,58.56473439805051,0.9828011066989696,"(0.070739, 0.106143, 0.125309, 0.136676, 0.144542, 0.150587, 0.155465)","(0.048816, 0.078221, 0.094662, 0.104250, 0.110716, 0.115625, 0.119585)",0.017360580835624466,0.13004268306706632,0.09657811346862998,55.76875570842198,0.9313180808510099,"(0.067582, 0.102169, 0.122189, 0.135047, 0.145952, 0.152916, 0.159117)","(0.046479, 0.075476, 0.093056, 0.103905, 0.113455, 0.119226, 0.124449)",,,,,,,
msfv3_gdl05,epoch,127,0,MSFv3,14,7,./checkpoints/msfv3_gdl05.pt,128,4,4,"(2, 4, 8, 16)",0.016842991192924216,0.12969235799103093,0.09559847113299877,58.52126395448725,0.9829192916129498,"(0.070283, 0.105647, 0.124780, 0.136209, 0.144213, 0.150253, 0.155123)","(0.048304, 0.077751, 0.094202, 0.103824, 0.110447, 0.115363, 0.119299)",0.01714962308428117,0.12933347480637686,0.09598865173757076,55.25360924857004,0.9326511068003518,"(0.068851, 0.102528, 0.121335, 0.134453, 0.144157, 0.151490, 0.158508)","(0.047684, 0.075341, 0.092010, 0.103372, 0.111690, 0.117813, 0.124010)",,,,,,,
msfv3_gdl05,epoch,128,0,MSFv3,14,7,./checkpoints/msfv3_gdl05.pt,128,4,4,"(2, 4, 8, 16)",0.016904328404826686,0.12994474696374647,0.09585479440841269,58.51692428994686,0.9828648050414756,"(0.070728, 0.106020, 0.125048, 0.136448, 0.144341, 0.150493, 0.155402)","(0.048798, 0.078105, 0.094443, 0.104048, 0.110554, 0.115535, 0.119502)",0.016745947268126265,0.12796804974121706,0.09403803239443473,55.85675242968968,0.9356935833181653,"(0.067811, 0.101951, 0.120806, 0.133321, 0.142378, 0.149783, 0.156214)","(0.046909, 0.074847, 0.090859, 0.101224, 0.108888, 0.115091, 0.120448)",,,,,,,
msfv3_gdl05,epoch,129,0,MSFv3,14,7,./checkpoints/msfv3_gdl05.pt,128,4,4,"(2, 4, 8, 16)",0.01681498538682911,0.12958508060564816,0.09550315795585196,58.36770479729835,0.9829875230789185,"(0.070267, 0.105632, 0.124705, 0.136158, 0.144068, 0.150060, 0.154964)","(0.048271, 0.077756, 0.094143, 0.103770, 0.110296, 0.115159, 0.119127)",0.016957371811648563,0.12863364523010595,0.09511936389442001,55.240075145448955,0.9344542729003089,"(0.067613, 0.102128, 0.121057, 0.133808, 0.143186, 0.150910, 0.157547)","(0.046957, 0.075295, 0.091382, 0.102136, 0.110222, 0.116997, 0.122845)",,,,,,,
msfv3_gdl05,epoch,130,0,MSFv3,14,7,./checkpoints/msfv3_gdl05.pt,128,4,4,"(2, 4, 8, 16)",0.01685030334827272,0.12973920057087052,0.09569059153820605,58.47859589597012,0.9829267948231799,"(0.070506, 0.105766, 0.124886, 0.136287, 0.144146, 0.150256, 0.155135)","(0.048577, 0.077917, 0.094323, 0.103928, 0.110401, 0.115356, 0.119332)",0.016746081528253853,0.12790012998240335,0.09435240658266204,55.67540618351528,0.9355256727763585,"(0.068174, 0.102160, 0.120879, 0.133169, 0.142308, 0.149652, 0.155812)","(0.046895, 0.075021, 0.091253, 0.101650, 0.109351, 0.115543, 0.120754)",,,,,,,
msfv3_gdl05,epoch,131,0,MSFv3,14,7,./checkpoints/msfv3_gdl05.pt,128,4,4,"(2, 4, 8, 16)",0.016855753527240867,0.12973958153775336,0.09573683142662048,58.577507546607485,0.9829241810960972,"(0.070593, 0.105956, 0.124940, 0.136245, 0.144163, 0.150221, 0.155008)","(0.048617, 0.078123, 0.094436, 0.103925, 0.110452, 0.115370, 0.119236)",0.01694676002287971,0.12872010522655078,0.09470888466707297,56.081227506910054,0.93505169238363,"(0.067566, 0.102089, 0.121073, 0.133894, 0.143325, 0.151055, 0.157776)","(0.046456, 0.074825, 0.091195, 0.101921, 0.109986, 0.116454, 0.122126)",,,,,,,
msfv3_gdl05,epoch,132,1,MSFv3,14,7,./checkpoints/msfv3_gdl05.pt,128,4,4,"(2, 4, 8, 16)",0.016892298709284118,0.12988476791469036,0.0958764171029659,58.54687467534492,0.9828854989498219,"(0.070865, 0.106055, 0.124979, 0.136352, 0.144252, 0.150395, 0.155283)","(0.048997, 0.078174, 0.094433, 0.103986, 0.110548, 0.115538, 0.119457)",0.016599375338825797,0.12728097289800644,0.09388532768934965,55.3799740586962,0.9364712919507708,"(0.068467, 0.101941, 0.120506, 0.132606, 0.141513, 0.148738, 0.154650)","(0.047820, 0.075187, 0.090853, 0.100934, 0.108378, 0.114519, 0.119508)",,,,,,,
msfv3_gdl05,epoch,133,0,MSFv3,14,7,./checkpoints/msfv3_gdl05.pt,128,4,4,"(2, 4, 8, 16)",0.016831730591489912,0.12965912275851807,0.0956162598697429,58.44364904850087,0.9829457465638506,"(0.070410, 0.105739, 0.124886, 0.136320, 0.144116, 0.150115, 0.154870)","(0.048388, 0.077857, 0.094335, 0.103967, 0.110398, 0.115264, 0.119105)",0.016888313444464335,0.12842275175665105,0.0946334982290864,56.830780608313425,0.935434735247067,"(0.069765, 0.103498, 0.121865, 0.133735, 0.142357, 0.149752, 0.155865)","(0.048677, 0.075915, 0.091573, 0.101638, 0.108958, 0.115215, 0.120458)",,,,,,,
msfv3_gdl05,epoch,134,1,MSFv3,14,7,./checkpoints/msfv3_gdl05.pt,128,4,4,"(2, 4, 8, 16)",0.016772746712841253,0.12943915377099133,0.09544053087209134,58.313289236515125,0.9829917407416283,"(0.070338, 0.105565, 0.124606, 0.135981, 0.143869, 0.149916, 0.154708)","(0.048390, 0.077743, 0.094088, 0.103658, 0.110154, 0.115084, 0.118968)",0.016562742247645344,0.12719247756259783,0.09353855651404176,56.01829648017883,0.9365666870559964,"(0.067739, 0.101798, 0.120421, 0.132673, 0.141516, 0.148647, 0.154647)","(0.046609, 0.074744, 0.090608, 0.100818, 0.108305, 0.114311, 0.119376)",,,,,,,
msfv3_gdl05,epoch,135,0,MSFv3,14,7,./checkpoints/msfv3_gdl05.pt,128,4,4,"(2, 4, 8, 16)",0.01681619358962362,0.12960653547373674,0.09558963074170529,58.497352316024454,0.9829204218818787,"(0.070470, 0.105790, 0.124841, 0.136156, 0.144041, 0.150061, 0.154794)","(0.048493, 0.077923, 0.094317, 0.103837, 0.110333, 0.115197, 0.119025)",0.016839543972829624,0.12824721980307782,0.09472324113760676,55.81295452799116,0.9351500081164497,"(0.069120, 0.102457, 0.120772, 0.133366, 0.142604, 0.150031, 0.156477)","(0.047857, 0.075058, 0.090975, 0.101735, 0.109688, 0.116057, 0.121693)",,,,,,,
msfv3_gdl05,epoch,136,0,MSFv3,14,7,./checkpoints/msfv3_gdl05.pt,128,4,4,"(2, 4, 8, 16)",0.0167334131163327,0.12928648348718227,0.09533171288352063,58.33803651687947,0.9830030621366298,"(0.070226, 0.105449, 0.124529, 0.135863, 0.143665, 0.149678, 0.154494)","(0.048226, 0.077643, 0.094056, 0.103596, 0.110046, 0.114919, 0.118836)",0.01674351989225085,0.12781110352703504,0.09404142666608095,56.059848751340596,0.9354851522615978,"(0.067858, 0.101860, 0.120736, 0.132996, 0.142280, 0.149580, 0.155944)","(0.046786, 0.074697, 0.090902, 0.101253, 0.109071, 0.115167, 0.120413)",,,,,,,
msfv3_gdl05,epoch,137,0,MSFv3,14,7,./checkpoints/msfv3_gdl05.pt,128,4,4,"(2, 4, 8, 16)",0.016860129093711682,0.12976832432115076,0.09584411328777354,58.67133134476682,0.9828867249666376,"(0.071064, 0.106047, 0.125005, 0.136247, 0.144079, 0.150124, 0.155007)","(0.049251, 0.078226, 0.094449, 0.103926, 0.110416, 0.115351, 0.119291)",0.01698255926437144,0.12868590599724225,0.09563700801559857,55.92319287572588,0.9337848850658962,"(0.067756, 0.102278, 0.121226, 0.133484, 0.143424, 0.151001, 0.157550)","(0.047154, 0.075924, 0.092237, 0.102414, 0.111024, 0.117522, 0.123184)",,,,,,,
msfv3_gdl05,epoch,138,0,MSFv3,14,7,./checkpoints/msfv3_gdl05.pt,128,4,4,"(2, 4, 8, 16)",0.016757918026377546,0.12938459518859505,0.09542281097395623,58.266766264083536,0.9829981171704353,"(0.070422, 0.105680, 0.124684, 0.135960, 0.143755, 0.149747, 0.154458)","(0.048535, 0.077872, 0.094177, 0.103632, 0.110053, 0.114933, 0.118756)",0.016871159430593252,0.12832248849528177,0.09515945706516504,56.80454315458025,0.9350577486412865,"(0.070015, 0.102824, 0.121572, 0.133734, 0.142319, 0.149542, 0.155997)","(0.050086, 0.076212, 0.092214, 0.102222, 0.109225, 0.115154, 0.121003)",,,,,,,
msfv3_gdl05,epoch,139,0,MSFv3,14,7,./checkpoints/msfv3_gdl05.pt,128,4,4,"(2, 4, 8, 16)",0.016830699805645867,0.12965830563428152,0.0957649427446279,58.646614237034576,0.9829101670295635,"(0.070877, 0.106018, 0.124973, 0.136196, 0.144005, 0.149995, 0.154750)","(0.049073, 0.078268, 0.094481, 0.103913, 0.110346, 0.115201, 0.119073)",0.01697387103922665,0.1286882351019553,0.09571913802730185,55.31513953208923,0.9346003723996026,"(0.069160, 0.102938, 0.121491, 0.134176, 0.142945, 0.150346, 0.156878)","(0.049157, 0.076710, 0.092439, 0.103112, 0.110287, 0.116374, 0.121953)",,,,,,,
msfv3_gdl05,epoch,140,0,MSFv3,14,7,./checkpoints/msfv3_gdl05.pt,128,4,4,"(2, 4, 8, 16)",0.016755649210647382,0.12936248867157737,0.09546431875292291,58.37031250811638,0.9829866233024191,"(0.070478, 0.105704, 0.124710, 0.135977, 0.143721, 0.149636, 0.154392)","(0.048550, 0.077904, 0.094242, 0.103738, 0.110115, 0.114935, 0.118766)",0.017010992875189652,0.12881759580756938,0.09543601835944823,56.44695969990322,0.9339925284896579,"(0.069153, 0.102989, 0.121612, 0.133866, 0.143600, 0.150329, 0.157046)","(0.048473, 0.076338, 0.092224, 0.102359, 0.110631, 0.116086, 0.121941)",,,,,,,
msfv3_gdl05,epoch,141,0,MSFv3,14,7,./checkpoints/msfv3_gdl05.pt,128,4,4,"(2, 4, 8, 16)",0.016715376999506606,0.1292010133930919,0.09535896647325222,58.34257974015905,0.9830894118293803,"(0.070485, 0.105574, 0.124491, 0.135719, 0.143528, 0.149474, 0.154281)","(0.048671, 0.077799, 0.094042, 0.103523, 0.109987, 0.114805, 0.118686)",0.016658216565182165,0.12754319714648382,0.09411532737846885,55.946398564747405,0.9354935458728245,"(0.067780, 0.101885, 0.120462, 0.132875, 0.142001, 0.149324, 0.155250)","(0.046690, 0.074916, 0.090957, 0.101391, 0.109067, 0.115401, 0.120386)",,,,,,,
msfv3_gdl05,epoch,142,0,MSFv3,14,7,./checkpoints/msfv3_gdl05.pt,128,4,4,"(2, 4, 8, 16)",0.016663120950552376,0.12900732540065538,0.09511740466064596,58.237198525286736,0.9831106260101846,"(0.070158, 0.105408, 0.124367, 0.135596, 0.143321, 0.149255, 0.154026)","(0.048195, 0.077599, 0.093918, 0.103360, 0.109746, 0.114565, 0.118439)",0.01706893925022866,0.12904534515525615,0.09592648781836033,55.51913162640163,0.9329078729663577,"(0.067753, 0.102486, 0.121456, 0.133993, 0.143575, 0.151177, 0.158524)","(0.047093, 0.076157, 0.092429, 0.102974, 0.111190, 0.117630, 0.124012)",,,,,,,
msfv3_gdl05,epoch,143,0,MSFv3,14,7,./checkpoints/msfv3_gdl05.pt,128,4,4,"(2, 4, 8, 16)",0.016647528866900407,0.12894965174343964,0.09512161336680676,58.217218236720306,0.9830780577786425,"(0.070207, 0.105352, 0.124304, 0.135469, 0.143195, 0.149238, 0.154008)","(0.048281, 0.077571, 0.093879, 0.103301, 0.109703, 0.114632, 0.118484)",0.017165278300776014,0.12958730145224504,0.09632832211043153,55.986446959631785,0.9331595855099815,"(0.067889, 0.102129, 0.121413, 0.134175, 0.144713, 0.152572, 0.159277)","(0.047500, 0.075712, 0.092276, 0.102981, 0.112203, 0.118914, 0.124713)",,,,,,,
msfv3_gdl05,epoch,144,0,MSFv3,14,7,./checkpoints/msfv3_gdl05.pt,128,4,4,"(2, 4, 8, 16)",0.016763172176805265,0.12939851742172923,0.09553130307888731,58.503564104120784,0.9829839268263351,"(0.070700, 0.105828, 0.124791, 0.135982, 0.143696, 0.149659, 0.154377)","(0.048822, 0.078030, 0.094337, 0.103754, 0.110094, 0.114907, 0.118776)",0.017373911587388387,0.13051561984632695,0.09647588857582637,58.87591137204851,0.9340231461184365,"(0.071571, 0.105649, 0.123614, 0.136216, 0.144792, 0.152154, 0.157681)","(0.050570, 0.077913, 0.093169, 0.103715, 0.110906, 0.117115, 0.121943)",,,,,,,
msfv3_gdl05,epoch,145,0,MSFv3,14,7,./checkpoints/msfv3_gdl05.pt,128,4,4,"(2, 4, 8, 16)",0.0166915435779919,0.12911790246798657,0.09529573533763276,58.39240899999091,0.9830633924996599,"(0.070340, 0.105479, 0.124425, 0.135673, 0.143420, 0.149453, 0.154134)","(0.048452, 0.077747, 0.094075, 0.103517, 0.109913, 0.114803, 0.118563)",0.01697934791445732,0.12879717616098268,0.09509330628705877,56.82892530305045,0.9353315191609519,"(0.067748, 0.102520, 0.121004, 0.133582, 0.143526, 0.150986, 0.158019)","(0.047045, 0.075812, 0.091420, 0.101883, 0.110353, 0.116556, 0.122585)",,,,,,,
msfv3_gdl05,epoch,146,0,MSFv3,14,7,./checkpoints/msfv3_gdl05.pt,128,4,4,"(2, 4, 8, 16)",0.0166603879993187,0.12899922788386406,0.09509738292941387,58.185200610059375,0.9831053522673059,"(0.070044, 0.105327, 0.124380, 0.135640, 0.143369, 0.149271, 0.154002)","(0.047972, 0.077505, 0.093939, 0.103439, 0.109811, 0.114593, 0.118423)",0.01689514933553125,0.12843476927706174,0.09544000481920582,55.83647108078003,0.9344067020075661,"(0.068294, 0.102472, 0.121526, 0.134068, 0.142904, 0.150178, 0.156318)","(0.047918, 0.076137, 0.092526, 0.103044, 0.110380, 0.116459, 0.121616)",,,,,,,
msfv3_gdl05,epoch,147,0,MSFv3,14,7,./checkpoints/msfv3_gdl05.pt,128,4,4,"(2, 4, 8, 16)",0.016597807273625375,0.1287408943111391,0.09501978473618944,58.272098520968825,0.9831807499236249,"(0.070286, 0.105275, 0.124087, 0.135215, 0.142916, 0.148951, 0.153735)","(0.048424, 0.077577, 0.093755, 0.103147, 0.109533, 0.114430, 0.118273)",0.016784612837779735,0.1279999573848077,0.0946333659812808,55.611884525844026,0.9354136756488255,"(0.068702, 0.102408, 0.121005, 0.133203, 0.142451, 0.149667, 0.155655)","(0.047603, 0.075225, 0.091311, 0.101647, 0.109861, 0.115938, 0.120850)",,,,,,,
msfv3_gdl05,epoch,148,0,MSFv3,14,7,./checkpoints/msfv3_gdl05.pt,128,4,4,"(2, 4, 8, 16)",0.01667514593994364,0.12903605577404906,0.09525909980243825,58.37186784947172,0.9830692280480202,"(0.070384, 0.105407, 0.124394, 0.135618, 0.143288, 0.149260, 0.154030)","(0.048605, 0.077739, 0.094039, 0.103478, 0.109816, 0.114637, 0.118499)",0.017615804066216306,0.13125967154545443,0.0974632321989962,59.534999404634746,0.9332403051001685,"(0.071749, 0.105397, 0.124242, 0.136623, 0.145374, 0.153059, 0.159756)","(0.050975, 0.077976, 0.094129, 0.104589, 0.111945, 0.118469, 0.124161)",,,,,,,
msfv3_gdl05,epoch,149,0,MSFv3,14,7,./checkpoints/msfv3_gdl05.pt,128,4,4,"(2, 4, 8, 16)",0.016637551543758587,0.12891187883131894,0.09512649508232766,58.29289882741076,0.9831193301905977,"(0.070295, 0.105385, 0.124323, 0.135533, 0.143241, 0.149114, 0.153728)","(0.048407, 0.077663, 0.093945, 0.103393, 0.109729, 0.114497, 0.118251)",0.016648516291752458,0.1274226659110614,0.09388806551162686,56.026852641786846,0.9363505478416171,"(0.068268, 0.101673, 0.120370, 0.132755, 0.141803, 0.148956, 0.155226)","(0.047099, 0.074623, 0.090728, 0.101004, 0.108709, 0.114852, 0.120201)",,,,,,,
msfv3_gdl05,epoch,150,0,MSFv3,14,7,./checkpoints/msfv3_gdl05.pt,128,4,4,"(2, 4, 8, 16)",0.016675353535708596,0.12904871885576794,0.09524927117881622,58.24789246092451,0.9831033025650268,"(0.070520, 0.105501, 0.124398, 0.135625, 0.143345, 0.149242, 0.153982)","(0.048650, 0.077762, 0.094005, 0.103425, 0.109806, 0.114628, 0.118470)",0.016601748831037964,0.12726084967809065,0.09398179594427347,55.15675939832415,0.936375060251781,"(0.067459, 0.101732, 0.120446, 0.132853, 0.141538, 0.148728, 0.154918)","(0.046834, 0.075182, 0.091136, 0.101484, 0.108638, 0.114693, 0.119906)",,,,,,,
msfv3_gdl05,epoch,151,0,MSFv3,14,7,./checkpoints/msfv3_gdl05.pt,128,4,4,"(2, 4, 8, 16)",0.016653883667226803,0.12897238672980432,0.09518254227302175,58.28714455949499,0.9830718446285167,"(0.070420, 0.105559, 0.124408, 0.135519, 0.143229, 0.149170, 0.153787)","(0.048526, 0.077839, 0.094039, 0.103369, 0.109699, 0.114519, 0.118286)",0.016808837319591215,0.12803637076701438,0.09479350955890757,56.28942019598825,0.9352751736130033,"(0.070309, 0.103378, 0.121033, 0.132809, 0.141873, 0.149319, 0.155643)","(0.049368, 0.075963, 0.091223, 0.101282, 0.109129, 0.115596, 0.120995)",,,,,,,
msfv3_gdl05,epoch,152,0,MSFv3,14,7,./checkpoints/msfv3_gdl05.pt,128,4,4,"(2, 4, 8, 16)",0.016612762302913246,0.1288128886951375,0.09506764583923716,58.28309868751688,0.9831560976961826,"(0.070291, 0.105495, 0.124307, 0.135408, 0.143026, 0.148899, 0.153564)","(0.048382, 0.077760, 0.093984, 0.103316, 0.109597, 0.114338, 0.118096)",0.016621625001010085,0.12731135530131205,0.09426017504717622,55.48391250201634,0.9351569286414555,"(0.067590, 0.101763, 0.120414, 0.132692, 0.141770, 0.148946, 0.154903)","(0.047105, 0.075395, 0.091307, 0.101561, 0.109169, 0.115144, 0.120138)",,,,,,,
msfv3_gdl05,epoch,153,0,MSFv3,14,7,./checkpoints/msfv3_gdl05.pt,128,4,4,"(2, 4, 8, 16)",0.0166727850273093,0.12905111165430633,0.09527115769525792,58.20196683356102,0.9830891426573408,"(0.070405, 0.105492, 0.124442, 0.135591, 0.143395, 0.149272, 0.153990)","(0.048533, 0.077783, 0.094093, 0.103446, 0.109895, 0.114672, 0.118476)",0.01699029336616929,0.12873774048473155,0.09507625669773136,56.31502750941685,0.9343748944146293,"(0.067947, 0.102093, 0.120792, 0.133424, 0.143321, 0.151546, 0.157774)","(0.046916, 0.075104, 0.091045, 0.101768, 0.110350, 0.117494, 0.122857)",,,,,,,
msfv3_gdl05,epoch,154,0,MSFv3,14,7,./checkpoints/msfv3_gdl05.pt,128,4,4,"(2, 4, 8, 16)",0.016595075818452428,0.12874251599446376,0.09503243090783028,58.27914499729238,0.9831689992483627,"(0.070462, 0.105492, 0.124205, 0.135303, 0.142932, 0.148804, 0.153465)","(0.048609, 0.077777, 0.093874, 0.103177, 0.109483, 0.114256, 0.118052)",0.016756589108678912,0.12794436274894647,0.09474468670253243,56.0033883026668,0.9349518375737327,"(0.069815, 0.102638, 0.120659, 0.132989, 0.142393, 0.149496, 0.155374)","(0.048817, 0.075570, 0.091174, 0.101666, 0.109759, 0.115692, 0.120534)",,,,,,,
msfv3_gdl05,best_test,134,1,MSFv3,14,7,./checkpoints/msfv3_gdl05.pt,128,4,4,"(2, 4, 8, 16)",,,,,,,,,0.12719247756259783,,,,,,0.011850868268603725,0.10707524472049304,0.07624111736991576,44.16301943574633,0.9327751036201205,"(0.045379, 0.073965, 0.094310, 0.109524, 0.121845, 0.131578, 0.139615)","(0.031104, 0.053412, 0.069618, 0.081766, 0.091845, 0.099681, 0.106262)"
