exp_name,tag,epoch,is_best_val,model,tin,tout,ckpt_path,d_model,depth,num_heads,spatial_scales,decoder_refine_mode,decoder_refine_hidden,decoder_refine_depth,train_mse,train_rmse,train_mae,train_mape,train_r2,train_rmse_t,train_mae_t,val_mse,val_rmse,val_mae,val_mape,val_r2,val_rmse_t,val_mae_t,test_mse,test_rmse,test_mae,test_mape,test_r2,test_rmse_t,test_mae_t
msfv3_conv_base03,epoch,0,1,MSFv3Conv,14,7,./checkpoints/msfv3_conv_base03.pt,128,4,4,"(2, 4, 8, 16)",residual,8,5,0.12169657768483491,0.2830838925393382,0.2144067573579068,114.86215790281905,0.8762368471064466,"(0.232215, 0.267765, 0.273405, 0.278787, 0.291643, 0.306387, 0.317745)","(0.173609, 0.202644, 0.207338, 0.212541, 0.223411, 0.236186, 0.245117)",0.0275078204327396,0.16363986714610032,0.12347792142203876,72.50615314074925,0.9013676196336746,"(0.103120, 0.134482, 0.150691, 0.166438, 0.177153, 0.189475, 0.202007)","(0.077985, 0.102744, 0.115374, 0.128064, 0.136475, 0.146887, 0.156818)",,,,,,,
msfv3_conv_base03,epoch,1,1,MSFv3Conv,14,7,./checkpoints/msfv3_conv_base03.pt,128,4,4,"(2, 4, 8, 16)",residual,8,5,0.02541231140098039,0.15929126667089852,0.1192260891833204,73.40646049824167,0.9742490015131362,"(0.097265, 0.128546, 0.147736, 0.162816, 0.174134, 0.185140, 0.196485)","(0.072207, 0.096752, 0.112217, 0.124749, 0.133852, 0.142834, 0.151972)",0.023959368633638536,0.15337288885244302,0.114780029548066,68.3757290499551,0.9124598226376942,"(0.093833, 0.124537, 0.141103, 0.156426, 0.167241, 0.178321, 0.189815)","(0.069652, 0.093657, 0.107252, 0.119760, 0.128553, 0.137858, 0.146729)",,,,,,,
msfv3_conv_base03,epoch,2,1,MSFv3Conv,14,7,./checkpoints/msfv3_conv_base03.pt,128,4,4,"(2, 4, 8, 16)",residual,8,5,0.023136100870497684,0.15197011450554507,0.11361732857024416,70.87504435600118,0.9765967209922507,"(0.090774, 0.121944, 0.141556, 0.156006, 0.166954, 0.176966, 0.186844)","(0.067531, 0.091750, 0.107709, 0.119475, 0.128321, 0.136326, 0.144208)",0.022170630183869174,0.14729451627603599,0.11032483034900256,65.33123067447117,0.9163131628717694,"(0.088089, 0.117913, 0.136002, 0.150552, 0.161470, 0.172016, 0.182351)","(0.065579, 0.088774, 0.103791, 0.115664, 0.124389, 0.133010, 0.141066)",,,,,,,
msfv3_conv_base03,epoch,3,1,MSFv3Conv,14,7,./checkpoints/msfv3_conv_base03.pt,128,4,4,"(2, 4, 8, 16)",residual,8,5,0.021946107146349994,0.14801506949491766,0.1106889720689109,69.06232953578868,0.977726105045765,"(0.087901, 0.118867, 0.138606, 0.152183, 0.162958, 0.172324, 0.181121)","(0.065390, 0.089355, 0.105520, 0.116557, 0.125312, 0.132835, 0.139855)",0.021575666797746505,0.14537616526441915,0.10895782709121704,64.13716741970607,0.9184270139251437,"(0.084635, 0.115235, 0.134316, 0.148523, 0.160219, 0.171034, 0.179826)","(0.062887, 0.086916, 0.102634, 0.114146, 0.123758, 0.132736, 0.139629)",,,,,,,
msfv3_conv_base03,epoch,4,1,MSFv3Conv,14,7,./checkpoints/msfv3_conv_base03.pt,128,4,4,"(2, 4, 8, 16)",residual,8,5,0.021235041538293056,0.14561359737563562,0.10883005252702439,67.39467537656743,0.9784325801945747,"(0.085575, 0.117088, 0.137014, 0.150130, 0.160505, 0.169553, 0.177454)","(0.063343, 0.087870, 0.104278, 0.114976, 0.123439, 0.130763, 0.137141)",0.02043859477687095,0.1415354912834508,0.1054140462407044,63.546221596854075,0.9216660878487996,"(0.081816, 0.112418, 0.131542, 0.145076, 0.156105, 0.165799, 0.174744)","(0.060249, 0.084122, 0.099848, 0.110906, 0.119945, 0.127831, 0.134997)",,,,,,,
msfv3_conv_base03,epoch,5,0,MSFv3Conv,14,7,./checkpoints/msfv3_conv_base03.pt,128,4,4,"(2, 4, 8, 16)",residual,8,5,0.020727857769011183,0.14385054719868967,0.10736793545173838,66.16736988311118,0.9789802457423921,"(0.083194, 0.115746, 0.135752, 0.148624, 0.158826, 0.167531, 0.175065)","(0.061059, 0.086672, 0.103284, 0.113882, 0.122201, 0.129195, 0.135282)",0.022091752882780775,0.1478308934186186,0.11066973821393081,70.45159350122724,0.915348761848041,"(0.085867, 0.115433, 0.136621, 0.151255, 0.163829, 0.175084, 0.181826)","(0.063982, 0.086387, 0.103946, 0.116157, 0.126678, 0.136077, 0.141460)",,,,,,,
msfv3_conv_base03,epoch,6,0,MSFv3Conv,14,7,./checkpoints/msfv3_conv_base03.pt,128,4,4,"(2, 4, 8, 16)",residual,8,5,0.02055078509085356,0.14325967930531194,0.106832941994071,65.46190679834244,0.9791596607959017,"(0.081923, 0.114951, 0.135205, 0.148439, 0.158662, 0.166968, 0.174059)","(0.059793, 0.085945, 0.102826, 0.113761, 0.122106, 0.128823, 0.134577)",0.020612638543492982,0.14189342569027627,0.10613712615200452,62.98702447754996,0.9213005942957742,"(0.080049, 0.112147, 0.130517, 0.144679, 0.156057, 0.167174, 0.177599)","(0.059329, 0.084556, 0.099587, 0.111251, 0.120466, 0.129567, 0.138203)",,,,,,,
msfv3_conv_base03,epoch,7,1,MSFv3Conv,14,7,./checkpoints/msfv3_conv_base03.pt,128,4,4,"(2, 4, 8, 16)",residual,8,5,0.020060644445425654,0.1415234782131985,0.10530112057607224,64.54281200246608,0.9796625283804345,"(0.079752, 0.113455, 0.133696, 0.146793, 0.156764, 0.165056, 0.172176)","(0.057630, 0.084638, 0.101557, 0.112398, 0.120530, 0.127272, 0.133082)",0.019574369569974288,0.13848164837275231,0.10303929155426365,61.12305307388306,0.9237177648714611,"(0.076603, 0.109433, 0.128593, 0.142490, 0.153439, 0.163040, 0.171138)","(0.055605, 0.081785, 0.097721, 0.109021, 0.118157, 0.126196, 0.132791)",,,,,,,
msfv3_conv_base03,epoch,8,0,MSFv3Conv,14,7,./checkpoints/msfv3_conv_base03.pt,128,4,4,"(2, 4, 8, 16)",residual,8,5,0.01981903560102937,0.14069524835660094,0.1046641855797869,64.08411650962017,0.9799181343393123,"(0.079347, 0.113239, 0.133239, 0.146108, 0.155869, 0.163787, 0.170716)","(0.057164, 0.084406, 0.101184, 0.111871, 0.119858, 0.126269, 0.131897)",0.01994941563212446,0.13968798704445362,0.10458213543253285,61.099824701036724,0.9207024765866143,"(0.076879, 0.110587, 0.129591, 0.144628, 0.154260, 0.164404, 0.172525)","(0.056071, 0.083437, 0.099106, 0.111714, 0.119281, 0.127908, 0.134559)",,,,,,,
msfv3_conv_base03,epoch,9,0,MSFv3Conv,14,7,./checkpoints/msfv3_conv_base03.pt,128,4,4,"(2, 4, 8, 16)",residual,8,5,0.019883644777013265,0.14093383017371983,0.10484870130869936,64.2030020774679,0.9798209464296381,"(0.079216, 0.113248, 0.133359, 0.146424, 0.156274, 0.164210, 0.170966)","(0.057103, 0.084453, 0.101320, 0.112153, 0.120165, 0.126609, 0.132139)",0.01961841307846563,0.13887391266013896,0.10302140936255455,62.3623309816633,0.9241467118263245,"(0.077680, 0.109664, 0.128663, 0.142590, 0.154709, 0.163137, 0.171382)","(0.055853, 0.081219, 0.097352, 0.108901, 0.118845, 0.126020, 0.132960)",,,,,,,
msfv3_conv_base03,epoch,10,1,MSFv3Conv,14,7,./checkpoints/msfv3_conv_base03.pt,128,4,4,"(2, 4, 8, 16)",residual,8,5,0.019377558110678133,0.13910568845512866,0.10320583306887049,63.10460407175916,0.980331819425238,"(0.077214, 0.111522, 0.131620, 0.144601, 0.154335, 0.162319, 0.169044)","(0.055001, 0.082824, 0.099775, 0.110612, 0.118592, 0.125079, 0.130559)",0.019307991456506506,0.13763070878173625,0.10193021808351789,60.66632226535252,0.9250236600637436,"(0.073716, 0.107732, 0.128175, 0.142200, 0.153200, 0.162322, 0.170157)","(0.052549, 0.079781, 0.096861, 0.108572, 0.117856, 0.125760, 0.132131)",,,,,,,
msfv3_conv_base03,epoch,11,0,MSFv3Conv,14,7,./checkpoints/msfv3_conv_base03.pt,128,4,4,"(2, 4, 8, 16)",residual,8,5,0.01937518094448333,0.1391052008854358,0.10335246996676668,63.255930799119014,0.9803632649969547,"(0.077977, 0.111731, 0.131633, 0.144513, 0.154313, 0.162148, 0.168755)","(0.055998, 0.083172, 0.099901, 0.110582, 0.118584, 0.124918, 0.130313)",0.019392459353964244,0.1379078466977392,0.10257268218057496,60.26606396266392,0.9247278273105621,"(0.076963, 0.109155, 0.128043, 0.141834, 0.152596, 0.162084, 0.170482)","(0.055298, 0.080912, 0.097001, 0.108856, 0.117712, 0.125595, 0.132635)",,,,,,,
msfv3_conv_base03,epoch,12,1,MSFv3Conv,14,7,./checkpoints/msfv3_conv_base03.pt,128,4,4,"(2, 4, 8, 16)",residual,8,5,0.019587917758667087,0.13985373610996019,0.10401089854062871,63.31378098751636,0.9801447359805412,"(0.078062, 0.112432, 0.132511, 0.145475, 0.155146, 0.162909, 0.169590)","(0.056068, 0.083781, 0.100664, 0.111410, 0.119348, 0.125683, 0.131122)",0.019096239802560637,0.1367523710110358,0.10164685041776725,59.87097018105643,0.9247904419898987,"(0.073303, 0.107297, 0.127252, 0.141530, 0.151919, 0.161264, 0.169022)","(0.051849, 0.079935, 0.096852, 0.108920, 0.117343, 0.125262, 0.131368)",,,,,,,
msfv3_conv_base03,epoch,13,0,MSFv3Conv,14,7,./checkpoints/msfv3_conv_base03.pt,128,4,4,"(2, 4, 8, 16)",residual,8,5,0.01926289466110633,0.13869709572997854,0.10305640628521746,63.13024906401939,0.9804501368644389,"(0.077214, 0.111585, 0.131455, 0.144269, 0.153897, 0.161592, 0.168130)","(0.055334, 0.083070, 0.099758, 0.110404, 0.118330, 0.124581, 0.129917)",0.019596700589837774,0.13893108149724348,0.1030536639903273,62.79132628440857,0.9246194788387844,"(0.076357, 0.110126, 0.128940, 0.142192, 0.154268, 0.164617, 0.171105)","(0.054732, 0.081549, 0.097551, 0.108736, 0.118744, 0.127345, 0.132718)",,,,,,,
msfv3_conv_base03,epoch,14,0,MSFv3Conv,14,7,./checkpoints/msfv3_conv_base03.pt,128,4,4,"(2, 4, 8, 16)",residual,8,5,0.019043048328541694,0.13789999758420093,0.10233682215689345,62.7068206908855,0.9806556127806927,"(0.076180, 0.110854, 0.130796, 0.143564, 0.153052, 0.160738, 0.167193)","(0.054310, 0.082387, 0.099205, 0.109823, 0.117611, 0.123894, 0.129128)",0.019156843989289234,0.1368945078658206,0.10222820405449186,58.79498703139169,0.9237286895513535,"(0.072602, 0.107529, 0.127592, 0.141982, 0.152483, 0.161801, 0.168343)","(0.051675, 0.080554, 0.097572, 0.109732, 0.118407, 0.126238, 0.131420)",,,,,,,
msfv3_conv_base03,epoch,15,0,MSFv3Conv,14,7,./checkpoints/msfv3_conv_base03.pt,128,4,4,"(2, 4, 8, 16)",residual,8,5,0.019159389451700957,0.13832653728842048,0.10288516792686696,62.97273753551727,0.980555645962979,"(0.077451, 0.111653, 0.131379, 0.144036, 0.153477, 0.160841, 0.167182)","(0.055717, 0.083158, 0.099772, 0.110282, 0.118060, 0.124020, 0.129187)",0.019232698749484762,0.13734670967928,0.10229605649198804,61.20762521880014,0.9258011643375669,"(0.079930, 0.110393, 0.128022, 0.140615, 0.151649, 0.160909, 0.168100)","(0.058436, 0.081722, 0.096795, 0.107518, 0.116821, 0.124372, 0.130408)",,,,,,,
msfv3_conv_base03,epoch,16,0,MSFv3Conv,14,7,./checkpoints/msfv3_conv_base03.pt,128,4,4,"(2, 4, 8, 16)",residual,8,5,0.019181236347302476,0.13840288018020871,0.103029876313311,63.211815164444296,0.9805089057760036,"(0.077912, 0.111697, 0.131354, 0.143936, 0.153421, 0.161043, 0.167335)","(0.056305, 0.083267, 0.099806, 0.110273, 0.118050, 0.124212, 0.129296)",0.019425788262326802,0.13783986600381987,0.10282390325197152,58.00425590787615,0.9256613360983985,"(0.077812, 0.110380, 0.129169, 0.142877, 0.152530, 0.160809, 0.168428)","(0.056451, 0.082343, 0.098265, 0.109829, 0.117602, 0.124497, 0.130780)",,,,,,,
msfv3_conv_base03,epoch,17,1,MSFv3Conv,14,7,./checkpoints/msfv3_conv_base03.pt,128,4,4,"(2, 4, 8, 16)",residual,8,5,0.018763086164092765,0.1368885084363342,0.10147702182702562,62.087393618644555,0.9809817906389845,"(0.075330, 0.110314, 0.130245, 0.142790, 0.151967, 0.159379, 0.165531)","(0.053470, 0.081870, 0.098702, 0.109149, 0.116690, 0.122732, 0.127726)",0.01877009145183755,0.13569401444068976,0.10051796665149075,59.594833510262625,0.9271660234246936,"(0.072173, 0.107150, 0.125966, 0.139762, 0.150270, 0.160419, 0.168362)","(0.050795, 0.079007, 0.095319, 0.107343, 0.115763, 0.124426, 0.130973)",,,,,,,
msfv3_conv_base03,epoch,18,0,MSFv3Conv,14,7,./checkpoints/msfv3_conv_base03.pt,128,4,4,"(2, 4, 8, 16)",residual,8,5,0.018697241648159762,0.13665315023495606,0.10136789887985016,61.97946317145165,0.9810528622028676,"(0.075478, 0.110222, 0.130115, 0.142619, 0.151736, 0.158940, 0.164977)","(0.053765, 0.081845, 0.098672, 0.109056, 0.116514, 0.122388, 0.127336)",0.018868858659906045,0.13610853334622725,0.1016910153308085,60.77728877748762,0.9274396087442126,"(0.081164, 0.111040, 0.127880, 0.139856, 0.149549, 0.158140, 0.165196)","(0.060041, 0.082474, 0.096616, 0.106886, 0.115087, 0.122439, 0.128294)",,,,,,,
msfv3_conv_base03,epoch,19,1,MSFv3Conv,14,7,./checkpoints/msfv3_conv_base03.pt,128,4,4,"(2, 4, 8, 16)",residual,8,5,0.018683290609376544,0.13659368170739225,0.1014322605618137,62.09116791664286,0.9810499352343539,"(0.076121, 0.110408, 0.130125, 0.142546, 0.151550, 0.158655, 0.164738)","(0.054552, 0.082084, 0.098706, 0.108990, 0.116392, 0.122190, 0.127112)",0.01825690044954951,0.13380953509892737,0.09903621567147118,58.490143809999736,0.9290936142206192,"(0.072975, 0.106607, 0.125478, 0.138530, 0.148550, 0.156740, 0.164080)","(0.051641, 0.078726, 0.094739, 0.105590, 0.114009, 0.121079, 0.127469)",,,,,,,
msfv3_conv_base03,epoch,20,0,MSFv3Conv,14,7,./checkpoints/msfv3_conv_base03.pt,128,4,4,"(2, 4, 8, 16)",residual,8,5,0.018544491504299196,0.13610863889243752,0.1009904416872466,61.751699001231096,0.9811890356718226,"(0.075699, 0.110176, 0.129801, 0.142021, 0.150979, 0.158124, 0.164060)","(0.054139, 0.081823, 0.098396, 0.108504, 0.115855, 0.121691, 0.126526)",0.01835412224422076,0.13407801490809237,0.10013772201325212,58.713559593473164,0.9283081314393452,"(0.075365, 0.106398, 0.125627, 0.138804, 0.149490, 0.157234, 0.163026)","(0.055814, 0.079435, 0.095497, 0.106448, 0.115543, 0.121934, 0.126292)",,,,,,,
msfv3_conv_base03,epoch,21,0,MSFv3Conv,14,7,./checkpoints/msfv3_conv_base03.pt,128,4,4,"(2, 4, 8, 16)",residual,8,5,0.01870295282037176,0.13664669977583757,0.10169989167851337,62.10791944950185,0.9810216236621776,"(0.077587, 0.111185, 0.130554, 0.142506, 0.151300, 0.158245, 0.164052)","(0.056180, 0.082934, 0.099138, 0.108995, 0.116253, 0.121863, 0.126535)",0.018477106633196985,0.13453552286539758,0.09965549781918526,58.237295797892976,0.9296318675790515,"(0.071913, 0.106113, 0.125536, 0.138708, 0.148960, 0.158902, 0.166375)","(0.051039, 0.078559, 0.095038, 0.105947, 0.114583, 0.123068, 0.129354)",,,,,,,
msfv3_conv_base03,epoch,22,1,MSFv3Conv,14,7,./checkpoints/msfv3_conv_base03.pt,128,4,4,"(2, 4, 8, 16)",residual,8,5,0.01830570197644386,0.13522340918058182,0.10019406438507933,61.04491864874008,0.9814390933260004,"(0.074388, 0.109254, 0.128946, 0.141280, 0.150179, 0.157224, 0.163062)","(0.052709, 0.081009, 0.097681, 0.107932, 0.115292, 0.121013, 0.125722)",0.017951747518964112,0.13275043639753545,0.09789472232971873,58.93049921308245,0.9302588956696647,"(0.072080, 0.105413, 0.124511, 0.137757, 0.147364, 0.155769, 0.162551)","(0.051483, 0.077708, 0.093780, 0.104698, 0.112698, 0.119672, 0.125223)",,,,,,,
msfv3_conv_base03,epoch,23,0,MSFv3Conv,14,7,./checkpoints/msfv3_conv_base03.pt,128,4,4,"(2, 4, 8, 16)",residual,8,5,0.018275415321732772,0.13510349355126483,0.10019072585124919,61.147579558352206,0.9814801101988935,"(0.075251, 0.109676, 0.129184, 0.141140, 0.149835, 0.156726, 0.162408)","(0.053693, 0.081398, 0.097861, 0.107789, 0.114940, 0.120521, 0.125133)",0.018661075487865934,0.1352584117225238,0.101428517007402,60.316418511526926,0.9289105640990394,"(0.077581, 0.108472, 0.127614, 0.140329, 0.149975, 0.157565, 0.163719)","(0.058068, 0.081535, 0.097452, 0.107719, 0.115732, 0.122228, 0.127265)",,,,,,,
msfv3_conv_base03,epoch,24,0,MSFv3Conv,14,7,./checkpoints/msfv3_conv_base03.pt,128,4,4,"(2, 4, 8, 16)",residual,8,5,0.018250070566787048,0.1349944718817246,0.10007080174189933,61.03282155381872,0.9814642376088082,"(0.074597, 0.109328, 0.129023, 0.141087, 0.149927, 0.156737, 0.162362)","(0.053047, 0.081116, 0.097748, 0.107780, 0.115061, 0.120604, 0.125140)",0.01830751937814057,0.1341149000717061,0.09951301823769297,59.45541296686445,0.9279358025108065,"(0.078736, 0.108131, 0.125857, 0.138010, 0.147466, 0.156218, 0.163793)","(0.057824, 0.079678, 0.094556, 0.104867, 0.112887, 0.120244, 0.126535)",,,,,,,
msfv3_conv_base03,epoch,25,1,MSFv3Conv,14,7,./checkpoints/msfv3_conv_base03.pt,128,4,4,"(2, 4, 8, 16)",residual,8,5,0.018181253620918762,0.13474253915947285,0.09990585452698647,60.96260318350285,0.9815328038753347,"(0.075064, 0.109347, 0.128887, 0.140898, 0.149410, 0.156214, 0.161949)","(0.053532, 0.081129, 0.097599, 0.107563, 0.114601, 0.120139, 0.124778)",0.017950686210367297,0.132591881656221,0.09814414594854627,57.80098707335336,0.930754269872393,"(0.072275, 0.105792, 0.124867, 0.138385, 0.147540, 0.155024, 0.161105)","(0.051127, 0.078084, 0.094479, 0.105602, 0.113340, 0.119689, 0.124688)",,,,,,,
msfv3_conv_base03,epoch,26,0,MSFv3Conv,14,7,./checkpoints/msfv3_conv_base03.pt,128,4,4,"(2, 4, 8, 16)",residual,8,5,0.018263496285145904,0.13504488149207103,0.10022195860585,61.21286396270103,0.9814356866669147,"(0.075256, 0.109336, 0.128998, 0.141191, 0.149896, 0.156713, 0.162346)","(0.053836, 0.081194, 0.097780, 0.107918, 0.115078, 0.120592, 0.125155)",0.017957946002882506,0.13259769018207276,0.09889357004846845,57.61369671140398,0.9293276795319149,"(0.073585, 0.105670, 0.124603, 0.137280, 0.146945, 0.155263, 0.162075)","(0.054004, 0.078982, 0.094491, 0.104908, 0.113221, 0.120460, 0.126189)",,,,,,,
msfv3_conv_base03,epoch,27,1,MSFv3Conv,14,7,./checkpoints/msfv3_conv_base03.pt,128,4,4,"(2, 4, 8, 16)",residual,8,5,0.018070442304807775,0.1343367418646537,0.09957092120609384,60.65675526476921,0.9816730919670551,"(0.074751, 0.109011, 0.128482, 0.140450, 0.149064, 0.155847, 0.161310)","(0.053293, 0.080856, 0.097288, 0.107231, 0.114318, 0.119803, 0.124208)",0.017673234089410732,0.131581487134099,0.09717027230986527,57.83418818882534,0.9311790806906564,"(0.071134, 0.105046, 0.123834, 0.136688, 0.146415, 0.154243, 0.160341)","(0.050342, 0.077547, 0.093361, 0.104185, 0.112199, 0.118728, 0.123830)",,,,,,,
msfv3_conv_base03,epoch,28,0,MSFv3Conv,14,7,./checkpoints/msfv3_conv_base03.pt,128,4,4,"(2, 4, 8, 16)",residual,8,5,0.018049457031203076,0.13426471415314112,0.09950920428208848,60.585305903820284,0.9817045403921858,"(0.074309, 0.109008, 0.128433, 0.140383, 0.149080, 0.155719, 0.161337)","(0.052790, 0.080875, 0.097256, 0.107206, 0.114400, 0.119770, 0.124267)",0.017892690940893123,0.13242718524166516,0.09760177454778127,58.2455416406904,0.9308068432978222,"(0.072653, 0.105219, 0.123885, 0.136844, 0.146956, 0.155512, 0.162502)","(0.051424, 0.077321, 0.093340, 0.104049, 0.112371, 0.119437, 0.125271)",,,,,,,
msfv3_conv_base03,epoch,29,0,MSFv3Conv,14,7,./checkpoints/msfv3_conv_base03.pt,128,4,4,"(2, 4, 8, 16)",residual,8,5,0.0180317502607532,0.13420317265467796,0.09957158434739773,60.70770046558786,0.9817382994484394,"(0.075039, 0.109193, 0.128409, 0.140349, 0.148896, 0.155498, 0.160931)","(0.053665, 0.081115, 0.097284, 0.107193, 0.114214, 0.119567, 0.123964)",0.018751926636988565,0.13569896162620612,0.10171306425971645,60.40324483598982,0.9279480576515198,"(0.077641, 0.108083, 0.127403, 0.140294, 0.150529, 0.158381, 0.165469)","(0.056874, 0.080639, 0.097180, 0.108068, 0.116641, 0.123344, 0.129246)",,,,,,,
msfv3_conv_base03,epoch,30,0,MSFv3Conv,14,7,./checkpoints/msfv3_conv_base03.pt,128,4,4,"(2, 4, 8, 16)",residual,8,5,0.018011622507362924,0.13411850661549504,0.09942650965395126,60.525948138947186,0.9817003103646826,"(0.074546, 0.109042, 0.128425, 0.140374, 0.148835, 0.155409, 0.160853)","(0.053071, 0.080967, 0.097282, 0.107190, 0.114142, 0.119472, 0.123861)",0.018515334082102135,0.1346581612846681,0.10196952974157673,60.07295526776995,0.9278633637087685,"(0.078230, 0.111025, 0.128769, 0.139795, 0.147672, 0.155020, 0.162463)","(0.059552, 0.085216, 0.099577, 0.108267, 0.114345, 0.120226, 0.126604)",,,,,,,
msfv3_conv_base03,epoch,31,0,MSFv3Conv,14,7,./checkpoints/msfv3_conv_base03.pt,128,4,4,"(2, 4, 8, 16)",residual,8,5,0.017888846277120583,0.13366848144899737,0.09904200980003844,60.39350063242811,0.9818959128349385,"(0.074276, 0.108605, 0.127968, 0.139880, 0.148367, 0.154947, 0.160370)","(0.052819, 0.080550, 0.096891, 0.106758, 0.113740, 0.119087, 0.123448)",0.017854218304689442,0.13217353634536266,0.09789031730698687,57.236513308116365,0.9313032414231982,"(0.071185, 0.105182, 0.124549, 0.137495, 0.147372, 0.154577, 0.161217)","(0.050547, 0.078014, 0.093995, 0.104980, 0.113334, 0.119508, 0.124855)",,,,,,,
msfv3_conv_base03,epoch,32,0,MSFv3Conv,14,7,./checkpoints/msfv3_conv_base03.pt,128,4,4,"(2, 4, 8, 16)",residual,8,5,0.017919965732367114,0.13377199819757676,0.09919346853139553,60.35054511212288,0.9818147414542259,"(0.074552, 0.108667, 0.127962, 0.139891, 0.148397, 0.155120, 0.160599)","(0.053187, 0.080674, 0.096936, 0.106825, 0.113815, 0.119251, 0.123666)",0.018582365176241313,0.135029991290399,0.1001654299242156,60.902322258268086,0.926969091807093,"(0.076673, 0.109084, 0.129090, 0.143063, 0.150422, 0.155334, 0.160712)","(0.055862, 0.080780, 0.097330, 0.109007, 0.114996, 0.119269, 0.123915)",,,,,,,
msfv3_conv_base03,epoch,33,0,MSFv3Conv,14,7,./checkpoints/msfv3_conv_base03.pt,128,4,4,"(2, 4, 8, 16)",residual,8,5,0.017886973550899864,0.13364093558980122,0.09908760418283179,60.29621497620928,0.9818673181406995,"(0.074198, 0.108601, 0.128058, 0.139968, 0.148340, 0.154849, 0.160227)","(0.052752, 0.080596, 0.097041, 0.106943, 0.113811, 0.119062, 0.123408)",0.017909228918142617,0.1324413296367441,0.09821303987077304,57.72485545703343,0.9309246689081192,"(0.073629, 0.107409, 0.125449, 0.137452, 0.146590, 0.154128, 0.160544)","(0.052471, 0.079330, 0.094512, 0.104652, 0.112458, 0.119295, 0.124774)",,,,,,,
msfv3_conv_base03,epoch,34,0,MSFv3Conv,14,7,./checkpoints/msfv3_conv_base03.pt,128,4,4,"(2, 4, 8, 16)",residual,8,5,0.017925072392012846,0.13380664061943226,0.09926534043823151,60.475199699401855,0.9818211223216767,"(0.074657, 0.108912, 0.128207, 0.139949, 0.148369, 0.155022, 0.160447)","(0.053315, 0.080918, 0.097156, 0.106872, 0.113817, 0.119194, 0.123586)",0.017845087202398906,0.1320386060646602,0.0983405512358461,56.40373846462795,0.9302257086549487,"(0.071714, 0.105404, 0.124520, 0.137056, 0.146751, 0.154528, 0.161032)","(0.050934, 0.078557, 0.094635, 0.105065, 0.113418, 0.120190, 0.125584)",,,,,,,
msfv3_conv_base03,epoch,35,1,MSFv3Conv,14,7,./checkpoints/msfv3_conv_base03.pt,128,4,4,"(2, 4, 8, 16)",residual,8,5,0.017909495298691253,0.13373175899017117,0.09925072196316212,60.302832096181014,0.9817928313574893,"(0.074809, 0.108775, 0.127960, 0.139864, 0.148296, 0.154889, 0.160506)","(0.053468, 0.080851, 0.097015, 0.106883, 0.113793, 0.119100, 0.123646)",0.017543827366482998,0.13102666421660356,0.09717832811708961,57.05473589897156,0.9319655235324588,"(0.070373, 0.104258, 0.123544, 0.136543, 0.145800, 0.153318, 0.159786)","(0.049635, 0.077143, 0.093547, 0.104672, 0.112346, 0.118688, 0.124216)",,,,,,,
msfv3_conv_base03,epoch,36,0,MSFv3Conv,14,7,./checkpoints/msfv3_conv_base03.pt,128,4,4,"(2, 4, 8, 16)",residual,8,5,0.017732018842659097,0.1330612113083142,0.09861468959678994,59.99510190842,0.9819983573670082,"(0.074092, 0.108282, 0.127427, 0.139280, 0.147753, 0.154144, 0.159420)","(0.052734, 0.080290, 0.096466, 0.106326, 0.113280, 0.118476, 0.122732)",0.01880381993084614,0.1355627112622772,0.10188875773123332,57.050104822431294,0.9230271045650754,"(0.072001, 0.105496, 0.125393, 0.138719, 0.151133, 0.161598, 0.167879)","(0.051815, 0.078824, 0.096055, 0.107385, 0.118511, 0.127750, 0.132881)",,,,,,,
msfv3_conv_base03,epoch,37,0,MSFv3Conv,14,7,./checkpoints/msfv3_conv_base03.pt,128,4,4,"(2, 4, 8, 16)",residual,8,5,0.017658928488480285,0.1328104620529327,0.09823225838865371,59.72995084397336,0.9821167670665903,"(0.072814, 0.107765, 0.127221, 0.139129, 0.147554, 0.154068, 0.159467)","(0.051235, 0.079787, 0.096257, 0.106166, 0.113116, 0.118368, 0.122697)",0.01801916115385081,0.1328833938709327,0.09912769070693425,58.096048423222136,0.9296985226018089,"(0.072518, 0.105247, 0.124781, 0.137777, 0.147777, 0.155348, 0.162979)","(0.051840, 0.078024, 0.094851, 0.105896, 0.114398, 0.121069, 0.127816)",,,,,,,
msfv3_conv_base03,epoch,38,1,MSFv3Conv,14,7,./checkpoints/msfv3_conv_base03.pt,128,4,4,"(2, 4, 8, 16)",residual,8,5,0.017686848018437305,0.13290260681419322,0.09849303952874021,59.97390398066094,0.9820708882935504,"(0.074002, 0.108178, 0.127429, 0.139163, 0.147509, 0.153835, 0.159232)","(0.052616, 0.080224, 0.096490, 0.106257, 0.113142, 0.118190, 0.122534)",0.017565087498431758,0.13099722644048079,0.09752403013408184,56.514468806130544,0.930380506174905,"(0.069854, 0.104005, 0.123534, 0.136828, 0.145903, 0.153441, 0.159569)","(0.049175, 0.077149, 0.094168, 0.105538, 0.113003, 0.119261, 0.124374)",,,,,,,
msfv3_conv_base03,epoch,39,1,MSFv3Conv,14,7,./checkpoints/msfv3_conv_base03.pt,128,4,4,"(2, 4, 8, 16)",residual,8,5,0.01773404353793631,0.1330857062915239,0.0987395370735767,60.07687266329501,0.9820012174388195,"(0.074201, 0.108421, 0.127682, 0.139426, 0.147664, 0.154016, 0.159290)","(0.052980, 0.080571, 0.096771, 0.106527, 0.113275, 0.118406, 0.122647)",0.017455523018725216,0.13076801278761455,0.09689400212040969,57.53554848262242,0.9319759011268616,"(0.069949, 0.104231, 0.123275, 0.135864, 0.145232, 0.153153, 0.159951)","(0.049217, 0.077201, 0.093185, 0.103727, 0.111723, 0.118699, 0.124507)",,,,,,,
msfv3_conv_base03,epoch,40,0,MSFv3Conv,14,7,./checkpoints/msfv3_conv_base03.pt,128,4,4,"(2, 4, 8, 16)",residual,8,5,0.017713463820635954,0.1329864584349586,0.09860494514887637,60.05757033571284,0.9819796538733422,"(0.074035, 0.108255, 0.127565, 0.139334, 0.147615, 0.154019, 0.159128)","(0.052659, 0.080334, 0.096622, 0.106377, 0.113240, 0.118444, 0.122559)",0.017893132836824015,0.13242217020264693,0.0981892826301711,58.25431268555777,0.9314012378454208,"(0.071739, 0.105453, 0.125244, 0.137620, 0.146564, 0.154360, 0.162481)","(0.050948, 0.078123, 0.094914, 0.105349, 0.112699, 0.119350, 0.125943)",,,,,,,
msfv3_conv_base03,epoch,41,0,MSFv3Conv,14,7,./checkpoints/msfv3_conv_base03.pt,128,4,4,"(2, 4, 8, 16)",residual,8,5,0.017618410987779498,0.1326377659479366,0.09832825396764786,59.88998064081719,0.9821169354180073,"(0.073708, 0.107789, 0.127181, 0.138936, 0.147281, 0.153592, 0.158932)","(0.052351, 0.079947, 0.096350, 0.106120, 0.113010, 0.118108, 0.122412)",0.017758541757107844,0.1317781305738858,0.09858137049845286,56.98488443238394,0.929921635559627,"(0.072283, 0.105494, 0.125246, 0.137252, 0.146193, 0.153657, 0.159894)","(0.052537, 0.079144, 0.095933, 0.105650, 0.113007, 0.119343, 0.124455)",,,,,,,
msfv3_conv_base03,epoch,42,0,MSFv3Conv,14,7,./checkpoints/msfv3_conv_base03.pt,128,4,4,"(2, 4, 8, 16)",residual,8,5,0.01779204513382246,0.1332903417483635,0.09898038101481631,60.30702008592321,0.9819295751921674,"(0.074942, 0.108854, 0.127808, 0.139418, 0.147864, 0.154170, 0.159403)","(0.053768, 0.081015, 0.096908, 0.106477, 0.113426, 0.118521, 0.122748)",0.018451126259086386,0.13437063193746976,0.10146728876445975,57.0846403666905,0.9252111826624189,"(0.073429, 0.105655, 0.125815, 0.139411, 0.150629, 0.158656, 0.162977)","(0.054098, 0.079501, 0.096934, 0.108457, 0.118213, 0.124922, 0.128146)",,,,,,,
msfv3_conv_base03,epoch,43,0,MSFv3Conv,14,7,./checkpoints/msfv3_conv_base03.pt,128,4,4,"(2, 4, 8, 16)",residual,8,5,0.017657262079932904,0.13279146515024806,0.09849520035563632,59.77548434886526,0.9820540794666778,"(0.074063, 0.108341, 0.127501, 0.139084, 0.147218, 0.153631, 0.158884)","(0.052696, 0.080486, 0.096699, 0.106273, 0.112899, 0.118081, 0.122332)",0.01802619613174881,0.13288563170603343,0.09838117153516837,58.98036108698164,0.9294339077813285,"(0.075495, 0.107835, 0.126679, 0.138094, 0.146750, 0.154089, 0.160463)","(0.054721, 0.079892, 0.095389, 0.104779, 0.112041, 0.118275, 0.123571)",,,,,,,
msfv3_conv_base03,epoch,44,0,MSFv3Conv,14,7,./checkpoints/msfv3_conv_base03.pt,128,4,4,"(2, 4, 8, 16)",residual,8,5,0.01768814881352034,0.13290062549935175,0.09860865415093746,60.03915967332556,0.982060894370079,"(0.074195, 0.108435, 0.127383, 0.139200, 0.147471, 0.153832, 0.159001)","(0.052912, 0.080578, 0.096543, 0.106353, 0.113144, 0.118299, 0.122432)",0.0179262835798519,0.13242608228964464,0.09928220004907676,57.09002784320286,0.9289040586778096,"(0.072396, 0.105742, 0.124569, 0.137481, 0.147373, 0.155487, 0.160851)","(0.052544, 0.079387, 0.095294, 0.106103, 0.114493, 0.121516, 0.125638)",,,,,,,
msfv3_conv_base03,epoch,45,0,MSFv3Conv,14,7,./checkpoints/msfv3_conv_base03.pt,128,4,4,"(2, 4, 8, 16)",residual,8,5,0.017467339780736477,0.13207020101714004,0.09784163031330768,59.48879552394786,0.9822944948013793,"(0.073216, 0.107663, 0.126773, 0.138380, 0.146610, 0.152884, 0.158037)","(0.051847, 0.079841, 0.095971, 0.105651, 0.112444, 0.117504, 0.121634)",0.017555407880406295,0.1311571928007262,0.09788135731858867,58.409167119434905,0.9323066345282963,"(0.074281, 0.105872, 0.124349, 0.135808, 0.145053, 0.152180, 0.159358)","(0.054898, 0.079010, 0.094491, 0.103712, 0.111547, 0.117644, 0.123869)",,,,,,,
msfv3_conv_base03,epoch,46,0,MSFv3Conv,14,7,./checkpoints/msfv3_conv_base03.pt,128,4,4,"(2, 4, 8, 16)",residual,8,5,0.017708094077224425,0.13297804335694624,0.09878558328652635,60.17058922382111,0.9820191346584483,"(0.074992, 0.108725, 0.127675, 0.139261, 0.147423, 0.153643, 0.158805)","(0.053743, 0.080897, 0.096834, 0.106440, 0.113133, 0.118153, 0.122299)",0.017636043086115803,0.13126841400350844,0.09787824244371482,56.49222789491926,0.9301873190062386,"(0.071701, 0.104153, 0.123420, 0.137201, 0.146696, 0.153528, 0.159117)","(0.050843, 0.077370, 0.093960, 0.105854, 0.113848, 0.119441, 0.123832)",,,,,,,
msfv3_conv_base03,epoch,47,1,MSFv3Conv,14,7,./checkpoints/msfv3_conv_base03.pt,128,4,4,"(2, 4, 8, 16)",residual,8,5,0.017475557186581354,0.13210111731833857,0.09787050626696424,59.61415140679542,0.9823036621859733,"(0.073312, 0.107744, 0.126817, 0.138335, 0.146615, 0.152883, 0.158128)","(0.051897, 0.079890, 0.096035, 0.105634, 0.112437, 0.117490, 0.121711)",0.017253183576810573,0.13002182330404008,0.0962871593822326,57.70263457298279,0.933491221496037,"(0.070861, 0.104336, 0.122908, 0.135233, 0.144373, 0.151778, 0.158108)","(0.050634, 0.077346, 0.092910, 0.103034, 0.110775, 0.117007, 0.122303)",,,,,,,
msfv3_conv_base03,epoch,48,0,MSFv3Conv,14,7,./checkpoints/msfv3_conv_base03.pt,128,4,4,"(2, 4, 8, 16)",residual,8,5,0.017454193959488197,0.13201906749373207,0.09782345830760103,59.419313714859335,0.9822613340108952,"(0.073312, 0.107692, 0.126795, 0.138370, 0.146563, 0.152726, 0.157865)","(0.051966, 0.079910, 0.096052, 0.105653, 0.112369, 0.117328, 0.121485)",0.018239805291938995,0.1335311731589692,0.10060186045510429,58.5071473462241,0.927358118551118,"(0.073765, 0.106193, 0.125488, 0.138353, 0.147497, 0.156172, 0.163891)","(0.054404, 0.080099, 0.096354, 0.107091, 0.114799, 0.122373, 0.129094)",,,,,,,
msfv3_conv_base03,epoch,49,1,MSFv3Conv,14,7,./checkpoints/msfv3_conv_base03.pt,128,4,4,"(2, 4, 8, 16)",residual,8,5,0.017436544772514953,0.1319510235792655,0.09779897736425096,59.58561734950289,0.9823081591661941,"(0.073566, 0.107660, 0.126627, 0.138195, 0.146354, 0.152665, 0.157934)","(0.052243, 0.079834, 0.095890, 0.105535, 0.112215, 0.117309, 0.121566)",0.01719899254385382,0.12973083209778583,0.09621269282485757,56.96289120401655,0.9332515639918191,"(0.070692, 0.104846, 0.122750, 0.134683, 0.144036, 0.151218, 0.157598)","(0.050569, 0.078179, 0.092853, 0.102602, 0.110349, 0.116707, 0.122230)",,,,,,,
msfv3_conv_base03,epoch,50,0,MSFv3Conv,14,7,./checkpoints/msfv3_conv_base03.pt,128,4,4,"(2, 4, 8, 16)",residual,8,5,0.017483136096493677,0.132127998980592,0.09799833956392522,59.6274602768269,0.982259397494032,"(0.073747, 0.107847, 0.126859, 0.138392, 0.146612, 0.152810, 0.158015)","(0.052523, 0.080156, 0.096139, 0.105681, 0.112440, 0.117447, 0.121602)",0.017610211241325096,0.13136329076119832,0.0976394848631961,56.99335387774876,0.931330646787371,"(0.071062, 0.104492, 0.123473, 0.136184, 0.146282, 0.153861, 0.160610)","(0.050340, 0.077534, 0.093726, 0.104387, 0.113100, 0.119331, 0.125059)",,,,,,,
msfv3_conv_base03,epoch,51,0,MSFv3Conv,14,7,./checkpoints/msfv3_conv_base03.pt,128,4,4,"(2, 4, 8, 16)",residual,8,5,0.017559885042422313,0.13241281657251205,0.09831271043166201,59.91790722786112,0.9822129695973498,"(0.074131, 0.108266, 0.127291, 0.138730, 0.146895, 0.153049, 0.158077)","(0.052933, 0.080504, 0.096549, 0.106042, 0.112739, 0.117694, 0.121728)",0.017255937763755873,0.12983766544078076,0.09627895216856684,56.32014342716762,0.9325653378452573,"(0.069878, 0.103465, 0.122342, 0.135252, 0.144804, 0.151915, 0.157971)","(0.049718, 0.076785, 0.092501, 0.103371, 0.111554, 0.117540, 0.122484)",,,,,,,
msfv3_conv_base03,epoch,52,0,MSFv3Conv,14,7,./checkpoints/msfv3_conv_base03.pt,128,4,4,"(2, 4, 8, 16)",residual,8,5,0.017367679903164825,0.13170527762274142,0.09757872448956713,59.426842527186615,0.9823891999239617,"(0.073145, 0.107442, 0.126561, 0.138017, 0.146179, 0.152307, 0.157539)","(0.051763, 0.079710, 0.095855, 0.105374, 0.112071, 0.117020, 0.121257)",0.017376191465051045,0.13038870798689978,0.09713006245770625,57.10634395054409,0.9330400249787739,"(0.073322, 0.105369, 0.123110, 0.135125, 0.144318, 0.152031, 0.158125)","(0.053224, 0.078733, 0.093511, 0.103285, 0.110896, 0.117612, 0.122650)",,,,,,,
msfv3_conv_base03,epoch,53,0,MSFv3Conv,14,7,./checkpoints/msfv3_conv_base03.pt,128,4,4,"(2, 4, 8, 16)",residual,8,5,0.017331192795028712,0.13156701767021867,0.09741604157743301,59.43259056578291,0.9824289971209587,"(0.072661, 0.107218, 0.126387, 0.137974, 0.146104, 0.152257, 0.157407)","(0.051229, 0.079458, 0.095701, 0.105349, 0.112020, 0.117003, 0.121153)",0.017543638540830995,0.13106603122183255,0.09767508932522365,57.230499505996704,0.9306454254048211,"(0.073289, 0.104391, 0.123062, 0.135736, 0.145224, 0.153608, 0.159799)","(0.052499, 0.077195, 0.093194, 0.104124, 0.112346, 0.119637, 0.124731)",,,,,,,
msfv3_conv_base03,epoch,54,0,MSFv3Conv,14,7,./checkpoints/msfv3_conv_base03.pt,128,4,4,"(2, 4, 8, 16)",residual,8,5,0.017401027978655507,0.13182365765615028,0.09774287441309462,59.67887598402957,0.9823312480398949,"(0.073553, 0.107677, 0.126690, 0.138208, 0.146175, 0.152403, 0.157504)","(0.052329, 0.079959, 0.095987, 0.105555, 0.112084, 0.117080, 0.121206)",0.0174679592850485,0.13083457414593017,0.09721945891422885,57.06308054924011,0.9320441846336637,"(0.070196, 0.103418, 0.122492, 0.135661, 0.145840, 0.154245, 0.159914)","(0.049311, 0.076324, 0.092690, 0.104117, 0.112956, 0.120341, 0.124797)",,,,,,,
msfv3_conv_base03,epoch,55,0,MSFv3Conv,14,7,./checkpoints/msfv3_conv_base03.pt,128,4,4,"(2, 4, 8, 16)",residual,8,5,0.017345260729656576,0.13160912632309976,0.09756793886264588,59.41930720146666,0.9823963578711165,"(0.073356, 0.107446, 0.126498, 0.137931, 0.146025, 0.152190, 0.157272)","(0.052089, 0.079742, 0.095846, 0.105336, 0.111972, 0.116952, 0.121038)",0.01815959854450609,0.13309517183474132,0.10007316539330142,55.53960704803467,0.9262299771819796,"(0.072361, 0.105295, 0.124577, 0.138725, 0.148183, 0.155904, 0.162722)","(0.052446, 0.078816, 0.095219, 0.107829, 0.115722, 0.122342, 0.128138)",,,,,,,
msfv3_conv_base03,epoch,56,0,MSFv3Conv,14,7,./checkpoints/msfv3_conv_base03.pt,128,4,4,"(2, 4, 8, 16)",residual,8,5,0.01722314171096746,0.13115985324028936,0.09706517538808762,59.122686081744256,0.9825158880112019,"(0.072293, 0.107017, 0.126090, 0.137573, 0.145643, 0.151795, 0.156818)","(0.050858, 0.079320, 0.095448, 0.105005, 0.111616, 0.116561, 0.120648)",0.01770196730337505,0.13156129206929887,0.09862341545522213,56.976038115365164,0.9298735473837171,"(0.071234, 0.105511, 0.124460, 0.137682, 0.145878, 0.153395, 0.159881)","(0.051624, 0.079535, 0.095439, 0.106546, 0.113045, 0.119394, 0.124781)",,,,,,,
msfv3_conv_base03,epoch,57,1,MSFv3Conv,14,7,./checkpoints/msfv3_conv_base03.pt,128,4,4,"(2, 4, 8, 16)",residual,8,5,0.017268504040870578,0.13133691065636444,0.09731369600334067,59.264150680379664,0.9824852109589475,"(0.073056, 0.107353, 0.126338, 0.137676, 0.145684, 0.151826, 0.156883)","(0.051697, 0.079660, 0.095686, 0.105086, 0.111660, 0.116655, 0.120753)",0.01712063550283866,0.12952152932328836,0.09559490345418453,56.50335359573364,0.9337866327592305,"(0.070207, 0.103455, 0.121987, 0.134592, 0.143858, 0.151399, 0.158212)","(0.049498, 0.076448, 0.092105, 0.102628, 0.110217, 0.116397, 0.121871)",,,,,,,
msfv3_conv_base03,epoch,58,0,MSFv3Conv,14,7,./checkpoints/msfv3_conv_base03.pt,128,4,4,"(2, 4, 8, 16)",residual,8,5,0.017324841744761836,0.131541532114854,0.09753300570585627,59.44160250399975,0.9824191544284212,"(0.073326, 0.107328, 0.126275, 0.137915, 0.146064, 0.152145, 0.157177)","(0.052121, 0.079716, 0.095667, 0.105314, 0.112001, 0.116915, 0.120998)",0.018344388709270527,0.13379747606813908,0.10144619563860553,55.99698676381792,0.923591999070985,"(0.073618, 0.108244, 0.127739, 0.139321, 0.148095, 0.155164, 0.162241)","(0.054824, 0.082958, 0.099328, 0.108575, 0.115647, 0.121436, 0.127356)",,,,,,,
msfv3_conv_base03,epoch,59,0,MSFv3Conv,14,7,./checkpoints/msfv3_conv_base03.pt,128,4,4,"(2, 4, 8, 16)",residual,8,5,0.017209171451271533,0.1310951768326168,0.09713547922512318,59.16071575245959,0.9825510018049403,"(0.072798, 0.107042, 0.126048, 0.137455, 0.145463, 0.151625, 0.156641)","(0.051503, 0.079427, 0.095500, 0.104965, 0.111523, 0.116490, 0.120541)",0.017188185509959503,0.12961905609284127,0.09605546508516584,56.55573858533587,0.9331428366047996,"(0.069334, 0.102969, 0.122117, 0.134693, 0.144099, 0.151982, 0.158501)","(0.048686, 0.076279, 0.092459, 0.102899, 0.110857, 0.117855, 0.123352)",,,,,,,
msfv3_conv_base03,epoch,60,0,MSFv3Conv,14,7,./checkpoints/msfv3_conv_base03.pt,128,4,4,"(2, 4, 8, 16)",residual,8,5,0.017197868177429475,0.13105219981340235,0.09705962977827863,59.22584675728007,0.9825166831625268,"(0.072686, 0.106885, 0.125842, 0.137352, 0.145491, 0.151640, 0.156756)","(0.051348, 0.079255, 0.095303, 0.104870, 0.111532, 0.116471, 0.120638)",0.017218771623447537,0.12974910464669978,0.09670160950294562,56.44239524432591,0.9326579719781876,"(0.070426, 0.103893, 0.122721, 0.135610, 0.144367, 0.151221, 0.157427)","(0.050785, 0.077658, 0.093469, 0.104223, 0.111385, 0.117106, 0.122286)",,,,,,,
msfv3_conv_base03,epoch,61,0,MSFv3Conv,14,7,./checkpoints/msfv3_conv_base03.pt,128,4,4,"(2, 4, 8, 16)",residual,8,5,0.017266787444934883,0.13131088216042988,0.09734068989278154,59.34418574799883,0.9824839440432,"(0.072965, 0.107227, 0.126213, 0.137661, 0.145701, 0.151882, 0.156902)","(0.051684, 0.079599, 0.095640, 0.105150, 0.111749, 0.116743, 0.120820)",0.01719923666678369,0.12968456824975355,0.0965984689870051,56.31409593990871,0.9327201332364764,"(0.070608, 0.103906, 0.122662, 0.135217, 0.143961, 0.151423, 0.157557)","(0.050973, 0.077635, 0.093388, 0.103927, 0.110924, 0.117220, 0.122123)",,,,,,,
msfv3_conv_base03,epoch,62,0,MSFv3Conv,14,7,./checkpoints/msfv3_conv_base03.pt,128,4,4,"(2, 4, 8, 16)",residual,8,5,0.017224243331819454,0.13114676049768384,0.09728266980419768,59.40988226139799,0.9825351926240515,"(0.073224, 0.107277, 0.126158, 0.137546, 0.145493, 0.151512, 0.156478)","(0.052033, 0.079694, 0.095653, 0.105116, 0.111617, 0.116426, 0.120440)",0.0174529590045235,0.13084451162389346,0.09683332991387163,58.25344092505319,0.9330030509403774,"(0.071452, 0.104169, 0.122923, 0.135631, 0.145112, 0.153305, 0.160168)","(0.050866, 0.076935, 0.092818, 0.103625, 0.111438, 0.118240, 0.123911)",,,,,,,
msfv3_conv_base03,epoch,63,0,MSFv3Conv,14,7,./checkpoints/msfv3_conv_base03.pt,128,4,4,"(2, 4, 8, 16)",residual,8,5,0.017105864900897477,0.13070474741149682,0.09681326919730673,59.02621092694871,0.9826542541701743,"(0.072388, 0.106664, 0.125636, 0.137131, 0.145112, 0.151191, 0.156173)","(0.051130, 0.079120, 0.095154, 0.104731, 0.111260, 0.116152, 0.120146)",0.017334398946591785,0.1301883083901235,0.09635283797979355,56.47784645216806,0.9332839953047889,"(0.070342, 0.104228, 0.122927, 0.135959, 0.144641, 0.151838, 0.158500)","(0.049580, 0.076867, 0.092765, 0.103638, 0.111091, 0.117354, 0.123175)",,,,,,,
msfv3_conv_base03,epoch,64,0,MSFv3Conv,14,7,./checkpoints/msfv3_conv_base03.pt,128,4,4,"(2, 4, 8, 16)",residual,8,5,0.01721537516432557,0.1311071348368642,0.09718939455899786,59.00221250412312,0.9825043541953918,"(0.072929, 0.107106, 0.126016, 0.137426, 0.145409, 0.151655, 0.156677)","(0.051692, 0.079529, 0.095472, 0.104957, 0.111500, 0.116565, 0.120610)",0.018140301490867778,0.13307852457676614,0.09989392491323608,55.37676664761135,0.928140925509589,"(0.074458, 0.107255, 0.125277, 0.137705, 0.147202, 0.154997, 0.162208)","(0.053980, 0.080464, 0.095677, 0.106141, 0.114500, 0.121166, 0.127329)",,,,,,,
msfv3_conv_base03,epoch,65,0,MSFv3Conv,14,7,./checkpoints/msfv3_conv_base03.pt,128,4,4,"(2, 4, 8, 16)",residual,8,5,0.017191298424880555,0.13102258582364174,0.09711677565219555,59.22285353883784,0.9825731718793829,"(0.073007, 0.107274, 0.126101, 0.137351, 0.145311, 0.151380, 0.156349)","(0.051770, 0.079634, 0.095505, 0.104865, 0.111420, 0.116315, 0.120308)",0.017220929181868478,0.12979226000607014,0.09644002174692494,57.04135349818638,0.9331716958965574,"(0.071381, 0.104337, 0.122779, 0.135035, 0.143977, 0.151045, 0.157805)","(0.051184, 0.077742, 0.093160, 0.103140, 0.110558, 0.116681, 0.122616)",,,,,,,
msfv3_conv_base03,epoch,66,0,MSFv3Conv,14,7,./checkpoints/msfv3_conv_base03.pt,128,4,4,"(2, 4, 8, 16)",residual,8,5,0.01717900079575942,0.13098091534764977,0.09711726639974624,59.25559981325839,0.9825663379532226,"(0.072929, 0.107182, 0.125967, 0.137296, 0.145413, 0.151375, 0.156320)","(0.051721, 0.079569, 0.095476, 0.104879, 0.111531, 0.116304, 0.120342)",0.017344484787567387,0.13047148207468645,0.09644477016159467,57.828536578587126,0.9332970955542156,"(0.071437, 0.104544, 0.123254, 0.135449, 0.144896, 0.152315, 0.158841)","(0.051144, 0.077477, 0.092918, 0.102997, 0.110850, 0.117221, 0.122507)",,,,,,,
msfv3_conv_base03,epoch,67,0,MSFv3Conv,14,7,./checkpoints/msfv3_conv_base03.pt,128,4,4,"(2, 4, 8, 16)",residual,8,5,0.017047014285592323,0.13048362717360823,0.09663609637224928,58.97749718199385,0.9827065943403447,"(0.072393, 0.106582, 0.125426, 0.136846, 0.144872, 0.150931, 0.155816)","(0.051105, 0.079036, 0.094973, 0.104459, 0.111055, 0.115954, 0.119870)",0.017491086436036443,0.1307576218886035,0.09721174530152764,57.25783382143293,0.9331949268068586,"(0.073397, 0.105491, 0.123401, 0.135685, 0.144801, 0.152156, 0.158857)","(0.052741, 0.078183, 0.093416, 0.103699, 0.111550, 0.117682, 0.123211)",,,,,,,
msfv3_conv_base03,epoch,68,0,MSFv3Conv,14,7,./checkpoints/msfv3_conv_base03.pt,128,4,4,"(2, 4, 8, 16)",residual,8,5,0.017379498986051754,0.13175238594219316,0.09791750968136687,59.70734967576696,0.982407179601649,"(0.074323, 0.108045, 0.126780, 0.138050, 0.146053, 0.152095, 0.156970)","(0.053239, 0.080439, 0.096202, 0.105535, 0.112092, 0.116983, 0.120932)",0.01777587242291442,0.13174165865140303,0.09895626428936209,56.3802102293287,0.9285476292882647,"(0.069851, 0.105000, 0.125868, 0.139127, 0.147233, 0.153080, 0.158566)","(0.050002, 0.079195, 0.097291, 0.108330, 0.114823, 0.119345, 0.123709)",,,,,,,
msfv3_conv_base03,epoch,69,0,MSFv3Conv,14,7,./checkpoints/msfv3_conv_base03.pt,128,4,4,"(2, 4, 8, 16)",residual,8,5,0.017213609545154773,0.13110939480293812,0.09728372782627319,59.31787588241252,0.9825172614543995,"(0.073151, 0.107288, 0.126067, 0.137534, 0.145487, 0.151468, 0.156433)","(0.051937, 0.079759, 0.095595, 0.105121, 0.111664, 0.116455, 0.120453)",0.017501590740201727,0.1309125665575266,0.09838649524109704,57.143357379095896,0.9310938524348396,"(0.076144, 0.105784, 0.123530, 0.135268, 0.144864, 0.152055, 0.158716)","(0.057501, 0.080009, 0.094512, 0.103834, 0.111861, 0.117713, 0.123276)",,,,,,,
msfv3_conv_base03,epoch,70,0,MSFv3Conv,14,7,./checkpoints/msfv3_conv_base03.pt,128,4,4,"(2, 4, 8, 16)",residual,8,5,0.01713495046653329,0.1308298712668628,0.0970584243298211,59.12597733355583,0.9826111143573801,"(0.073446, 0.107050, 0.125817, 0.137169, 0.145069, 0.151082, 0.156097)","(0.052329, 0.079520, 0.095343, 0.104786, 0.111252, 0.116070, 0.120109)",0.01836845824228866,0.1337715307516711,0.10123509780636855,55.751880509512766,0.9244486285107476,"(0.074325, 0.106882, 0.125816, 0.138834, 0.149596, 0.155374, 0.162913)","(0.055119, 0.080893, 0.096909, 0.108108, 0.117418, 0.121832, 0.128366)",,,,,,,
msfv3_conv_base03,epoch,71,0,MSFv3Conv,14,7,./checkpoints/msfv3_conv_base03.pt,128,4,4,"(2, 4, 8, 16)",residual,8,5,0.01708865561027159,0.13063396510790462,0.09682461662970959,59.05151058765168,0.9826513601744429,"(0.072463, 0.106730, 0.125572, 0.136891, 0.144964, 0.151132, 0.156148)","(0.051245, 0.079216, 0.095185, 0.104590, 0.111210, 0.116140, 0.120187)",0.01751687003499163,0.1308229033436094,0.0980506528701101,56.01352998188564,0.9299518721444267,"(0.070219, 0.105184, 0.124051, 0.136505, 0.144580, 0.152512, 0.159615)","(0.050598, 0.079511, 0.095282, 0.105518, 0.111913, 0.118721, 0.124811)",,,,,,,
msfv3_conv_base03,epoch,72,0,MSFv3Conv,14,7,./checkpoints/msfv3_conv_base03.pt,128,4,4,"(2, 4, 8, 16)",residual,8,5,0.01699000368132553,0.1302465536171846,0.09650204703211784,58.722576526885334,0.9827531243258334,"(0.072053, 0.106449, 0.125338, 0.136637, 0.144542, 0.150636, 0.155540)","(0.050765, 0.078966, 0.094987, 0.104373, 0.110849, 0.115800, 0.119774)",0.017150318516152247,0.12961788129593646,0.09632760964866195,56.896391936710906,0.9329546370676586,"(0.072931, 0.104740, 0.121876, 0.134498, 0.143761, 0.151169, 0.157143)","(0.052596, 0.077590, 0.092054, 0.102781, 0.110607, 0.116821, 0.121844)",,,,,,,
msfv3_conv_base03,epoch,73,0,MSFv3Conv,14,7,./checkpoints/msfv3_conv_base03.pt,128,4,4,"(2, 4, 8, 16)",residual,8,5,0.017023328785843988,0.13039249964289368,0.09664831472996702,58.88881332316297,0.9827672636255305,"(0.072826, 0.106599, 0.125423, 0.136790, 0.144608, 0.150657, 0.155613)","(0.051698, 0.079123, 0.095002, 0.104446, 0.110841, 0.115695, 0.119734)",0.017207294536222304,0.12978870341820375,0.09651137116764273,56.258112226213726,0.9332855407680783,"(0.069615, 0.103097, 0.122166, 0.135077, 0.144526, 0.152074, 0.158436)","(0.049850, 0.076682, 0.092767, 0.103505, 0.111565, 0.117948, 0.123261)",,,,,,,
msfv3_conv_base03,epoch,74,1,MSFv3Conv,14,7,./checkpoints/msfv3_conv_base03.pt,128,4,4,"(2, 4, 8, 16)",residual,8,5,0.016988383913214538,0.13026728259489012,0.09649450779753796,58.80855736833938,0.9827813518808243,"(0.072153, 0.106477, 0.125395, 0.136682, 0.144531, 0.150589, 0.155570)","(0.050872, 0.078965, 0.095012, 0.104388, 0.110819, 0.115688, 0.119718)",0.017077905907561735,0.12932866306177207,0.09571469601775918,57.240224191120696,0.9341702461242676,"(0.070079, 0.103667, 0.122014, 0.134664, 0.143703, 0.151118, 0.157321)","(0.049930, 0.077014, 0.092325, 0.102729, 0.110287, 0.116269, 0.121450)",,,,,,,
msfv3_conv_base03,epoch,75,0,MSFv3Conv,14,7,./checkpoints/msfv3_conv_base03.pt,128,4,4,"(2, 4, 8, 16)",residual,8,5,0.017007969101851293,0.13035388510247464,0.09656810653495028,58.90639384249423,0.9827277860108842,"(0.072303, 0.106728, 0.125530, 0.136752, 0.144601, 0.150626, 0.155558)","(0.051040, 0.079182, 0.095096, 0.104441, 0.110843, 0.115694, 0.119681)",0.018969501801101223,0.13629987915711744,0.10400048031338624,58.29385263579233,0.9220024283443179,"(0.076834, 0.108681, 0.127231, 0.141033, 0.152973, 0.160280, 0.164326)","(0.058501, 0.083351, 0.098738, 0.110390, 0.120724, 0.126652, 0.129646)",,,,,,,
msfv3_conv_base03,epoch,76,1,MSFv3Conv,14,7,./checkpoints/msfv3_conv_base03.pt,128,4,4,"(2, 4, 8, 16)",residual,8,5,0.016937931548764416,0.13006494592594461,0.09630855275912488,58.7525699087914,0.9827968684282709,"(0.071839, 0.106259, 0.125138, 0.136403, 0.144390, 0.150484, 0.155363)","(0.050583, 0.078775, 0.094765, 0.104142, 0.110707, 0.115613, 0.119575)",0.0170895773751129,0.12930068027760303,0.09617575697068657,56.20515489578247,0.9330077107463565,"(0.069303, 0.102758, 0.122027, 0.134967, 0.144282, 0.151327, 0.157140)","(0.049032, 0.076492, 0.092985, 0.103821, 0.111544, 0.117355, 0.122000)",,,,,,,
msfv3_conv_base03,epoch,77,0,MSFv3Conv,14,7,./checkpoints/msfv3_conv_base03.pt,128,4,4,"(2, 4, 8, 16)",residual,8,5,0.01699226527930574,0.13026734806693907,0.09650874803674982,58.78716138068666,0.9828076318223425,"(0.072120, 0.106442, 0.125214, 0.136571, 0.144573, 0.150673, 0.155723)","(0.050908, 0.078987, 0.094869, 0.104309, 0.110857, 0.115773, 0.119858)",0.01715143064835242,0.12963689624198846,0.0961911433509418,56.923446144376484,0.9332320051533836,"(0.068608, 0.102895, 0.122947, 0.135460, 0.143778, 0.151886, 0.158037)","(0.048262, 0.076433, 0.093723, 0.103910, 0.110629, 0.117701, 0.122681)",,,,,,,
msfv3_conv_base03,epoch,78,1,MSFv3Conv,14,7,./checkpoints/msfv3_conv_base03.pt,128,4,4,"(2, 4, 8, 16)",residual,8,5,0.01690109271774108,0.12993626334881417,0.09619674312466002,58.5420103478939,0.982854076205416,"(0.071725, 0.106317, 0.125195, 0.136385, 0.144208, 0.150187, 0.155047)","(0.050466, 0.078843, 0.094791, 0.104097, 0.110517, 0.115363, 0.119300)",0.01693399985586958,0.12868714625281946,0.09549360070377588,56.34592604637146,0.9341098538466862,"(0.070849, 0.102781, 0.121417, 0.133774, 0.142858, 0.150429, 0.156567)","(0.050266, 0.075938, 0.092105, 0.102354, 0.109958, 0.116428, 0.121407)",,,,,,,
msfv3_conv_base03,epoch,79,0,MSFv3Conv,14,7,./checkpoints/msfv3_conv_base03.pt,128,4,4,"(2, 4, 8, 16)",residual,8,5,0.016983967259565882,0.13025047993608968,0.09661437543307214,58.92665846804355,0.9827224374451535,"(0.072679, 0.106738, 0.125344, 0.136574, 0.144461, 0.150425, 0.155381)","(0.051495, 0.079285, 0.095038, 0.104392, 0.110836, 0.115616, 0.119638)",0.017003547882528176,0.1289521370615278,0.0956596794671246,56.164963075092864,0.9339465988533837,"(0.069349, 0.103164, 0.121711, 0.133941, 0.143216, 0.150688, 0.157539)","(0.049017, 0.076793, 0.092303, 0.102398, 0.110182, 0.116552, 0.122373)",,,,,,,
msfv3_conv_base03,epoch,80,0,MSFv3Conv,14,7,./checkpoints/msfv3_conv_base03.pt,128,4,4,"(2, 4, 8, 16)",residual,8,5,0.016898890278559734,0.12992221523667982,0.09616966826960127,58.713329376058375,0.9828431536542609,"(0.071696, 0.106234, 0.125043, 0.136318, 0.144108, 0.150265, 0.155242)","(0.050365, 0.078749, 0.094717, 0.104085, 0.110460, 0.115409, 0.119404)",0.017695636937527785,0.13143945325698173,0.09769937741969313,57.65620085171291,0.9327913309846606,"(0.072785, 0.106347, 0.124598, 0.136068, 0.145896, 0.152733, 0.159774)","(0.052102, 0.078777, 0.094185, 0.103995, 0.112358, 0.118202, 0.124277)",,,,,,,
msfv3_conv_base03,epoch,81,0,MSFv3Conv,14,7,./checkpoints/msfv3_conv_base03.pt,128,4,4,"(2, 4, 8, 16)",residual,8,5,0.01699669491697816,0.13027426331317873,0.09659391146232472,58.87512353126039,0.9827802371471486,"(0.072548, 0.106766, 0.125500, 0.136596, 0.144440, 0.150454, 0.155413)","(0.051292, 0.079288, 0.095150, 0.104379, 0.110805, 0.115643, 0.119601)",0.017329777807130346,0.13028935289808682,0.09616141140993152,57.797839232853484,0.933576124055045,"(0.070462, 0.104267, 0.123269, 0.135428, 0.144715, 0.152241, 0.158753)","(0.050016, 0.077090, 0.092859, 0.102968, 0.110823, 0.116989, 0.122385)",,,,,,,
msfv3_conv_base03,epoch,82,0,MSFv3Conv,14,7,./checkpoints/msfv3_conv_base03.pt,128,4,4,"(2, 4, 8, 16)",residual,8,5,0.01694222770512421,0.13008069369425307,0.09643025395083935,58.850380796067256,0.9828451139495727,"(0.072307, 0.106627, 0.125348, 0.136446, 0.144319, 0.150275, 0.155035)","(0.051120, 0.079171, 0.094998, 0.104239, 0.110677, 0.115483, 0.119323)",0.017047740751877427,0.12901787805770124,0.0957691902294755,56.148127351488384,0.934246940272195,"(0.071599, 0.103097, 0.121646, 0.133724, 0.143185, 0.150889, 0.157017)","(0.050963, 0.076346, 0.092156, 0.102096, 0.110194, 0.116830, 0.121799)",,,,,,,
msfv3_conv_base03,epoch,83,0,MSFv3Conv,14,7,./checkpoints/msfv3_conv_base03.pt,128,4,4,"(2, 4, 8, 16)",residual,8,5,0.016782998379835105,0.12946836242309356,0.09586536333440467,58.45260429382324,0.9829629872073519,"(0.071532, 0.105832, 0.124612, 0.135899, 0.143688, 0.149677, 0.154605)","(0.050222, 0.078462, 0.094392, 0.103802, 0.110186, 0.114999, 0.118995)",0.01724720237377499,0.13009922179792607,0.09651291583265577,58.02240024294172,0.9338930909122739,"(0.071843, 0.104441, 0.122877, 0.135264, 0.144216, 0.151729, 0.158220)","(0.052037, 0.077787, 0.092990, 0.103067, 0.110551, 0.116768, 0.122391)",,,,,,,
msfv3_conv_base03,epoch,84,0,MSFv3Conv,14,7,./checkpoints/msfv3_conv_base03.pt,128,4,4,"(2, 4, 8, 16)",residual,8,5,0.016866563536979733,0.12979320875442923,0.09614101020579642,58.54828300881893,0.9829054392398672,"(0.071865, 0.106229, 0.124933, 0.136190, 0.144002, 0.149990, 0.154954)","(0.050654, 0.078818, 0.094659, 0.104050, 0.110399, 0.115198, 0.119210)",0.017206450475246778,0.12962037324905396,0.09600820139582668,57.38139159338815,0.934403338602611,"(0.072027, 0.103293, 0.121476, 0.133877, 0.143675, 0.151505, 0.159171)","(0.051569, 0.076435, 0.091696, 0.102006, 0.110189, 0.116897, 0.123266)",,,,,,,
msfv3_conv_base03,epoch,85,0,MSFv3Conv,14,7,./checkpoints/msfv3_conv_base03.pt,128,4,4,"(2, 4, 8, 16)",residual,8,5,0.01697061292113776,0.13018499626873098,0.09657071752751127,58.734785059665114,0.9827672883551172,"(0.072645, 0.106672, 0.125411, 0.136547, 0.144319, 0.150331, 0.155260)","(0.051512, 0.079254, 0.095072, 0.104321, 0.110716, 0.115562, 0.119560)",0.01813156034664384,0.13308736309409142,0.10007482075265475,55.4625118119376,0.9275974993194852,"(0.073243, 0.105938, 0.124543, 0.137631, 0.147175, 0.155422, 0.163879)","(0.053008, 0.079357, 0.095321, 0.106672, 0.114821, 0.121971, 0.129374)",,,,,,,
msfv3_conv_base03,epoch,86,0,MSFv3Conv,14,7,./checkpoints/msfv3_conv_base03.pt,128,4,4,"(2, 4, 8, 16)",residual,8,5,0.016842364407877657,0.12970232309190102,0.0961120354923162,58.525401724145766,0.9829244550238264,"(0.072133, 0.106190, 0.124921, 0.136152, 0.143868, 0.149790, 0.154711)","(0.050894, 0.078763, 0.094652, 0.104007, 0.110316, 0.115087, 0.119066)",0.01756463006937078,0.13102540320583753,0.09768388473561831,56.14367226191929,0.9309016572577613,"(0.069551, 0.102715, 0.122165, 0.135525, 0.145799, 0.154619, 0.161688)","(0.049164, 0.076277, 0.093164, 0.104508, 0.113221, 0.120782, 0.126671)",,,,,,,
msfv3_conv_base03,epoch,87,0,MSFv3Conv,14,7,./checkpoints/msfv3_conv_base03.pt,128,4,4,"(2, 4, 8, 16)",residual,8,5,0.016847331740675455,0.1297184949141153,0.09610850395674402,58.59164966420924,0.9828971665590367,"(0.072008, 0.106305, 0.125045, 0.136183, 0.143826, 0.149800, 0.154666)","(0.050814, 0.078885, 0.094729, 0.103997, 0.110271, 0.115065, 0.118999)",0.01697866859779294,0.12885320798626967,0.09563221409916878,55.630593231746126,0.9348705240658352,"(0.069445, 0.103475, 0.121924, 0.134190, 0.143255, 0.150579, 0.156489)","(0.049575, 0.077174, 0.092362, 0.102697, 0.110163, 0.116348, 0.121106)",,,,,,,
msfv3_conv_base03,epoch,88,0,MSFv3Conv,14,7,./checkpoints/msfv3_conv_base03.pt,128,4,4,"(2, 4, 8, 16)",residual,8,5,0.016748185111011598,0.12935131962372093,0.09577699263203651,58.452368168120685,0.9830327465179118,"(0.071590, 0.105933, 0.124622, 0.135779, 0.143498, 0.149412, 0.154330)","(0.050334, 0.078560, 0.094390, 0.103690, 0.109983, 0.114757, 0.118726)",0.01703789833533977,0.128950599314911,0.09524316407207932,56.421442781175884,0.9346194267272949,"(0.069455, 0.102359, 0.121429, 0.134127, 0.143870, 0.151160, 0.157061)","(0.048807, 0.075578, 0.091687, 0.102172, 0.110291, 0.116622, 0.121545)",,,,,,,
msfv3_conv_base03,epoch,89,1,MSFv3Conv,14,7,./checkpoints/msfv3_conv_base03.pt,128,4,4,"(2, 4, 8, 16)",residual,8,5,0.016790259332257383,0.12948527125737763,0.09589628692954144,58.41740825328421,0.9829438883573451,"(0.071709, 0.106006, 0.124640, 0.135801, 0.143647, 0.149639, 0.154614)","(0.050528, 0.078660, 0.094402, 0.103682, 0.110122, 0.114945, 0.118935)",0.01686812669504434,0.1284203486783164,0.09513048508337565,56.75658661978586,0.9349570210490908,"(0.068840, 0.102933, 0.121535, 0.133365, 0.142642, 0.150327, 0.156375)","(0.048655, 0.076741, 0.092197, 0.101682, 0.109473, 0.115982, 0.121183)",,,,,,,
msfv3_conv_base03,epoch,90,0,MSFv3Conv,14,7,./checkpoints/msfv3_conv_base03.pt,128,4,4,"(2, 4, 8, 16)",residual,8,5,0.01678716071306708,0.1294650695889691,0.09587967542416238,58.39045070080047,0.9829797820842012,"(0.071725, 0.105922, 0.124750, 0.135963, 0.143677, 0.149559, 0.154373)","(0.050503, 0.078552, 0.094469, 0.103820, 0.110165, 0.114882, 0.118767)",0.017370262781956365,0.13015063692416465,0.09703207880790744,55.604385239737375,0.9320032447576523,"(0.068908, 0.103601, 0.123026, 0.135589, 0.144794, 0.152353, 0.158920)","(0.048858, 0.077599, 0.093882, 0.104523, 0.112025, 0.118400, 0.123937)",,,,,,,
msfv3_conv_base03,epoch,91,0,MSFv3Conv,14,7,./checkpoints/msfv3_conv_base03.pt,128,4,4,"(2, 4, 8, 16)",residual,8,5,0.016714840721180464,0.12922085383410808,0.09561572279384796,58.304908042258404,0.9830479587012149,"(0.071066, 0.105600, 0.124446, 0.135700, 0.143476, 0.149409, 0.154267)","(0.049803, 0.078276, 0.094241, 0.103595, 0.109976, 0.114750, 0.118669)",0.01713880630476134,0.12932027956204756,0.09618567848312003,55.51665118762425,0.9323115540402276,"(0.068905, 0.102684, 0.122155, 0.134151, 0.143372, 0.151406, 0.158721)","(0.048329, 0.076382, 0.093275, 0.103125, 0.110746, 0.117611, 0.123832)",,,,,,,
msfv3_conv_base03,epoch,92,0,MSFv3Conv,14,7,./checkpoints/msfv3_conv_base03.pt,128,4,4,"(2, 4, 8, 16)",residual,8,5,0.016771310316200588,0.12942320145739208,0.09591565495158763,58.44477894965639,0.9829977189606809,"(0.072108, 0.106099, 0.124764, 0.135787, 0.143532, 0.149439, 0.154216)","(0.050962, 0.078757, 0.094542, 0.103699, 0.110028, 0.114782, 0.118639)",0.017236728121393492,0.129841682101999,0.09643511953098434,56.007807527269634,0.9342393811259951,"(0.069939, 0.103263, 0.122455, 0.134813, 0.144517, 0.151725, 0.158871)","(0.050404, 0.077171, 0.092983, 0.103068, 0.111047, 0.116999, 0.123373)",,,,,,,
msfv3_conv_base03,epoch,93,0,MSFv3Conv,14,7,./checkpoints/msfv3_conv_base03.pt,128,4,4,"(2, 4, 8, 16)",residual,8,5,0.016743810560078697,0.12931448656754527,0.09582741594219461,58.43431742647861,0.9830254284625358,"(0.071963, 0.106068, 0.124575, 0.135679, 0.143408, 0.149320, 0.154147)","(0.050829, 0.078690, 0.094367, 0.103624, 0.109947, 0.114724, 0.118611)",0.017389328751180853,0.130125262641481,0.09620214320187058,56.233876534870696,0.9342558873551232,"(0.069285, 0.103199, 0.121712, 0.134656, 0.145126, 0.153364, 0.159416)","(0.048827, 0.076177, 0.091997, 0.102810, 0.111396, 0.118368, 0.123840)",,,,,,,
msfv3_conv_base03,epoch,94,0,MSFv3Conv,14,7,./checkpoints/msfv3_conv_base03.pt,128,4,4,"(2, 4, 8, 16)",residual,8,5,0.01679634856198855,0.12950561075323538,0.09611523115730032,58.609707040989655,0.9829496240362208,"(0.072510, 0.106256, 0.124646, 0.135872, 0.143639, 0.149497, 0.154233)","(0.051528, 0.079042, 0.094542, 0.103846, 0.110209, 0.114920, 0.118720)",0.016935745437097336,0.1287009476550988,0.09588624058025223,56.476245164871216,0.9346823649747031,"(0.072440, 0.103190, 0.121442, 0.133483, 0.142744, 0.150057, 0.156347)","(0.053453, 0.077220, 0.092121, 0.101854, 0.109673, 0.115848, 0.121035)",,,,,,,
msfv3_conv_base03,epoch,95,0,MSFv3Conv,14,7,./checkpoints/msfv3_conv_base03.pt,128,4,4,"(2, 4, 8, 16)",residual,8,5,0.016757722770636703,0.12935858917330498,0.09589572801710443,58.5972234441879,0.9830074484678025,"(0.071897, 0.106007, 0.124660, 0.135753, 0.143509, 0.149382, 0.154179)","(0.050816, 0.078738, 0.094501, 0.103715, 0.110081, 0.114782, 0.118638)",0.017293857859580646,0.12992729299834796,0.09689316100307874,55.24238613673619,0.9330845496484211,"(0.070486, 0.103995, 0.122892, 0.135569, 0.144467, 0.151815, 0.157606)","(0.050628, 0.077862, 0.093865, 0.104400, 0.111574, 0.117643, 0.122280)",,,,,,,
msfv3_conv_base03,epoch,96,0,MSFv3Conv,14,7,./checkpoints/msfv3_conv_base03.pt,128,4,4,"(2, 4, 8, 16)",residual,8,5,0.016718890621980773,0.12922261113052533,0.09568809388958394,58.35242835511553,0.983053039997182,"(0.071383, 0.105765, 0.124513, 0.135655, 0.143397, 0.149297, 0.154206)","(0.050176, 0.078434, 0.094337, 0.103599, 0.109939, 0.114684, 0.118647)",0.018976408389530013,0.13631771504878998,0.10376680695584842,58.11464595794678,0.9209725537470409,"(0.071981, 0.107766, 0.129353, 0.141790, 0.151639, 0.159386, 0.166962)","(0.052862, 0.082669, 0.101356, 0.111469, 0.119623, 0.125988, 0.132401)",,,,,,,
msfv3_conv_base03,epoch,97,1,MSFv3Conv,14,7,./checkpoints/msfv3_conv_base03.pt,128,4,4,"(2, 4, 8, 16)",residual,8,5,0.01667620571567974,0.1290510104955718,0.09555909358599085,58.3109624132197,0.9830900792111742,"(0.071312, 0.105617, 0.124443, 0.135527, 0.143192, 0.149062, 0.153909)","(0.050065, 0.078294, 0.094263, 0.103506, 0.109812, 0.114550, 0.118423)",0.01682230080145278,0.1283101231924125,0.09467315460954394,56.18029737472534,0.9351182856730053,"(0.069132, 0.102859, 0.121431, 0.133572, 0.142474, 0.149754, 0.156289)","(0.048609, 0.075978, 0.091586, 0.101593, 0.108959, 0.115166, 0.120821)",,,,,,,
msfv3_conv_base03,epoch,98,0,MSFv3Conv,14,7,./checkpoints/msfv3_conv_base03.pt,128,4,4,"(2, 4, 8, 16)",residual,8,5,0.01662669235226163,0.12884898384303228,0.0954274716291656,58.13485855751849,0.9831387762059557,"(0.071317, 0.105635, 0.124214, 0.135277, 0.142956, 0.148761, 0.153607)","(0.050129, 0.078348, 0.094108, 0.103299, 0.109599, 0.114282, 0.118227)",0.016998514616196708,0.12894530088773795,0.09570290028516736,56.36690422466823,0.9343912707907813,"(0.069695, 0.102623, 0.121454, 0.134317, 0.143216, 0.150499, 0.157783)","(0.049809, 0.076140, 0.092056, 0.102894, 0.110174, 0.116272, 0.122574)",,,,,,,
msfv3_conv_base03,epoch,99,0,MSFv3Conv,14,7,./checkpoints/msfv3_conv_base03.pt,128,4,4,"(2, 4, 8, 16)",residual,8,5,0.016641527637244857,0.1289292357434413,0.09544634902255332,58.180213197748714,0.9831261508008267,"(0.071162, 0.105615, 0.124275, 0.135402, 0.143036, 0.148924, 0.153790)","(0.049895, 0.078304, 0.094130, 0.103417, 0.109681, 0.114393, 0.118304)",0.01708152244931885,0.1289606514785971,0.09536111581006221,55.533127307891846,0.9349268738712583,"(0.068758, 0.102843, 0.121706, 0.134290, 0.143671, 0.150879, 0.157211)","(0.048313, 0.076152, 0.092083, 0.102604, 0.110217, 0.116371, 0.121787)",,,,,,,
msfv3_conv_base03,epoch,100,0,MSFv3Conv,14,7,./checkpoints/msfv3_conv_base03.pt,128,4,4,"(2, 4, 8, 16)",residual,8,5,0.0166547754432689,0.12897193031465476,0.09561901995317733,58.269855681886064,0.9830922005658455,"(0.071844, 0.105882, 0.124435, 0.135432, 0.143012, 0.148783, 0.153554)","(0.050733, 0.078610, 0.094316, 0.103476, 0.109684, 0.114321, 0.118194)",0.016904203986216868,0.12853608493294036,0.09512793206210647,56.52540404456003,0.9352110815899712,"(0.069367, 0.102808, 0.121693, 0.134006, 0.142827, 0.150227, 0.156094)","(0.049226, 0.076494, 0.092227, 0.102124, 0.109487, 0.115825, 0.120514)",,,,,,,
msfv3_conv_base03,epoch,101,1,MSFv3Conv,14,7,./checkpoints/msfv3_conv_base03.pt,128,4,4,"(2, 4, 8, 16)",residual,8,5,0.016726417788997926,0.12925534480179146,0.09585064522763516,58.47586556698413,0.9830203858461786,"(0.071986, 0.106159, 0.124767, 0.135654, 0.143221, 0.149102, 0.153989)","(0.050871, 0.078866, 0.094616, 0.103672, 0.109848, 0.114573, 0.118509)",0.0168231367466173,0.12820400457297051,0.09477613547018596,56.00879379681179,0.9351255510534559,"(0.069244, 0.102273, 0.121159, 0.133229, 0.142458, 0.149943, 0.156361)","(0.048681, 0.075518, 0.091384, 0.101532, 0.109447, 0.115839, 0.121031)",,,,,,,
msfv3_conv_base03,epoch,102,0,MSFv3Conv,14,7,./checkpoints/msfv3_conv_base03.pt,128,4,4,"(2, 4, 8, 16)",residual,8,5,0.016559816678946324,0.12861473728982517,0.09526013630501767,58.089752948030515,0.9831926797298675,"(0.071244, 0.105523, 0.123968, 0.134998, 0.142658, 0.148530, 0.153286)","(0.050006, 0.078285, 0.093936, 0.103132, 0.109385, 0.114126, 0.117951)",0.016866791910225793,0.12831975067300455,0.09521425808114665,55.89199331828526,0.9350942948034832,"(0.070680, 0.102621, 0.121084, 0.133468, 0.142791, 0.149591, 0.156067)","(0.051205, 0.076323, 0.091810, 0.101780, 0.109401, 0.115273, 0.120708)",,,,,,,
msfv3_conv_base03,epoch,103,1,MSFv3Conv,14,7,./checkpoints/msfv3_conv_base03.pt,128,4,4,"(2, 4, 8, 16)",residual,8,5,0.016655148274483198,0.12897569107177734,0.0956329428689911,58.29272828203567,0.9831013641458877,"(0.072169, 0.106073, 0.124442, 0.135372, 0.142902, 0.148688, 0.153516)","(0.051010, 0.078731, 0.094301, 0.103427, 0.109589, 0.114249, 0.118125)",0.016782959856625115,0.12817999135170663,0.09435438471181053,56.435136147907805,0.9352804699114391,"(0.068671, 0.102184, 0.121083, 0.133360, 0.142504, 0.149966, 0.156397)","(0.048511, 0.075617, 0.091261, 0.101183, 0.108661, 0.114888, 0.120360)",,,,,,,
msfv3_conv_base03,epoch,104,0,MSFv3Conv,14,7,./checkpoints/msfv3_conv_base03.pt,128,4,4,"(2, 4, 8, 16)",residual,8,5,0.01662044589249219,0.12882281059470918,0.09548611625870491,58.33311304132989,0.9831455080433095,"(0.071733, 0.105873, 0.124325, 0.135253, 0.142785, 0.148623, 0.153370)","(0.050502, 0.078563, 0.094199, 0.103307, 0.109525, 0.114243, 0.118064)",0.017104253322551295,0.12926291887249267,0.09641118866524526,55.8248849936894,0.9339721522160939,"(0.070989, 0.102795, 0.121315, 0.134005, 0.143858, 0.151380, 0.157892)","(0.051584, 0.076749, 0.092237, 0.102862, 0.111142, 0.117461, 0.122843)",,,,,,,
msfv3_conv_base03,epoch,105,0,MSFv3Conv,14,7,./checkpoints/msfv3_conv_base03.pt,128,4,4,"(2, 4, 8, 16)",residual,8,5,0.016545867185762272,0.128553356635122,0.09517979158207457,57.981285014051075,0.9831811849107134,"(0.071250, 0.105462, 0.123966, 0.134993, 0.142524, 0.148384, 0.153258)","(0.050085, 0.078229, 0.093863, 0.103062, 0.109234, 0.113939, 0.117846)",0.01723978457240654,0.12968908702688559,0.09611016352261816,56.27428936958313,0.9328773106847491,"(0.068984, 0.102702, 0.121620, 0.134428, 0.144283, 0.152287, 0.159271)","(0.048360, 0.075871, 0.092082, 0.102778, 0.111239, 0.118197, 0.124244)",,,,,,,
msfv3_conv_base03,epoch,106,0,MSFv3Conv,14,7,./checkpoints/msfv3_conv_base03.pt,128,4,4,"(2, 4, 8, 16)",residual,8,5,0.016554323683908963,0.128578521541806,0.09533717855811119,58.20724428460953,0.9832399183131278,"(0.071736, 0.105705, 0.124166, 0.135048, 0.142504, 0.148215, 0.152980)","(0.050581, 0.078463, 0.094118, 0.103182, 0.109308, 0.113918, 0.117791)",0.0170196211464437,0.12892342305609159,0.09561086525874478,57.36751879964556,0.9339875195707593,"(0.071770, 0.103447, 0.121629, 0.133993, 0.143061, 0.150416, 0.156536)","(0.051194, 0.076602, 0.092024, 0.102339, 0.109925, 0.116088, 0.121104)",,,,,,,
msfv3_conv_base03,epoch,107,0,MSFv3Conv,14,7,./checkpoints/msfv3_conv_base03.pt,128,4,4,"(2, 4, 8, 16)",residual,8,5,0.016460717566549144,0.12822497083025988,0.09492301465348994,57.95460388508249,0.9833386140934964,"(0.070846, 0.105153, 0.123727, 0.134732, 0.142228, 0.148020, 0.152811)","(0.049580, 0.077924, 0.093696, 0.102875, 0.109056, 0.113737, 0.117594)",0.01697501175970371,0.12880868704191276,0.09575691712754113,56.30703660420009,0.934581824711391,"(0.069724, 0.103908, 0.121554, 0.133323, 0.142820, 0.150449, 0.157227)","(0.049759, 0.077911, 0.092379, 0.101875, 0.109882, 0.116374, 0.122118)",,,,,,,
msfv3_conv_base03,epoch,108,0,MSFv3Conv,14,7,./checkpoints/msfv3_conv_base03.pt,128,4,4,"(2, 4, 8, 16)",residual,8,5,0.01654942496184339,0.12857084469319408,0.0952979730481797,58.19773458927236,0.9832405983767611,"(0.071364, 0.105653, 0.124091, 0.134945, 0.142473, 0.148348, 0.153189)","(0.050191, 0.078424, 0.094072, 0.103143, 0.109292, 0.114026, 0.117938)",0.01774102439438658,0.13183799971427237,0.09671753658247846,58.91254459108625,0.9327937918049949,"(0.069823, 0.103389, 0.123161, 0.136501, 0.146558, 0.154991, 0.163195)","(0.049310, 0.076371, 0.092667, 0.103398, 0.111540, 0.118492, 0.125246)",,,,,,,
msfv3_conv_base03,epoch,109,1,MSFv3Conv,14,7,./checkpoints/msfv3_conv_base03.pt,128,4,4,"(2, 4, 8, 16)",residual,8,5,0.016494215832666515,0.12836136598963005,0.09505656551807484,57.98272660438051,0.9832866746694484,"(0.071206, 0.105418, 0.123888, 0.134825, 0.142263, 0.148092, 0.152952)","(0.049912, 0.078135, 0.093856, 0.102969, 0.109072, 0.113764, 0.117688)",0.01672517047596297,0.1277273656534297,0.09458893590739795,55.82535253252302,0.9349221927779061,"(0.068393, 0.102455, 0.120419, 0.132575, 0.141867, 0.149373, 0.156060)","(0.048403, 0.076649, 0.091241, 0.101069, 0.108711, 0.115238, 0.120812)",,,,,,,
msfv3_conv_base03,epoch,110,0,MSFv3Conv,14,7,./checkpoints/msfv3_conv_base03.pt,128,4,4,"(2, 4, 8, 16)",residual,8,5,0.016412722798896596,0.12802986201541647,0.094794067296576,57.847624149728325,0.9833756793052593,"(0.070803, 0.105090, 0.123625, 0.134516, 0.141965, 0.147694, 0.152551)","(0.049554, 0.077880, 0.093652, 0.102750, 0.108855, 0.113460, 0.117407)",0.016819294758274088,0.1281428180102791,0.09469974972307682,55.614668301173616,0.9344476802008492,"(0.069050, 0.101977, 0.120632, 0.133250, 0.142485, 0.150095, 0.156449)","(0.048448, 0.075403, 0.091294, 0.101739, 0.109379, 0.115762, 0.120873)",,,,,,,
msfv3_conv_base03,epoch,111,0,MSFv3Conv,14,7,./checkpoints/msfv3_conv_base03.pt,128,4,4,"(2, 4, 8, 16)",residual,8,5,0.01649678579749579,0.12836512329691882,0.0951319537819066,58.122599175635806,0.9832590605984343,"(0.071434, 0.105659, 0.124092, 0.134831, 0.142263, 0.147883, 0.152718)","(0.050277, 0.078393, 0.094019, 0.102980, 0.109099, 0.113626, 0.117529)",0.01813691857803081,0.13293070159852505,0.10018019298357624,55.99405768939427,0.9292075399841581,"(0.076546, 0.106834, 0.125201, 0.137960, 0.146996, 0.154622, 0.161427)","(0.057510, 0.080946, 0.096079, 0.106578, 0.113927, 0.120285, 0.125937)",,,,,,,
msfv3_conv_base03,epoch,112,0,MSFv3Conv,14,7,./checkpoints/msfv3_conv_base03.pt,128,4,4,"(2, 4, 8, 16)",residual,8,5,0.016452800175373223,0.1281945604946068,0.09494239963749622,57.830896418145365,0.9832964063958919,"(0.071061, 0.105332, 0.123810, 0.134644, 0.142075, 0.147895, 0.152668)","(0.049839, 0.078081, 0.093776, 0.102839, 0.108936, 0.113638, 0.117489)",0.01711156187645559,0.12935314859662736,0.09529541193374566,57.26787100519453,0.9339231252670288,"(0.069309, 0.103033, 0.121845, 0.134428, 0.143725, 0.151529, 0.158190)","(0.049073, 0.076321, 0.091842, 0.101989, 0.109729, 0.116334, 0.121778)",,,,,,,
msfv3_conv_base03,epoch,113,0,MSFv3Conv,14,7,./checkpoints/msfv3_conv_base03.pt,128,4,4,"(2, 4, 8, 16)",residual,8,5,0.016392062908593328,0.12795513417379653,0.09482964441338752,57.96358380419143,0.9833870365264568,"(0.071114, 0.105210, 0.123589, 0.134398, 0.141816, 0.147546, 0.152297)","(0.049982, 0.078065, 0.093678, 0.102696, 0.108773, 0.113387, 0.117226)",0.016977077250235846,0.1286289987287351,0.09504215539033924,55.91929503849575,0.9343882692711694,"(0.068106, 0.101907, 0.121398, 0.133919, 0.143167, 0.150581, 0.157445)","(0.047756, 0.075415, 0.091850, 0.102140, 0.109822, 0.116189, 0.122124)",,,,,,,
msfv3_conv_base03,epoch,114,0,MSFv3Conv,14,7,./checkpoints/msfv3_conv_base03.pt,128,4,4,"(2, 4, 8, 16)",residual,8,5,0.016402435553398854,0.1279841631325905,0.09486601129174232,57.911087340496955,0.9833963183646507,"(0.071290, 0.105191, 0.123705, 0.134528, 0.141825, 0.147484, 0.152264)","(0.050157, 0.078024, 0.093755, 0.102799, 0.108781, 0.113352, 0.117195)",0.01704499529608126,0.1290527411869594,0.0956351850181818,55.746050766536165,0.9334897547960281,"(0.068379, 0.102594, 0.121297, 0.134102, 0.143699, 0.151243, 0.158098)","(0.048326, 0.076270, 0.092044, 0.102550, 0.110641, 0.116860, 0.122755)",,,,,,,
msfv3_conv_base03,epoch,115,0,MSFv3Conv,14,7,./checkpoints/msfv3_conv_base03.pt,128,4,4,"(2, 4, 8, 16)",residual,8,5,0.016314247553732168,0.12766377120859776,0.09455548127756473,57.682238700542044,0.9834704976132576,"(0.070816, 0.105004, 0.123349, 0.134115, 0.141478, 0.147223, 0.151947)","(0.049522, 0.077824, 0.093416, 0.102486, 0.108545, 0.113147, 0.116948)",0.016811473794015392,0.12803791277110577,0.09464662136243922,55.71244815417698,0.9346511832305363,"(0.068346, 0.102005, 0.120915, 0.133371, 0.142441, 0.149838, 0.156136)","(0.047865, 0.075750, 0.091756, 0.101804, 0.109193, 0.115403, 0.120755)",,,,,,,
msfv3_conv_base03,epoch,116,0,MSFv3Conv,14,7,./checkpoints/msfv3_conv_base03.pt,128,4,4,"(2, 4, 8, 16)",residual,8,5,0.01643303492938743,0.12812298779167947,0.09504035876152363,58.11802691601692,0.9833282904422029,"(0.071920, 0.105769, 0.123793, 0.134497, 0.141862, 0.147547, 0.152203)","(0.050829, 0.078557, 0.093864, 0.102740, 0.108771, 0.113380, 0.117141)",0.016835286814187254,0.12824199667998723,0.09488803015223571,56.13479018211365,0.9353298459734235,"(0.068952, 0.101940, 0.120917, 0.133372, 0.142706, 0.150057, 0.156630)","(0.048918, 0.075560, 0.091563, 0.101837, 0.109611, 0.115707, 0.121021)",,,,,,,
msfv3_conv_base03,epoch,117,0,MSFv3Conv,14,7,./checkpoints/msfv3_conv_base03.pt,128,4,4,"(2, 4, 8, 16)",residual,8,5,0.01635162328231208,0.12780446961963993,0.09472764655947685,57.89793836309555,0.9833918182139701,"(0.071065, 0.105130, 0.123382, 0.134221, 0.141665, 0.147349, 0.152134)","(0.049906, 0.078011, 0.093527, 0.102601, 0.108692, 0.113246, 0.117110)",0.016956649271638265,0.12872282016490186,0.09575480302529675,55.515555654253276,0.9328664605106626,"(0.068877, 0.103044, 0.121794, 0.134283, 0.143286, 0.149923, 0.156778)","(0.049009, 0.077245, 0.092948, 0.103129, 0.110449, 0.115843, 0.121661)",,,,,,,
msfv3_conv_base03,epoch,118,0,MSFv3Conv,14,7,./checkpoints/msfv3_conv_base03.pt,128,4,4,"(2, 4, 8, 16)",residual,8,5,0.0162959791957698,0.12757154219537614,0.0945551677983492,57.827618740974586,0.9834921277583913,"(0.071118, 0.105064, 0.123289, 0.134066, 0.141281, 0.146972, 0.151736)","(0.049996, 0.077924, 0.093415, 0.102425, 0.108363, 0.112949, 0.116814)",0.01692604907189629,0.12848240908767497,0.09521751345268317,55.98890859740121,0.933508425951004,"(0.068989, 0.102212, 0.121298, 0.133792, 0.142892, 0.150363, 0.156679)","(0.049262, 0.076154, 0.092174, 0.102316, 0.109686, 0.115877, 0.121055)",,,,,,,
msfv3_conv_base03,epoch,119,0,MSFv3Conv,14,7,./checkpoints/msfv3_conv_base03.pt,128,4,4,"(2, 4, 8, 16)",residual,8,5,0.01631027714230437,0.12763420220419133,0.0946319330325152,57.79452650597755,0.9834145890905502,"(0.071205, 0.105133, 0.123342, 0.134061, 0.141408, 0.147063, 0.151754)","(0.050153, 0.078082, 0.093544, 0.102441, 0.108441, 0.112989, 0.116773)",0.01679696767990078,0.12808189993458136,0.09479898560260024,56.189002002988545,0.9344867276293891,"(0.068832, 0.102286, 0.120796, 0.133111, 0.142435, 0.149902, 0.156251)","(0.048865, 0.076123, 0.091437, 0.101645, 0.109305, 0.115432, 0.120786)",,,,,,,
msfv3_conv_base03,epoch,120,0,MSFv3Conv,14,7,./checkpoints/msfv3_conv_base03.pt,128,4,4,"(2, 4, 8, 16)",residual,8,5,0.016396825261255528,0.12796687641792173,0.0949397761216189,58.0304854169805,0.9833515825423789,"(0.071590, 0.105478, 0.123766, 0.134349, 0.141615, 0.147313, 0.152263)","(0.050510, 0.078351, 0.093882, 0.102708, 0.108682, 0.113244, 0.117202)",0.017337677368362035,0.1299419900668519,0.09658857062458992,55.289026396615164,0.9313589760235378,"(0.069321, 0.102359, 0.121788, 0.134937, 0.144882, 0.152609, 0.159413)","(0.049015, 0.076116, 0.092609, 0.103649, 0.112033, 0.118495, 0.124203)",,,,,,,
msfv3_conv_base03,epoch,121,0,MSFv3Conv,14,7,./checkpoints/msfv3_conv_base03.pt,128,4,4,"(2, 4, 8, 16)",residual,8,5,0.016222171292224145,0.12729620401833702,0.09431323321892861,57.64504057295779,0.9835336357355118,"(0.070777, 0.104804, 0.123003, 0.133766, 0.141071, 0.146685, 0.151419)","(0.049594, 0.077679, 0.093184, 0.102198, 0.108204, 0.112743, 0.116591)",0.017214328616059253,0.1296716673033578,0.09677785634994507,54.72665687969753,0.9325415981667382,"(0.071404, 0.103589, 0.122187, 0.134598, 0.144517, 0.151298, 0.157831)","(0.051950, 0.077687, 0.093199, 0.103430, 0.111702, 0.117033, 0.122444)",,,,,,,
msfv3_conv_base03,epoch,122,0,MSFv3Conv,14,7,./checkpoints/msfv3_conv_base03.pt,128,4,4,"(2, 4, 8, 16)",residual,8,5,0.01626617989027278,0.12745417285812663,0.09449338140164285,57.70453369871099,0.9835159461548988,"(0.071055, 0.105080, 0.123281, 0.133872, 0.141135, 0.146812, 0.151531)","(0.049943, 0.077968, 0.093463, 0.102323, 0.108258, 0.112840, 0.116659)",0.017053272924385965,0.12912597693502903,0.09552544089300292,55.702273436955046,0.9340938393558774,"(0.069325, 0.102488, 0.121836, 0.133982, 0.143575, 0.151575, 0.157690)","(0.049199, 0.076061, 0.092496, 0.102251, 0.110107, 0.116833, 0.121732)",,,,,,,
msfv3_conv_base03,epoch,123,0,MSFv3Conv,14,7,./checkpoints/msfv3_conv_base03.pt,128,4,4,"(2, 4, 8, 16)",residual,8,5,0.016170378833850647,0.1270983761608416,0.09415697944449618,57.60423881449598,0.9836016579511317,"(0.070706, 0.104666, 0.122850, 0.133517, 0.140804, 0.146481, 0.151189)","(0.049573, 0.077598, 0.093052, 0.101999, 0.107975, 0.112537, 0.116364)",0.017139464999283,0.12942634310041154,0.09615196074758257,55.84597413880484,0.9328889016594205,"(0.069378, 0.103101, 0.122907, 0.135354, 0.143963, 0.150969, 0.157184)","(0.049443, 0.077134, 0.093901, 0.103923, 0.110769, 0.116381, 0.121512)",,,,,,,
msfv3_conv_base03,epoch,124,0,MSFv3Conv,14,7,./checkpoints/msfv3_conv_base03.pt,128,4,4,"(2, 4, 8, 16)",residual,8,5,0.01619051725286594,0.12716078386199156,0.09421426057815552,57.63928391071076,0.9835618480722955,"(0.070581, 0.104733, 0.122997, 0.133646, 0.140894, 0.146502, 0.151198)","(0.049385, 0.077646, 0.093222, 0.102156, 0.108097, 0.112596, 0.116397)",0.016849919272187566,0.12834460261676991,0.09510084467806987,55.947162185396465,0.9344635669674192,"(0.070291, 0.102311, 0.120964, 0.133240, 0.142600, 0.150106, 0.156486)","(0.050734, 0.076058, 0.091654, 0.101624, 0.109290, 0.115534, 0.120813)",,,,,,,
msfv3_conv_base03,epoch,125,0,MSFv3Conv,14,7,./checkpoints/msfv3_conv_base03.pt,128,4,4,"(2, 4, 8, 16)",residual,8,5,0.016215495190563353,0.12726362662074198,0.09437231715530792,57.54031148869941,0.9835256141550998,"(0.071033, 0.104874, 0.123088, 0.133730, 0.140879, 0.146587, 0.151314)","(0.049891, 0.077810, 0.093340, 0.102258, 0.108129, 0.112691, 0.116486)",0.017135658634028265,0.1291915580098118,0.09595401066222362,55.54534074238369,0.9317120611667633,"(0.068879, 0.102364, 0.121358, 0.133710, 0.143495, 0.151734, 0.158699)","(0.048677, 0.076052, 0.092210, 0.102464, 0.110708, 0.117769, 0.123799)",,,,,,,
msfv3_conv_base03,epoch,126,0,MSFv3Conv,14,7,./checkpoints/msfv3_conv_base03.pt,128,4,4,"(2, 4, 8, 16)",residual,8,5,0.01619353629846839,0.1271880492237302,0.09435339192760751,57.600305192014005,0.9835609086650483,"(0.071110, 0.105132, 0.123257, 0.133668, 0.140714, 0.146282, 0.151001)","(0.050038, 0.078040, 0.093463, 0.102199, 0.107992, 0.112476, 0.116266)",0.01732347987126559,0.12997242249548435,0.0964760510250926,55.74752746309553,0.9312835271869387,"(0.068595, 0.102335, 0.121935, 0.134828, 0.144863, 0.152960, 0.159518)","(0.048202, 0.075990, 0.092900, 0.103512, 0.111995, 0.118652, 0.124083)",,,,,,,
msfv3_conv_base03,epoch,127,0,MSFv3Conv,14,7,./checkpoints/msfv3_conv_base03.pt,128,4,4,"(2, 4, 8, 16)",residual,8,5,0.01611635728461787,0.12687735805323727,0.09403365521513402,57.59164856849833,0.9836555947648719,"(0.070637, 0.104677, 0.122749, 0.133296, 0.140558, 0.146071, 0.150788)","(0.049486, 0.077623, 0.093016, 0.101869, 0.107862, 0.112292, 0.116088)",0.01832933191742216,0.13359419841851508,0.1009441821702889,56.00601993288313,0.9237766883202961,"(0.070990, 0.106340, 0.126371, 0.139223, 0.149366, 0.155741, 0.162787)","(0.051749, 0.081125, 0.098168, 0.108637, 0.117006, 0.122014, 0.127911)",,,,,,,
msfv3_conv_base03,epoch,128,0,MSFv3Conv,14,7,./checkpoints/msfv3_conv_base03.pt,128,4,4,"(2, 4, 8, 16)",residual,8,5,0.016237900988694202,0.12736005511222787,0.0945475384434487,57.66400071407886,0.9835448433110054,"(0.071504, 0.105301, 0.123305, 0.133801, 0.140871, 0.146471, 0.151242)","(0.050494, 0.078277, 0.093554, 0.102348, 0.108120, 0.112615, 0.116425)",0.017037328249508783,0.12898449120776995,0.09476574776428086,56.254890305655344,0.933116866009576,"(0.069164, 0.102948, 0.122243, 0.134655, 0.143069, 0.150232, 0.157528)","(0.048609, 0.075942, 0.091991, 0.102056, 0.108931, 0.114911, 0.120920)",,,,,,,
msfv3_conv_base03,epoch,129,0,MSFv3Conv,14,7,./checkpoints/msfv3_conv_base03.pt,128,4,4,"(2, 4, 8, 16)",residual,8,5,0.016125410824934853,0.12691123246408523,0.09408922798614552,57.51879959918083,0.9836819980372774,"(0.070888, 0.104824, 0.122836, 0.133402, 0.140568, 0.145985, 0.150695)","(0.049798, 0.077784, 0.093106, 0.101961, 0.107829, 0.112173, 0.115974)",0.01769536959805659,0.1312867309898138,0.09776095673441887,54.90526138033186,0.9325159851993833,"(0.071125, 0.104167, 0.123166, 0.136494, 0.145862, 0.153914, 0.160575)","(0.050683, 0.077649, 0.093666, 0.104773, 0.112690, 0.119575, 0.125291)",,,,,,,
msfv3_conv_base03,best_test,109,1,MSFv3Conv,14,7,./checkpoints/msfv3_conv_base03.pt,128,4,4,"(2, 4, 8, 16)",residual,8,5,,,,,,,,,0.1277273656534297,,,,,,0.012371393818674343,0.10953273065388203,0.07938088223870311,45.37834101063864,0.9260925778320858,"(0.047869, 0.077186, 0.095496, 0.110594, 0.123106, 0.134778, 0.144387)","(0.034478, 0.057760, 0.071534, 0.083465, 0.093672, 0.103429, 0.111328)"
