exp_name,tag,epoch,is_best_val,model,tin,tout,ckpt_path,d_model,depth,num_heads,spatial_scales,train_mse,train_rmse,train_mae,train_mape,train_r2,train_rmse_t,train_mae_t,val_mse,val_rmse,val_mae,val_mape,val_r2,val_rmse_t,val_mae_t,test_mse,test_rmse,test_mae,test_mape,test_r2,test_rmse_t,test_mae_t
msfv3_base3,epoch,0,1,MSFv3,14,7,./checkpoints/msfv3_base3.pt,128,4,4,"(4, 8, 16)",0.18000051364342265,0.34592982549138346,0.2643183830412144,129.35962185961134,0.8168289892851038,"(0.310438, 0.328018, 0.345027, 0.351484, 0.355566, 0.358733, 0.365914)","(0.235931, 0.248647, 0.263889, 0.268128, 0.273677, 0.277559, 0.282397)",0.03133320572253849,0.17463825722890242,0.13387960860771791,79.79822138377598,0.8925895797354835,"(0.133525, 0.150851, 0.163634, 0.177075, 0.186671, 0.193914, 0.204956)","(0.102903, 0.116041, 0.126182, 0.137118, 0.145066, 0.150474, 0.159373)",,,,,,,
msfv3_base3,epoch,1,1,MSFv3,14,7,./checkpoints/msfv3_base3.pt,128,4,4,"(4, 8, 16)",0.027761937703620246,0.1665039092183286,0.1267410118846183,80.04684156052609,0.971879963862135,"(0.121829, 0.141720, 0.156422, 0.169692, 0.179239, 0.187328, 0.196401)","(0.092766, 0.107971, 0.119824, 0.130756, 0.138577, 0.145022, 0.152270)",0.026517542943890606,0.16093703572239196,0.12252134270966053,74.72967086519513,0.9066376558371952,"(0.117168, 0.136222, 0.150223, 0.163570, 0.173748, 0.181237, 0.190779)","(0.089372, 0.103852, 0.115420, 0.126156, 0.134587, 0.140364, 0.147898)",,,,,,,
msfv3_base3,epoch,2,1,MSFv3,14,7,./checkpoints/msfv3_base3.pt,128,4,4,"(4, 8, 16)",0.024899538953174302,0.15767848606710755,0.1197335707776724,75.95322878817295,0.9748121978754692,"(0.110765, 0.132461, 0.148179, 0.161209, 0.170960, 0.178796, 0.187123)","(0.084215, 0.100878, 0.113569, 0.124143, 0.132065, 0.138312, 0.144952)",0.02469871549068817,0.1553316374442407,0.11842478359384197,70.47313186100551,0.9095829533679145,"(0.109281, 0.129706, 0.145337, 0.158677, 0.168978, 0.176024, 0.184572)","(0.083730, 0.099415, 0.112147, 0.122774, 0.131139, 0.136576, 0.143193)",,,,,,,
msfv3_base3,epoch,3,1,MSFv3,14,7,./checkpoints/msfv3_base3.pt,128,4,4,"(4, 8, 16)",0.023128817511841336,0.15197520905974207,0.11501432642182137,72.09390684898864,0.9765362622255974,"(0.102332, 0.126132, 0.142925, 0.155851, 0.165739, 0.173406, 0.181566)","(0.077545, 0.095844, 0.109414, 0.119885, 0.127893, 0.134019, 0.140500)",0.02334181036401008,0.15111998255763734,0.11474364357335227,66.95488258770534,0.9144472117934909,"(0.100770, 0.124377, 0.140694, 0.154390, 0.165472, 0.173225, 0.181760)","(0.076368, 0.094662, 0.108099, 0.119278, 0.128414, 0.134805, 0.141579)",,,,,,,
msfv3_base3,epoch,4,1,MSFv3,14,7,./checkpoints/msfv3_base3.pt,128,4,4,"(4, 8, 16)",0.02215113527478373,0.14870729733907687,0.11227777382319278,69.47634329694382,0.9775070221500194,"(0.097027, 0.122682, 0.140065, 0.152988, 0.162606, 0.170336, 0.178271)","(0.073312, 0.093015, 0.107063, 0.117571, 0.125396, 0.131595, 0.137992)",0.02148607060579317,0.14512210419135435,0.10925038957170077,65.32500515665326,0.9188202576977866,"(0.094522, 0.119150, 0.135464, 0.148742, 0.158878, 0.166519, 0.175202)","(0.070929, 0.089971, 0.103175, 0.114211, 0.122429, 0.128565, 0.135473)",,,,,,,
msfv3_base3,epoch,5,0,MSFv3,14,7,./checkpoints/msfv3_base3.pt,128,4,4,"(4, 8, 16)",0.02121037136802965,0.1455277581980256,0.10954131764617372,67.49222653977414,0.9784937649965286,"(0.092201, 0.119642, 0.137327, 0.150093, 0.159564, 0.167153, 0.174855)","(0.069188, 0.090400, 0.104805, 0.115242, 0.122979, 0.129000, 0.135175)",0.022237969928288033,0.14817725494503975,0.11151682958006859,69.95753216743469,0.916114553809166,"(0.093208, 0.119013, 0.137868, 0.152297, 0.163783, 0.171324, 0.179690)","(0.070018, 0.089530, 0.104969, 0.117032, 0.126578, 0.132773, 0.139717)",,,,,,,
msfv3_base3,epoch,6,1,MSFv3,14,7,./checkpoints/msfv3_base3.pt,128,4,4,"(4, 8, 16)",0.021064869564105856,0.14504882634783986,0.1091046393551725,66.79392248518924,0.9786390709750196,"(0.090184, 0.118863, 0.136986, 0.149894, 0.159389, 0.167124, 0.174270)","(0.067554, 0.089724, 0.104556, 0.115113, 0.122856, 0.129082, 0.134847)",0.021063281322962472,0.1435965940888439,0.10855623254818576,63.920779023851665,0.9197614065238408,"(0.088191, 0.116053, 0.133665, 0.147498, 0.158693, 0.165792, 0.175124)","(0.066681, 0.088319, 0.102790, 0.114161, 0.123275, 0.128591, 0.136077)",,,,,,,
msfv3_base3,epoch,7,1,MSFv3,14,7,./checkpoints/msfv3_base3.pt,128,4,4,"(4, 8, 16)",0.02031816486665543,0.1424313685941338,0.10676797186123564,65.5282582627966,0.9794008031170419,"(0.086269, 0.116439, 0.134746, 0.147482, 0.156799, 0.164378, 0.171509)","(0.063987, 0.087598, 0.102643, 0.113090, 0.120688, 0.126780, 0.132589)",0.020051108307338188,0.140097760196243,0.10577511521322387,61.484165975025725,0.921385401061603,"(0.085916, 0.113374, 0.130680, 0.143945, 0.154316, 0.162526, 0.170319)","(0.065126, 0.085947, 0.100050, 0.110800, 0.119484, 0.126335, 0.132684)",,,,,,,
msfv3_base3,epoch,8,1,MSFv3,14,7,./checkpoints/msfv3_base3.pt,128,4,4,"(4, 8, 16)",0.01995929633762608,0.14120024545770984,0.10569598105676631,64.83406588371764,0.9797778963408572,"(0.084791, 0.115575, 0.133892, 0.146403, 0.155569, 0.163029, 0.169702)","(0.062569, 0.086738, 0.101900, 0.112192, 0.119688, 0.125697, 0.131088)",0.019729499705135822,0.13897360169461795,0.10436278262308665,60.957291671207976,0.9223449634654182,"(0.081701, 0.111864, 0.129984, 0.143614, 0.153519, 0.161816, 0.169103)","(0.060357, 0.084202, 0.099350, 0.110680, 0.118742, 0.125664, 0.131545)",,,,,,,
msfv3_base3,epoch,9,0,MSFv3,14,7,./checkpoints/msfv3_base3.pt,128,4,4,"(4, 8, 16)",0.0200888441400008,0.14165325361167083,0.1060384314982815,64.98004738827969,0.9796099906906168,"(0.084637, 0.115680, 0.134276, 0.146895, 0.156221, 0.163746, 0.170297)","(0.062476, 0.086825, 0.102242, 0.112613, 0.120198, 0.126274, 0.131641)",0.019923721639705554,0.1400043232632535,0.1047040160213198,63.790113823754446,0.9223897222961698,"(0.086205, 0.112866, 0.130686, 0.143683, 0.154698, 0.162633, 0.169716)","(0.064104, 0.084225, 0.099035, 0.109816, 0.118759, 0.125505, 0.131484)",,,,,,,
msfv3_base3,epoch,10,1,MSFv3,14,7,./checkpoints/msfv3_base3.pt,128,4,4,"(4, 8, 16)",0.019538898229044168,0.13969028860916902,0.10426001040700902,63.840434906330515,0.9801678384872193,"(0.082133, 0.113952, 0.132490, 0.145072, 0.154211, 0.161697, 0.168109)","(0.059990, 0.085207, 0.100656, 0.111060, 0.118528, 0.124582, 0.129798)",0.01944781287706324,0.13810550075556552,0.10299119060592991,61.57563059670584,0.9242548091070992,"(0.079783, 0.110538, 0.129738, 0.143090, 0.152712, 0.160864, 0.168203)","(0.058226, 0.082385, 0.098216, 0.109338, 0.117509, 0.124579, 0.130686)",,,,,,,
msfv3_base3,epoch,11,0,MSFv3,14,7,./checkpoints/msfv3_base3.pt,128,4,4,"(4, 8, 16)",0.019545318994750368,0.13971601068679637,0.10434321500360966,63.939779443943756,0.9801920991628728,"(0.082309, 0.113967, 0.132564, 0.145064, 0.154252, 0.161690, 0.168058)","(0.060264, 0.085305, 0.100818, 0.111104, 0.118580, 0.124561, 0.129770)",0.019607998131375228,0.13853924402168818,0.10370597562619618,60.50903276034764,0.9239079441343035,"(0.080538, 0.110974, 0.129181, 0.142871, 0.153342, 0.161547, 0.169443)","(0.059499, 0.083232, 0.098297, 0.109628, 0.118191, 0.125293, 0.131802)",,,,,,,
msfv3_base3,epoch,12,1,MSFv3,14,7,./checkpoints/msfv3_base3.pt,128,4,4,"(4, 8, 16)",0.019771769811260574,0.14051363653312476,0.10506791653151208,64.13457342918883,0.9799591604065387,"(0.083110, 0.114639, 0.133308, 0.145789, 0.155014, 0.162646, 0.169022)","(0.061017, 0.085862, 0.101459, 0.111727, 0.119260, 0.125478, 0.130671)",0.019269707779000913,0.13735929397600039,0.10282938847584384,60.342706884656636,0.9239909287009921,"(0.078450, 0.109819, 0.128469, 0.141784, 0.151971, 0.160631, 0.167971)","(0.057298, 0.082342, 0.098058, 0.109046, 0.117535, 0.124936, 0.130591)",,,,,,,
msfv3_base3,epoch,13,0,MSFv3,14,7,./checkpoints/msfv3_base3.pt,128,4,4,"(4, 8, 16)",0.019371965602832907,0.13909890438465053,0.1037994330709285,63.656603123279325,0.9803414259185182,"(0.081358, 0.113484, 0.132124, 0.144521, 0.153632, 0.161034, 0.167286)","(0.059332, 0.084813, 0.100386, 0.110640, 0.118115, 0.124101, 0.129210)",0.019870511488988996,0.13978439143725804,0.10422254619853837,63.649600573948454,0.9232152892010552,"(0.081543, 0.112647, 0.132137, 0.143998, 0.154066, 0.162540, 0.170207)","(0.059641, 0.083856, 0.100081, 0.110033, 0.118430, 0.125545, 0.131972)",,,,,,,
msfv3_base3,epoch,14,0,MSFv3,14,7,./checkpoints/msfv3_base3.pt,128,4,4,"(4, 8, 16)",0.019246027517588214,0.13863253818638047,0.10338151446999387,63.48518598840592,0.9804474166099061,"(0.080693, 0.112992, 0.131754, 0.144126, 0.153185, 0.160551, 0.166715)","(0.058739, 0.084369, 0.100090, 0.110323, 0.117720, 0.123703, 0.128728)",0.019399521772616675,0.1377682922674077,0.10367901969168868,59.40312041555132,0.9221887226615634,"(0.077835, 0.109860, 0.128742, 0.142861, 0.152889, 0.160946, 0.168334)","(0.057059, 0.082846, 0.098813, 0.110732, 0.118968, 0.125554, 0.131782)",,,,,,,
msfv3_base3,epoch,15,0,MSFv3,14,7,./checkpoints/msfv3_base3.pt,128,4,4,"(4, 8, 16)",0.019401116811848702,0.1391933492684557,0.10401979952733567,63.74593783439474,0.9803130823246976,"(0.081964, 0.113839, 0.132400, 0.144652, 0.153654, 0.160918, 0.167035)","(0.060040, 0.085166, 0.100704, 0.110847, 0.118212, 0.124082, 0.129089)",0.019531613764619187,0.13826191797852516,0.10299712233245373,61.37402309690203,0.9252784677914211,"(0.078153, 0.110354, 0.129608, 0.142156, 0.152902, 0.161864, 0.169783)","(0.057078, 0.082210, 0.098210, 0.108742, 0.117786, 0.125181, 0.131771)",,,,,,,
msfv3_base3,epoch,16,0,MSFv3,14,7,./checkpoints/msfv3_base3.pt,128,4,4,"(4, 8, 16)",0.01933984150317438,0.13897245730734858,0.10382280966385882,63.772431617087506,0.980347288098741,"(0.081936, 0.113415, 0.132044, 0.144243, 0.153393, 0.160805, 0.167030)","(0.060126, 0.084844, 0.100389, 0.110486, 0.117956, 0.123936, 0.129022)",0.019576499903840677,0.1384044164525611,0.10387750342488289,59.62846950122288,0.9248899263995034,"(0.085502, 0.112718, 0.129769, 0.143218, 0.152223, 0.159790, 0.166786)","(0.063492, 0.084459, 0.098756, 0.109822, 0.117280, 0.123785, 0.129548)",,,,,,,
msfv3_base3,epoch,17,1,MSFv3,14,7,./checkpoints/msfv3_base3.pt,128,4,4,"(4, 8, 16)",0.01900061548865856,0.1377515165558941,0.10262329856607508,62.87826018637799,0.9807391287164485,"(0.080020, 0.112371, 0.131082, 0.143293, 0.152249, 0.159477, 0.165516)","(0.058174, 0.083820, 0.099472, 0.109575, 0.116892, 0.122749, 0.127681)",0.01907688326069287,0.1366808462355818,0.10198139904865197,60.82097407749721,0.9255645211253848,"(0.077391, 0.109434, 0.128001, 0.141468, 0.151371, 0.159537, 0.167071)","(0.056022, 0.081357, 0.097119, 0.108552, 0.116758, 0.123941, 0.130120)",,,,,,,
msfv3_base3,epoch,18,0,MSFv3,14,7,./checkpoints/msfv3_base3.pt,128,4,4,"(4, 8, 16)",0.018930572956958984,0.13750272715578302,0.10241976269382111,62.74297395665595,0.9808157768021238,"(0.079516, 0.112159, 0.130993, 0.143201, 0.152055, 0.159154, 0.165049)","(0.057733, 0.083654, 0.099442, 0.109547, 0.116750, 0.122474, 0.127338)",0.01933353833322014,0.137639548097338,0.10314404352435044,61.82294600350516,0.9257329510790961,"(0.084593, 0.112562, 0.129851, 0.141522, 0.150740, 0.158717, 0.166776)","(0.062853, 0.083917, 0.098414, 0.108353, 0.116225, 0.122849, 0.129397)",,,,,,,
msfv3_base3,epoch,19,1,MSFv3,14,7,./checkpoints/msfv3_base3.pt,128,4,4,"(4, 8, 16)",0.018947363855872066,0.1375548075479971,0.1025353851232757,62.85808851363811,0.9807804122250131,"(0.079694, 0.112282, 0.131205, 0.143298, 0.152067, 0.159044, 0.165034)","(0.057919, 0.083823, 0.099705, 0.109682, 0.116819, 0.122439, 0.127362)",0.018570659016924247,0.13487398491374084,0.10034877194889955,58.90471543584551,0.9273414611816406,"(0.076012, 0.108125, 0.126867, 0.139902, 0.149633, 0.157151, 0.164241)","(0.055133, 0.080414, 0.095978, 0.106749, 0.114966, 0.121540, 0.127662)",,,,,,,
msfv3_base3,epoch,20,0,MSFv3,14,7,./checkpoints/msfv3_base3.pt,128,4,4,"(4, 8, 16)",0.018813744831354694,0.13709410335299296,0.10204929862409196,62.53208239535068,0.9809122196537383,"(0.078936, 0.111824, 0.130652, 0.142747, 0.151674, 0.158726, 0.164653)","(0.057163, 0.083337, 0.099154, 0.109154, 0.116439, 0.122121, 0.126978)",0.01858524529130331,0.13492143819374697,0.1009418096925531,59.21438809803554,0.9270526064293725,"(0.077158, 0.107920, 0.126323, 0.139710, 0.150132, 0.157714, 0.163717)","(0.056929, 0.080833, 0.096087, 0.107312, 0.116206, 0.122300, 0.126926)",,,,,,,
msfv3_base3,epoch,21,0,MSFv3,14,7,./checkpoints/msfv3_base3.pt,128,4,4,"(4, 8, 16)",0.018922499153128963,0.1374510896838367,0.10263364936443085,62.83356895852596,0.9808012056857982,"(0.080713, 0.112645, 0.131233, 0.143053, 0.151690, 0.158673, 0.164557)","(0.059160, 0.084274, 0.099751, 0.109508, 0.116575, 0.122188, 0.126980)",0.018681058161226765,0.13518752876136983,0.10088046746594566,58.54868377958025,0.9278607070446014,"(0.076442, 0.107611, 0.126378, 0.139711, 0.149811, 0.158231, 0.165567)","(0.055787, 0.080183, 0.096060, 0.107042, 0.115553, 0.122768, 0.128770)",,,,,,,
msfv3_base3,epoch,22,1,MSFv3,14,7,./checkpoints/msfv3_base3.pt,128,4,4,"(4, 8, 16)",0.01856075851444868,0.1361593948542336,0.10133697052902364,61.91359885195468,0.9811815086831438,"(0.078269, 0.111107, 0.129866, 0.141842, 0.150655, 0.157601, 0.163446)","(0.056568, 0.082777, 0.098545, 0.108463, 0.115687, 0.121275, 0.126045)",0.0182321806870667,0.13375582625823362,0.09898490059588637,59.26829501560756,0.9285515014614377,"(0.074983, 0.107183, 0.126254, 0.138799, 0.148358, 0.155890, 0.162681)","(0.054122, 0.079392, 0.095154, 0.105557, 0.113460, 0.119805, 0.125404)",,,,,,,
msfv3_base3,epoch,23,0,MSFv3,14,7,./checkpoints/msfv3_base3.pt,128,4,4,"(4, 8, 16)",0.018528847568767503,0.1360339558179605,0.10127561258033235,61.937960218875965,0.9812208842089836,"(0.078696, 0.111379, 0.130028, 0.141815, 0.150366, 0.157146, 0.162904)","(0.057044, 0.083005, 0.098633, 0.108434, 0.115403, 0.120837, 0.125573)",0.01882065213950617,0.13582986167498998,0.10205998564405101,61.12118363380432,0.9280180335044861,"(0.079494, 0.109880, 0.129339, 0.140566, 0.149388, 0.157431, 0.164332)","(0.059523, 0.083056, 0.099212, 0.107889, 0.115136, 0.121909, 0.127695)",,,,,,,
msfv3_base3,epoch,24,0,MSFv3,14,7,./checkpoints/msfv3_base3.pt,128,4,4,"(4, 8, 16)",0.01855004730416422,0.13609382353789148,0.10140178114809889,61.965461893284576,0.9811588468703818,"(0.078876, 0.111295, 0.129961, 0.141786, 0.150493, 0.157323, 0.162984)","(0.057358, 0.082995, 0.098622, 0.108462, 0.115573, 0.121093, 0.125709)",0.018466093943321278,0.1346639304288796,0.09991027946983065,59.65713259152004,0.9269064856427056,"(0.079241, 0.108784, 0.126494, 0.138985, 0.148352, 0.156607, 0.163849)","(0.058037, 0.080596, 0.095284, 0.105583, 0.113392, 0.120255, 0.126225)",,,,,,,
msfv3_base3,epoch,25,1,MSFv3,14,7,./checkpoints/msfv3_base3.pt,128,4,4,"(4, 8, 16)",0.018395828266449747,0.135537819100843,0.10090431166773146,61.76398222497169,0.9813121322621691,"(0.078412, 0.110971, 0.129636, 0.141360, 0.149798, 0.156530, 0.162249)","(0.056849, 0.082683, 0.098299, 0.108037, 0.114971, 0.120409, 0.125081)",0.01810974158745791,0.13316309984241212,0.09892790950834751,58.37334530694144,0.9299983914409365,"(0.076292, 0.107095, 0.125951, 0.138699, 0.147381, 0.154710, 0.161038)","(0.055195, 0.079529, 0.095144, 0.105708, 0.113120, 0.119252, 0.124548)",,,,,,,
msfv3_base3,epoch,26,1,MSFv3,14,7,./checkpoints/msfv3_base3.pt,128,4,4,"(4, 8, 16)",0.018495784170846356,0.1358964625711476,0.10128286746429636,61.993597233549075,0.9812035944233549,"(0.078754, 0.111121, 0.129873, 0.141703, 0.150287, 0.157014, 0.162660)","(0.057288, 0.082929, 0.098632, 0.108439, 0.115444, 0.120830, 0.125418)",0.01798351967175092,0.13270726773355687,0.0986465300832476,58.29113909176418,0.9299879627568381,"(0.074532, 0.107009, 0.125348, 0.137887, 0.146838, 0.154470, 0.161194)","(0.053808, 0.079470, 0.094675, 0.105110, 0.112895, 0.119462, 0.125105)",,,,,,,
msfv3_base3,epoch,27,0,MSFv3,14,7,./checkpoints/msfv3_base3.pt,128,4,4,"(4, 8, 16)",0.01830659780968377,0.13520912599636292,0.10066622824586452,61.50872788530715,0.9814332374866973,"(0.078181, 0.110748, 0.129314, 0.141044, 0.149517, 0.156202, 0.161679)","(0.056708, 0.082566, 0.098100, 0.107836, 0.114747, 0.120118, 0.124589)",0.017984952178916762,0.1327838727406093,0.09865297696420125,58.60242765290396,0.9301657506397792,"(0.074664, 0.106376, 0.124738, 0.137346, 0.147059, 0.155223, 0.161991)","(0.054383, 0.079308, 0.094487, 0.104889, 0.112843, 0.119519, 0.125142)",,,,,,,
msfv3_base3,epoch,28,0,MSFv3,14,7,./checkpoints/msfv3_base3.pt,128,4,4,"(4, 8, 16)",0.018212465931007518,0.13487278079208395,0.10041393410969288,61.27059987250795,0.981539118480175,"(0.077975, 0.110520, 0.129032, 0.140659, 0.149101, 0.155757, 0.161357)","(0.056557, 0.082387, 0.097875, 0.107540, 0.114430, 0.119784, 0.124324)",0.018051272657300745,0.13289952650666237,0.09839982406369277,58.76815513202122,0.9302209786006382,"(0.074244, 0.106268, 0.124727, 0.137502, 0.147203, 0.155526, 0.162429)","(0.053714, 0.078953, 0.094195, 0.104640, 0.112638, 0.119457, 0.125202)",,,,,,,
msfv3_base3,epoch,29,0,MSFv3,14,7,./checkpoints/msfv3_base3.pt,128,4,4,"(4, 8, 16)",0.018270300973721957,0.1350842273906951,0.10070613422926436,61.610965383813735,0.9814972376569788,"(0.078862, 0.110991, 0.129330, 0.140889, 0.149297, 0.155773, 0.161188)","(0.057520, 0.082895, 0.098194, 0.107763, 0.114596, 0.119795, 0.124180)",0.01868936579142298,0.13538051822355815,0.10114702103393418,59.73942821366446,0.9284361494438989,"(0.075922, 0.108248, 0.127283, 0.140327, 0.150049, 0.158053, 0.165234)","(0.055115, 0.081031, 0.096928, 0.107754, 0.115780, 0.122699, 0.128723)",,,,,,,
msfv3_base3,epoch,30,0,MSFv3,14,7,./checkpoints/msfv3_base3.pt,128,4,4,"(4, 8, 16)",0.01818606127152576,0.1347686504854244,0.10032907794130609,61.12478684364481,0.9815260796470845,"(0.077997, 0.110510, 0.129012, 0.140660, 0.148988, 0.155583, 0.160990)","(0.056574, 0.082419, 0.097875, 0.107517, 0.114296, 0.119619, 0.124004)",0.018811289719971164,0.13575269893876143,0.10354721386517797,59.79015462739127,0.9257507260356631,"(0.083911, 0.112554, 0.130174, 0.140741, 0.148988, 0.155451, 0.161505)","(0.064879, 0.086816, 0.101218, 0.109344, 0.115903, 0.120880, 0.125791)",,,,,,,
msfv3_base3,epoch,31,1,MSFv3,14,7,./checkpoints/msfv3_base3.pt,128,4,4,"(4, 8, 16)",0.01802911903174158,0.13419371125319343,0.09981392851059741,60.99217019182571,0.9817536286217101,"(0.077117, 0.109959, 0.128558, 0.140168, 0.148476, 0.154990, 0.160319)","(0.055653, 0.081911, 0.097494, 0.107113, 0.113896, 0.119161, 0.123469)",0.017918721672945788,0.13236500322818756,0.09871909966958421,57.053490434374126,0.9309151193925312,"(0.075841, 0.107407, 0.125302, 0.137158, 0.146414, 0.153870, 0.159963)","(0.055263, 0.080099, 0.094905, 0.105060, 0.112758, 0.119064, 0.123885)",,,,,,,
msfv3_base3,epoch,32,0,MSFv3,14,7,./checkpoints/msfv3_base3.pt,128,4,4,"(4, 8, 16)",0.018090632550933575,0.13440590276019268,0.10012220167257685,61.061469524464705,0.9816428809723956,"(0.078156, 0.110303, 0.128685, 0.140251, 0.148544, 0.155100, 0.160461)","(0.056829, 0.082318, 0.097673, 0.107223, 0.113978, 0.119241, 0.123594)",0.019025021731587394,0.13669519206242903,0.10216852437172617,62.23977368218558,0.9251210327659335,"(0.084056, 0.112769, 0.130659, 0.142002, 0.150948, 0.156721, 0.162188)","(0.063173, 0.084332, 0.098783, 0.108062, 0.115434, 0.120347, 0.125049)",,,,,,,
msfv3_base3,epoch,33,0,MSFv3,14,7,./checkpoints/msfv3_base3.pt,128,4,4,"(4, 8, 16)",0.01806190193313709,0.13429091661152334,0.1000612290140162,61.135445290423455,0.9816905307642957,"(0.077854, 0.110332, 0.128770, 0.140227, 0.148470, 0.154877, 0.160175)","(0.056513, 0.082326, 0.097770, 0.107277, 0.113994, 0.119122, 0.123426)",0.018155067244411578,0.133268375481878,0.09957381710410118,58.592858110155376,0.9296563161270959,"(0.080758, 0.109246, 0.126016, 0.137933, 0.146672, 0.153745, 0.160085)","(0.059679, 0.081206, 0.095103, 0.105104, 0.112664, 0.119009, 0.124251)",,,,,,,
msfv3_base3,epoch,34,1,MSFv3,14,7,./checkpoints/msfv3_base3.pt,128,4,4,"(4, 8, 16)",0.018036403242459007,0.1342226409883468,0.1000096812606492,61.08746268901419,0.9817074898709642,"(0.078073, 0.110375, 0.128717, 0.140143, 0.148291, 0.154697, 0.160065)","(0.056780, 0.082384, 0.097702, 0.107148, 0.113818, 0.118942, 0.123294)",0.01783422106278262,0.13198748656681605,0.09864595825118679,56.967139039720806,0.9304971333060946,"(0.074456, 0.106239, 0.124788, 0.136972, 0.146246, 0.153688, 0.160134)","(0.053788, 0.079300, 0.095201, 0.105292, 0.113021, 0.119253, 0.124667)",,,,,,,
msfv3_base3,epoch,35,1,MSFv3,14,7,./checkpoints/msfv3_base3.pt,128,4,4,"(4, 8, 16)",0.0179779053556713,0.1339940987914998,0.09979758161972178,60.88167509119561,0.9817231884028049,"(0.077625, 0.110034, 0.128417, 0.139945, 0.148106, 0.154558, 0.159904)","(0.056265, 0.082087, 0.097486, 0.107041, 0.113673, 0.118850, 0.123181)",0.017412722260425135,0.13059076108038425,0.09714433976582118,57.36047216824123,0.9327221895967212,"(0.073169, 0.105440, 0.123512, 0.135749, 0.144662, 0.151934, 0.158404)","(0.053038, 0.078899, 0.093644, 0.103667, 0.110982, 0.117110, 0.122671)",,,,,,,
msfv3_base3,epoch,36,0,MSFv3,14,7,./checkpoints/msfv3_base3.pt,128,4,4,"(4, 8, 16)",0.017831011833821204,0.1334375704840937,0.09926757093598233,60.53153821255298,0.9819003888901244,"(0.076858, 0.109664, 0.127981, 0.139450, 0.147671, 0.153956, 0.159051)","(0.055498, 0.081688, 0.097065, 0.106579, 0.113273, 0.118324, 0.122446)",0.018386158576634313,0.13411004495407855,0.10071486553975514,57.705495255334036,0.9261827788182667,"(0.074038, 0.106108, 0.124213, 0.137445, 0.149388, 0.158576, 0.164907)","(0.053801, 0.079570, 0.094701, 0.106018, 0.116655, 0.124519, 0.129741)",,,,,,,
msfv3_base3,epoch,37,0,MSFv3,14,7,./checkpoints/msfv3_base3.pt,128,4,4,"(4, 8, 16)",0.017783989297582747,0.1332805297470632,0.09907820630580821,60.459468354570106,0.9819902961558484,"(0.076246, 0.109318, 0.127855, 0.139336, 0.147500, 0.153897, 0.159097)","(0.054834, 0.081392, 0.096960, 0.106481, 0.113132, 0.118281, 0.122467)",0.017984176902765676,0.13276571487741812,0.0992928147315979,58.939500604357036,0.930319967014449,"(0.074745, 0.105918, 0.124698, 0.137343, 0.147772, 0.155244, 0.161462)","(0.054492, 0.079015, 0.094751, 0.105384, 0.114372, 0.120858, 0.126178)",,,,,,,
msfv3_base3,epoch,38,0,MSFv3,14,7,./checkpoints/msfv3_base3.pt,128,4,4,"(4, 8, 16)",0.017751813489705958,0.13315100584606457,0.0990383784346124,60.46705000451271,0.9820073934945655,"(0.076769, 0.109400, 0.127737, 0.139133, 0.147242, 0.153589, 0.158817)","(0.055442, 0.081474, 0.096851, 0.106303, 0.112941, 0.118029, 0.122228)",0.017767416895367205,0.1316760243581874,0.09886653734637159,56.8472535269601,0.9283989156995501,"(0.074091, 0.106266, 0.124297, 0.136423, 0.145865, 0.153884, 0.159513)","(0.054361, 0.080164, 0.095046, 0.105029, 0.113051, 0.119932, 0.124482)",,,,,,,
msfv3_base3,epoch,39,0,MSFv3,14,7,./checkpoints/msfv3_base3.pt,128,4,4,"(4, 8, 16)",0.017834377603882803,0.1334637349324025,0.09939650584884147,60.58257133402723,0.9818999171257019,"(0.076979, 0.109727, 0.128171, 0.139584, 0.147582, 0.153864, 0.159014)","(0.055729, 0.081874, 0.097312, 0.106765, 0.113268, 0.118337, 0.122491)",0.017471822510872568,0.13074001457009995,0.09734514621751648,57.64390536717006,0.9316613610301699,"(0.073384, 0.105421, 0.123493, 0.135835, 0.144925, 0.152329, 0.158456)","(0.052888, 0.078482, 0.093527, 0.103798, 0.111600, 0.117978, 0.123142)",,,,,,,
msfv3_base3,epoch,40,0,MSFv3,14,7,./checkpoints/msfv3_base3.pt,128,4,4,"(4, 8, 16)",0.01774725309038099,0.13312530443807905,0.0991152027978542,60.57343549931303,0.9819449944064972,"(0.076932, 0.109473, 0.127772, 0.139201, 0.147227, 0.153475, 0.158571)","(0.055682, 0.081608, 0.096914, 0.106389, 0.112988, 0.118047, 0.122179)",0.017608155513049235,0.13122952756072795,0.09760916791856289,57.601069825036184,0.9320094266108104,"(0.074429, 0.105721, 0.124193, 0.136482, 0.145209, 0.152617, 0.158960)","(0.053871, 0.078824, 0.094093, 0.104243, 0.111606, 0.117688, 0.122939)",,,,,,,
msfv3_base3,epoch,41,0,MSFv3,14,7,./checkpoints/msfv3_base3.pt,128,4,4,"(4, 8, 16)",0.017683319266925148,0.13288537959437993,0.09888216948255579,60.342894554138184,0.9820507546054557,"(0.076333, 0.109113, 0.127585, 0.139015, 0.146999, 0.153276, 0.158416)","(0.055021, 0.081300, 0.096788, 0.106285, 0.112843, 0.117882, 0.122055)",0.01771203544922173,0.13156050496867724,0.0988810243351119,57.068677050726755,0.9297364779881069,"(0.076006, 0.106498, 0.124510, 0.136761, 0.145777, 0.152904, 0.158409)","(0.056498, 0.080324, 0.095193, 0.105304, 0.112898, 0.118775, 0.123175)",,,,,,,
msfv3_base3,epoch,42,0,MSFv3,14,7,./checkpoints/msfv3_base3.pt,128,4,4,"(4, 8, 16)",0.017854300451445135,0.13352802522007,0.09945383303342982,60.6625220319058,0.9818679826690796,"(0.077190, 0.109904, 0.128200, 0.139565, 0.147722, 0.153894, 0.158967)","(0.055960, 0.082042, 0.097318, 0.106688, 0.113370, 0.118343, 0.122457)",0.018485091560121094,0.13454961271158286,0.1015498289572341,57.92272411073957,0.9256538088832583,"(0.074503, 0.106413, 0.126384, 0.139775, 0.149534, 0.157564, 0.164351)","(0.054580, 0.080264, 0.097465, 0.108695, 0.116910, 0.123603, 0.129333)",,,,,,,
msfv3_base3,epoch,43,0,MSFv3,14,7,./checkpoints/msfv3_base3.pt,128,4,4,"(4, 8, 16)",0.017730341515840686,0.13306284860274098,0.0990571178337361,60.268377425822806,0.9819786184011622,"(0.076644, 0.109534, 0.127878, 0.139198, 0.147078, 0.153334, 0.158451)","(0.055310, 0.081690, 0.097122, 0.106466, 0.112865, 0.117905, 0.122040)",0.018823511000456556,0.1359377447515726,0.10141962048198495,60.20282697677612,0.9226828728403363,"(0.084511, 0.112073, 0.128566, 0.140958, 0.149710, 0.156425, 0.161971)","(0.063929, 0.084007, 0.097083, 0.107068, 0.114136, 0.119583, 0.124131)",,,,,,,
msfv3_base3,epoch,44,0,MSFv3,14,7,./checkpoints/msfv3_base3.pt,128,4,4,"(4, 8, 16)",0.017705046774898755,0.13296979560734457,0.09897980006768349,60.33709282570697,0.982046571183712,"(0.076575, 0.109400, 0.127676, 0.139131, 0.147137, 0.153287, 0.158296)","(0.055318, 0.081548, 0.096864, 0.106371, 0.112940, 0.117900, 0.121918)",0.01768094557337463,0.13142608771366732,0.0982964781246015,56.678124700273784,0.9300868702786309,"(0.073615, 0.105189, 0.123985, 0.136474, 0.145812, 0.153443, 0.159637)","(0.053581, 0.078596, 0.094445, 0.104856, 0.112796, 0.119294, 0.124508)",,,,,,,
msfv3_base3,epoch,45,1,MSFv3,14,7,./checkpoints/msfv3_base3.pt,128,4,4,"(4, 8, 16)",0.01756709432130323,0.13245157947842215,0.09846375628988793,60.00631776769111,0.982193445905726,"(0.075705, 0.108833, 0.127299, 0.138595, 0.146543, 0.152807, 0.157830)","(0.054399, 0.081025, 0.096514, 0.105895, 0.112417, 0.117479, 0.121517)",0.01733193135753806,0.13033575591232097,0.09683331448052611,58.041227204459055,0.9331595833812442,"(0.074387, 0.106235, 0.123535, 0.135373, 0.144181, 0.151226, 0.157171)","(0.054363, 0.079265, 0.093334, 0.103044, 0.110407, 0.116212, 0.121208)",,,,,,,
msfv3_base3,epoch,46,0,MSFv3,14,7,./checkpoints/msfv3_base3.pt,128,4,4,"(4, 8, 16)",0.017788674087917553,0.13328053350874647,0.09931237183194211,60.53116619840581,0.9819394429313376,"(0.077405, 0.109898, 0.128112, 0.139407, 0.147298, 0.153429, 0.158453)","(0.056133, 0.082049, 0.097276, 0.106622, 0.113058, 0.117995, 0.122053)",0.017518807551823556,0.13080206380358764,0.09779392581965242,56.90820928982326,0.9311340025493077,"(0.072885, 0.105293, 0.123775, 0.136671, 0.145849, 0.152347, 0.157349)","(0.052678, 0.078940, 0.094428, 0.105285, 0.113004, 0.118179, 0.122044)",,,,,,,
msfv3_base3,epoch,47,1,MSFv3,14,7,./checkpoints/msfv3_base3.pt,128,4,4,"(4, 8, 16)",0.01756706646584133,0.1324441494873666,0.09849092724951024,60.06339361312541,0.9822125079783988,"(0.075946, 0.108967, 0.127257, 0.138506, 0.146523, 0.152734, 0.157800)","(0.054604, 0.081148, 0.096518, 0.105864, 0.112399, 0.117414, 0.121488)",0.01734149198247386,0.13031777553260326,0.09684569308800357,57.96149631908962,0.9330232569149562,"(0.074185, 0.105590, 0.123432, 0.135499, 0.144254, 0.151422, 0.157315)","(0.053945, 0.078625, 0.093336, 0.103310, 0.110732, 0.116553, 0.121418)",,,,,,,
msfv3_base3,epoch,48,0,MSFv3,14,7,./checkpoints/msfv3_base3.pt,128,4,4,"(4, 8, 16)",0.017534199101414454,0.132321556120754,0.09842381860188981,59.942137312381824,0.9821781655575367,"(0.075966, 0.108952, 0.127252, 0.138518, 0.146406, 0.152469, 0.157429)","(0.054714, 0.081183, 0.096539, 0.105876, 0.112311, 0.117177, 0.121168)",0.017979548329354396,0.13264938018151692,0.09950298603091921,58.12189538138254,0.9291951060295105,"(0.073661, 0.105475, 0.124086, 0.137087, 0.147126, 0.155280, 0.162747)","(0.053658, 0.079042, 0.094602, 0.105576, 0.114329, 0.121391, 0.127923)",,,,,,,
msfv3_base3,epoch,49,1,MSFv3,14,7,./checkpoints/msfv3_base3.pt,128,4,4,"(4, 8, 16)",0.01747764230884136,0.13210979948752533,0.09821263458976086,59.92332178481082,0.9822685090785331,"(0.075717, 0.108668, 0.126959, 0.138215, 0.146111, 0.152365, 0.157389)","(0.054452, 0.080865, 0.096249, 0.105618, 0.112059, 0.117089, 0.121155)",0.017052519683992223,0.12916709615715913,0.09577612046684537,56.755010400499614,0.9341721939189094,"(0.071700, 0.104330, 0.122757, 0.134603, 0.143207, 0.150089, 0.156224)","(0.051424, 0.077556, 0.092995, 0.102636, 0.109757, 0.115361, 0.120705)",,,,,,,
msfv3_base3,epoch,50,0,MSFv3,14,7,./checkpoints/msfv3_base3.pt,128,4,4,"(4, 8, 16)",0.017532785165500133,0.13232379095558944,0.09846896297754125,59.986585353283175,0.9822070757125286,"(0.076224, 0.108939, 0.127222, 0.138443, 0.146341, 0.152517, 0.157457)","(0.055028, 0.081251, 0.096517, 0.105794, 0.112254, 0.117238, 0.121200)",0.01754169660021684,0.13095241944704736,0.09783321432769299,57.001211404800415,0.9309466566358294,"(0.073279, 0.105208, 0.123333, 0.135939, 0.145378, 0.152879, 0.158978)","(0.053368, 0.078785, 0.093696, 0.104191, 0.112343, 0.118678, 0.123770)",,,,,,,
msfv3_base3,epoch,51,0,MSFv3,14,7,./checkpoints/msfv3_base3.pt,128,4,4,"(4, 8, 16)",0.017637012511531405,0.13270435356659427,0.09882901537608593,60.22969014593895,0.9821337924358693,"(0.076369, 0.109315, 0.127659, 0.138917, 0.146774, 0.152868, 0.157843)","(0.055199, 0.081559, 0.096927, 0.106256, 0.112684, 0.117587, 0.121591)",0.01722404533731086,0.129755327211959,0.09640556547258582,56.63422639029367,0.9330901908023017,"(0.072910, 0.104532, 0.122652, 0.134836, 0.144395, 0.151142, 0.156706)","(0.052819, 0.077732, 0.092623, 0.102735, 0.111073, 0.116655, 0.121203)",,,,,,,
msfv3_base3,epoch,52,0,MSFv3,14,7,./checkpoints/msfv3_base3.pt,128,4,4,"(4, 8, 16)",0.017457786774104263,0.1320513921136101,0.09821105423442861,59.885859205367716,0.982298879230276,"(0.075741, 0.108653, 0.126985, 0.138173, 0.146076, 0.152224, 0.157211)","(0.054514, 0.080943, 0.096305, 0.105595, 0.112051, 0.117017, 0.121052)",0.017363081985552396,0.13032214556421554,0.09688183904758521,56.91145699364798,0.9337238520383835,"(0.074357, 0.105642, 0.123659, 0.135482, 0.144393, 0.151181, 0.157187)","(0.054138, 0.078785, 0.093772, 0.103361, 0.110698, 0.116231, 0.121187)",,,,,,,
msfv3_base3,epoch,53,0,MSFv3,14,7,./checkpoints/msfv3_base3.pt,128,4,4,"(4, 8, 16)",0.01739871803116291,0.13182107361289316,0.0979159367766152,59.76967407794709,0.9823638568533227,"(0.074873, 0.108229, 0.126758, 0.138104, 0.146016, 0.152069, 0.157034)","(0.053549, 0.080476, 0.096084, 0.105511, 0.111998, 0.116895, 0.120898)",0.01743844973056444,0.13059452921152115,0.09737365666244711,56.90748643875122,0.9311854434864861,"(0.073591, 0.104769, 0.123106, 0.135607, 0.144878, 0.152316, 0.158428)","(0.052966, 0.077722, 0.093406, 0.103988, 0.111946, 0.118262, 0.123325)",,,,,,,
msfv3_base3,epoch,54,0,MSFv3,14,7,./checkpoints/msfv3_base3.pt,128,4,4,"(4, 8, 16)",0.01737779929263002,0.13174184633645128,0.09788573779007222,59.76649649599765,0.982353391799521,"(0.075023, 0.108360, 0.126695, 0.137974, 0.145801, 0.151972, 0.156844)","(0.053766, 0.080661, 0.096052, 0.105405, 0.111822, 0.116774, 0.120719)",0.017456214974767396,0.1307517093207155,0.09713839500078134,57.33695050648281,0.9323771532092776,"(0.072194, 0.104525, 0.122926, 0.135507, 0.145273, 0.152926, 0.159472)","(0.051522, 0.077426, 0.093031, 0.103588, 0.112019, 0.118465, 0.123918)",,,,,,,
msfv3_base3,epoch,55,0,MSFv3,14,7,./checkpoints/msfv3_base3.pt,128,4,4,"(4, 8, 16)",0.017407522467460405,0.13184298538339348,0.09804621544924189,59.798960949512235,0.9823359463443148,"(0.075593, 0.108486, 0.126859, 0.138072, 0.145865, 0.151967, 0.156844)","(0.054357, 0.080794, 0.096216, 0.105520, 0.111883, 0.116812, 0.120740)",0.01816172492025154,0.13311686366796494,0.1004227985228811,56.00640048299517,0.9266852225576129,"(0.073689, 0.106259, 0.124627, 0.137981, 0.147695, 0.155613, 0.162968)","(0.053850, 0.080155, 0.095513, 0.107103, 0.115447, 0.122243, 0.128648)",,,,,,,
msfv3_base3,epoch,56,0,MSFv3,14,7,./checkpoints/msfv3_base3.pt,128,4,4,"(4, 8, 16)",0.017267189345302733,0.13132711047627982,0.09750332033380549,59.415865898132324,0.9824751479194519,"(0.074459, 0.108011, 0.126414, 0.137564, 0.145404, 0.151494, 0.156358)","(0.053135, 0.080332, 0.095801, 0.105057, 0.111471, 0.116384, 0.120344)",0.01729451828370137,0.1300462388566562,0.09708375031394618,57.19006742749895,0.9330385965960366,"(0.073086, 0.104564, 0.122792, 0.135580, 0.144303, 0.151598, 0.157225)","(0.053528, 0.078277, 0.093333, 0.104132, 0.111275, 0.117255, 0.121787)",,,,,,,
msfv3_base3,epoch,57,0,MSFv3,14,7,./checkpoints/msfv3_base3.pt,128,4,4,"(4, 8, 16)",0.017313601449131966,0.13150955300915568,0.09773364698791757,59.51314731354409,0.9824388835658419,"(0.075112, 0.108308, 0.126660, 0.137751, 0.145515, 0.151574, 0.156352)","(0.053835, 0.080614, 0.096033, 0.105225, 0.111578, 0.116497, 0.120354)",0.01709324324370495,0.12927618489733764,0.09578556381165981,56.33521120888846,0.9336536313806262,"(0.071702, 0.104153, 0.122278, 0.134470, 0.143350, 0.150630, 0.156818)","(0.051512, 0.077370, 0.092533, 0.102608, 0.109877, 0.115750, 0.120850)",,,,,,,
msfv3_base3,epoch,58,0,MSFv3,14,7,./checkpoints/msfv3_base3.pt,128,4,4,"(4, 8, 16)",0.01737536584581942,0.1317406853534278,0.09797801679753243,59.727681951319916,0.9823649005686983,"(0.075371, 0.108346, 0.126645, 0.137988, 0.145863, 0.151908, 0.156744)","(0.054213, 0.080756, 0.096071, 0.105441, 0.111886, 0.116772, 0.120707)",0.018195695775960172,0.13332395681313106,0.10142469166644982,56.44069402558463,0.9256635563714164,"(0.077787, 0.109088, 0.127720, 0.138704, 0.147477, 0.153585, 0.159668)","(0.058937, 0.083742, 0.099262, 0.108007, 0.115161, 0.119938, 0.124926)",,,,,,,
msfv3_base3,epoch,59,0,MSFv3,14,7,./checkpoints/msfv3_base3.pt,128,4,4,"(4, 8, 16)",0.01724731537731404,0.13124138888575299,0.09748324240617295,59.40732753023188,0.9825098806239189,"(0.074548, 0.107917, 0.126327, 0.137523, 0.145313, 0.151366, 0.156188)","(0.053257, 0.080298, 0.095795, 0.105070, 0.111442, 0.116312, 0.120208)",0.017192911157118424,0.12961568097983087,0.09641064517199993,56.720913887023926,0.9335161766835621,"(0.071009, 0.103957, 0.122427, 0.134758, 0.143629, 0.151421, 0.157844)","(0.051006, 0.077686, 0.092771, 0.103026, 0.110423, 0.117266, 0.122696)",,,,,,,
msfv3_base3,epoch,60,0,MSFv3,14,7,./checkpoints/msfv3_base3.pt,128,4,4,"(4, 8, 16)",0.017192575198776545,0.13103491546881588,0.09729751175705423,59.366420096539436,0.9825213301054975,"(0.074380, 0.107656, 0.126023, 0.137256, 0.145105, 0.151177, 0.156088)","(0.053097, 0.080061, 0.095523, 0.104855, 0.111255, 0.116144, 0.120149)",0.01718228729441762,0.12957536455776011,0.09657962221120085,56.244775431496755,0.9328333522592273,"(0.071875, 0.104435, 0.122841, 0.135190, 0.143840, 0.150635, 0.156774)","(0.052015, 0.078125, 0.093379, 0.103767, 0.110860, 0.116377, 0.121534)",,,,,,,
msfv3_base3,epoch,61,1,MSFv3,14,7,./checkpoints/msfv3_base3.pt,128,4,4,"(4, 8, 16)",0.01735776780728013,0.13166202586165127,0.09795407221672382,59.69834120730136,0.9823918726215971,"(0.075483, 0.108544, 0.126790, 0.137871, 0.145644, 0.151629, 0.156512)","(0.054282, 0.080896, 0.096197, 0.105391, 0.111755, 0.116594, 0.120563)",0.017078159460132674,0.12912969663739204,0.09600099575306688,55.852078029087615,0.9339805585997445,"(0.072281, 0.104486, 0.122647, 0.134612, 0.143232, 0.149985, 0.155812)","(0.052070, 0.077748, 0.093026, 0.102967, 0.110164, 0.115673, 0.120359)",,,,,,,
msfv3_base3,epoch,62,0,MSFv3,14,7,./checkpoints/msfv3_base3.pt,128,4,4,"(4, 8, 16)",0.017185644454699247,0.1310048494705576,0.0973589457967814,59.493397043106405,0.9825739917602945,"(0.074570, 0.107859, 0.126169, 0.137283, 0.145019, 0.150996, 0.155780)","(0.053352, 0.080285, 0.095722, 0.104944, 0.111258, 0.116049, 0.119903)",0.017228824086487293,0.12984700740448066,0.09603680430778436,57.70817123140608,0.9340791425534657,"(0.072378, 0.104667, 0.123147, 0.135061, 0.144017, 0.151048, 0.157234)","(0.051967, 0.077590, 0.092849, 0.102622, 0.110035, 0.116071, 0.121124)",,,,,,,
msfv3_base3,epoch,63,0,MSFv3,14,7,./checkpoints/msfv3_base3.pt,128,4,4,"(4, 8, 16)",0.017185973290829583,0.1310118056166236,0.09732845611870289,59.33150256948268,0.982570749331028,"(0.074470, 0.107765, 0.126119, 0.137305, 0.145042, 0.151070, 0.155890)","(0.053278, 0.080186, 0.095633, 0.104932, 0.111223, 0.116097, 0.119950)",0.0173182068558942,0.13007241487503052,0.09651772145714078,56.34123274258205,0.9335423218352454,"(0.073053, 0.105121, 0.123347, 0.135276, 0.143896, 0.151167, 0.157609)","(0.052369, 0.077818, 0.093061, 0.103043, 0.110434, 0.116650, 0.122249)",,,,,,,
msfv3_base3,epoch,64,0,MSFv3,14,7,./checkpoints/msfv3_base3.pt,128,4,4,"(4, 8, 16)",0.017262669587309692,0.13128386416821017,0.09761223097906467,59.219923689010294,0.9824554698264345,"(0.075046, 0.108143, 0.126456, 0.137567, 0.145226, 0.151223, 0.156121)","(0.053870, 0.080547, 0.095914, 0.105115, 0.111392, 0.116232, 0.120215)",0.018167709981623505,0.13310873721327102,0.1004222288195576,55.28122520446777,0.930169478058815,"(0.080054, 0.109977, 0.126421, 0.137689, 0.145952, 0.153415, 0.159710)","(0.059659, 0.083284, 0.096749, 0.106045, 0.112943, 0.119479, 0.124797)",,,,,,,
msfv3_base3,epoch,65,0,MSFv3,14,7,./checkpoints/msfv3_base3.pt,128,4,4,"(4, 8, 16)",0.017195999032837597,0.1310422944673593,0.09740380094723498,59.41960704072993,0.9825676337201544,"(0.074924, 0.108087, 0.126286, 0.137298, 0.144970, 0.150889, 0.155696)","(0.053736, 0.080454, 0.095738, 0.104892, 0.111192, 0.115972, 0.119842)",0.017199006164446473,0.1297061624271529,0.09615384255136762,57.07074328831264,0.9332274560417447,"(0.072222, 0.104459, 0.122778, 0.135002, 0.143802, 0.151059, 0.157125)","(0.051848, 0.077754, 0.092784, 0.102670, 0.110075, 0.116401, 0.121544)",,,,,,,
msfv3_base3,epoch,66,0,MSFv3,14,7,./checkpoints/msfv3_base3.pt,128,4,4,"(4, 8, 16)",0.017269185288472377,0.1313238976417323,0.0977002002615878,59.54747678878459,0.982477050829441,"(0.075244, 0.108311, 0.126473, 0.137537, 0.145327, 0.151269, 0.156032)","(0.054132, 0.080706, 0.095983, 0.105143, 0.111494, 0.116280, 0.120164)",0.017431331116573086,0.13065688338662898,0.09656322986951896,57.70255708694458,0.9328686765262059,"(0.074249, 0.105738, 0.123837, 0.135737, 0.144816, 0.151792, 0.157790)","(0.053727, 0.078511, 0.093276, 0.102934, 0.110339, 0.116126, 0.121030)",,,,,,,
msfv3_base3,epoch,67,0,MSFv3,14,7,./checkpoints/msfv3_base3.pt,128,4,4,"(4, 8, 16)",0.01703896935771596,0.13045466864796115,0.09686929700856513,59.123247917662276,0.9827163165554087,"(0.074166, 0.107395, 0.125668, 0.136730, 0.144449, 0.150371, 0.155102)","(0.052964, 0.079855, 0.095227, 0.104401, 0.110733, 0.115543, 0.119361)",0.017382033784607693,0.1303079149552754,0.09689897445163556,57.27337983676365,0.9335904887744358,"(0.075609, 0.105911, 0.123256, 0.135172, 0.143942, 0.151112, 0.157272)","(0.055151, 0.078934, 0.093212, 0.102944, 0.110210, 0.116346, 0.121496)",,,,,,,
msfv3_base3,epoch,68,0,MSFv3,14,7,./checkpoints/msfv3_base3.pt,128,4,4,"(4, 8, 16)",0.017441720459015764,0.131986587065549,0.09836148351747939,59.96985711442663,0.9823435817627196,"(0.076298, 0.109068, 0.127188, 0.138194, 0.145911, 0.151851, 0.156601)","(0.055211, 0.081417, 0.096604, 0.105724, 0.112035, 0.116843, 0.120695)",0.017720776526922628,0.13154572088803565,0.0989594669746501,56.673621722630095,0.9294307295765195,"(0.072421, 0.105810, 0.125273, 0.138310, 0.146549, 0.152441, 0.158187)","(0.052435, 0.079919, 0.096541, 0.107493, 0.114195, 0.118733, 0.123401)",,,,,,,
msfv3_base3,epoch,69,0,MSFv3,14,7,./checkpoints/msfv3_base3.pt,128,4,4,"(4, 8, 16)",0.01722630216898595,0.13115666293255537,0.09755821545865942,59.52020641083413,0.9825066226593991,"(0.074897, 0.108112, 0.126366, 0.137467, 0.145125, 0.151050, 0.155880)","(0.053685, 0.080567, 0.095913, 0.105110, 0.111404, 0.116167, 0.120062)",0.01748324649608029,0.13072498621685164,0.0983016834195171,56.580431835991995,0.9307533566440854,"(0.076392, 0.106393, 0.123623, 0.135477, 0.144389, 0.151709, 0.157649)","(0.057452, 0.080641, 0.094544, 0.104111, 0.111460, 0.117530, 0.122373)",,,,,,,
msfv3_base3,epoch,70,0,MSFv3,14,7,./checkpoints/msfv3_base3.pt,128,4,4,"(4, 8, 16)",0.017101956080605694,0.13070923071509427,0.09713427334072743,59.19163718122117,0.9826419778326725,"(0.074653, 0.107659, 0.125897, 0.136982, 0.144650, 0.150600, 0.155366)","(0.053505, 0.080128, 0.095444, 0.104662, 0.110921, 0.115716, 0.119564)",0.01870454102754593,0.13497594318219594,0.10286573693156242,55.878792898995535,0.9226655129875455,"(0.078062, 0.108671, 0.127105, 0.140099, 0.150158, 0.156393, 0.163377)","(0.058723, 0.082935, 0.098427, 0.109532, 0.118209, 0.123126, 0.129109)",,,,,,,
msfv3_base3,epoch,71,0,MSFv3,14,7,./checkpoints/msfv3_base3.pt,128,4,4,"(4, 8, 16)",0.017118697084407223,0.1307487584683365,0.0971666398517629,59.23676983853604,0.9826204802127595,"(0.074319, 0.107588, 0.125856, 0.136909, 0.144693, 0.150794, 0.155695)","(0.053147, 0.080094, 0.095491, 0.104670, 0.111018, 0.115899, 0.119849)",0.0178829298654039,0.13226548901626042,0.09988898198519434,56.959813186100554,0.9290020572287696,"(0.074605, 0.106982, 0.125680, 0.138147, 0.146653, 0.153172, 0.159612)","(0.055394, 0.081380, 0.096904, 0.107169, 0.114166, 0.119380, 0.124830)",,,,,,,
msfv3_base3,epoch,72,0,MSFv3,14,7,./checkpoints/msfv3_base3.pt,128,4,4,"(4, 8, 16)",0.017042888427509905,0.13045299216902687,0.0969495407523627,58.94753813236318,0.9826999138644401,"(0.074117, 0.107483, 0.125725, 0.136743, 0.144376, 0.150339, 0.155113)","(0.052933, 0.079994, 0.095373, 0.104522, 0.110759, 0.115608, 0.119459)",0.017074460446435426,0.12923827607716834,0.09577541026685919,56.83412275995527,0.9338047270263944,"(0.074031, 0.105704, 0.122601, 0.134151, 0.142884, 0.149923, 0.155573)","(0.053541, 0.078369, 0.092279, 0.101885, 0.109269, 0.115184, 0.119899)",,,,,,,
msfv3_base3,epoch,73,0,MSFv3,14,7,./checkpoints/msfv3_base3.pt,128,4,4,"(4, 8, 16)",0.01701259658117085,0.1303537293214282,0.09686557072749798,59.06172228874044,0.9827821184980109,"(0.074350, 0.107413, 0.125625, 0.136632, 0.144235, 0.150155, 0.154933)","(0.053249, 0.079946, 0.095239, 0.104390, 0.110600, 0.115374, 0.119261)",0.017086880464505936,0.12915850936302117,0.09607432875782251,55.70665281159537,0.9333547077008656,"(0.070426, 0.103655, 0.122272, 0.134658, 0.143807, 0.150499, 0.156544)","(0.050188, 0.077150, 0.092839, 0.103209, 0.111104, 0.116488, 0.121542)",,,,,,,
msfv3_base3,epoch,74,0,MSFv3,14,7,./checkpoints/msfv3_base3.pt,128,4,4,"(4, 8, 16)",0.01701165890776889,0.13035061923018856,0.09682531642945523,58.98619179015464,0.9827552783362409,"(0.074053, 0.107440, 0.125685, 0.136679, 0.144224, 0.150183, 0.154962)","(0.052850, 0.079938, 0.095320, 0.104447, 0.110602, 0.115379, 0.119241)",0.017187592457048595,0.1297160339142595,0.09597848542034626,57.11493049349104,0.9328007442610604,"(0.070992, 0.103843, 0.122575, 0.135050, 0.143921, 0.151612, 0.157583)","(0.050559, 0.077244, 0.092938, 0.103172, 0.110277, 0.116345, 0.121314)",,,,,,,
msfv3_base3,epoch,75,0,MSFv3,14,7,./checkpoints/msfv3_base3.pt,128,4,4,"(4, 8, 16)",0.017012728140392203,0.13037010978529445,0.09682926321600346,59.05549816375083,0.9827224041553254,"(0.074072, 0.107469, 0.125708, 0.136671, 0.144278, 0.150221, 0.154940)","(0.052888, 0.079954, 0.095299, 0.104415, 0.110620, 0.115413, 0.119216)",0.01906823001003691,0.1367263767336096,0.10446645133197308,58.98987010547093,0.92228345147201,"(0.077832, 0.110029, 0.128512, 0.142095, 0.152565, 0.159247, 0.164928)","(0.058985, 0.084589, 0.099918, 0.111371, 0.120351, 0.125696, 0.130355)",,,,,,,
msfv3_base3,epoch,76,1,MSFv3,14,7,./checkpoints/msfv3_base3.pt,128,4,4,"(4, 8, 16)",0.01695688688097165,0.13013830203266735,0.0966388380670167,58.98532291168862,0.9827770584441246,"(0.073620, 0.107093, 0.125385, 0.136401, 0.144085, 0.150081, 0.154872)","(0.052442, 0.079637, 0.095063, 0.104218, 0.110514, 0.115347, 0.119250)",0.016936595335469713,0.12858311539249762,0.09554411790200643,55.897543464388164,0.9340096371514457,"(0.070895, 0.103504, 0.122066, 0.133919, 0.142800, 0.150094, 0.155261)","(0.050636, 0.077291, 0.092764, 0.102404, 0.109819, 0.115928, 0.119967)",,,,,,,
msfv3_base3,epoch,77,0,MSFv3,14,7,./checkpoints/msfv3_base3.pt,128,4,4,"(4, 8, 16)",0.017013039514224264,0.1303512717538186,0.09685504888283446,58.959652291967515,0.9827852467907235,"(0.074182, 0.107394, 0.125585, 0.136627, 0.144267, 0.150179, 0.155004)","(0.053050, 0.079937, 0.095254, 0.104414, 0.110634, 0.115395, 0.119301)",0.017045967813049043,0.1291456799954176,0.09597746655344963,57.206350803375244,0.9338150897196361,"(0.072204, 0.104545, 0.122663, 0.134407, 0.142913, 0.150205, 0.156056)","(0.052125, 0.078020, 0.092988, 0.102573, 0.109594, 0.115898, 0.120645)",,,,,,,
msfv3_base3,epoch,78,0,MSFv3,14,7,./checkpoints/msfv3_base3.pt,128,4,4,"(4, 8, 16)",0.016855520627243405,0.12976253148109457,0.09631202258962265,58.64842090200871,0.9829008550720012,"(0.073489, 0.106948, 0.125211, 0.136093, 0.143625, 0.149519, 0.154208)","(0.052325, 0.079493, 0.094859, 0.103905, 0.110078, 0.114869, 0.118655)",0.016925499741254107,0.12862727658024856,0.0956151903207813,55.67719183649336,0.9344761350325176,"(0.070956, 0.103359, 0.122224, 0.133936, 0.142781, 0.150193, 0.155315)","(0.050591, 0.076905, 0.093008, 0.102494, 0.109933, 0.116262, 0.120114)",,,,,,,
msfv3_base3,epoch,79,1,MSFv3,14,7,./checkpoints/msfv3_base3.pt,128,4,4,"(4, 8, 16)",0.01700527026773767,0.13033227474574038,0.09691972348918305,59.09887242824473,0.9826992293621631,"(0.074355, 0.107526, 0.125701, 0.136609, 0.144183, 0.150082, 0.154813)","(0.053196, 0.080071, 0.095420, 0.104481, 0.110648, 0.115389, 0.119233)",0.016837234891551946,0.12829118940447057,0.09506186896136828,56.23441553115845,0.9352793608392987,"(0.071287, 0.103810, 0.121820, 0.133530, 0.142089, 0.149246, 0.155158)","(0.050905, 0.077162, 0.092159, 0.101724, 0.108773, 0.114883, 0.119827)",,,,,,,
msfv3_base3,epoch,80,0,MSFv3,14,7,./checkpoints/msfv3_base3.pt,128,4,4,"(4, 8, 16)",0.0168881587921939,0.12988130136727222,0.09639383464100514,58.86579592684482,0.9828550048330997,"(0.073356, 0.107044, 0.125283, 0.136222, 0.143769, 0.149661, 0.154464)","(0.052078, 0.079556, 0.094970, 0.104054, 0.110240, 0.114999, 0.118859)",0.01741680391465447,0.13036163257701056,0.09651293126600129,57.23245246069772,0.9339191636868885,"(0.072739, 0.106152, 0.123842, 0.135400, 0.144437, 0.151448, 0.157456)","(0.052030, 0.078590, 0.093273, 0.102924, 0.110569, 0.116535, 0.121669)",,,,,,,
msfv3_base3,epoch,81,0,MSFv3,14,7,./checkpoints/msfv3_base3.pt,128,4,4,"(4, 8, 16)",0.017002775180252627,0.13029901100170038,0.09690380992090449,59.074332947426655,0.9827735630121637,"(0.074524, 0.107650, 0.125746, 0.136581, 0.144078, 0.149917, 0.154687)","(0.053336, 0.080180, 0.095442, 0.104447, 0.110572, 0.115267, 0.119083)",0.017053129600494037,0.12909645693642752,0.09539134720606464,56.7883129460471,0.9340999275445938,"(0.071687, 0.104150, 0.122499, 0.134185, 0.143240, 0.150410, 0.156148)","(0.051111, 0.077027, 0.092244, 0.102015, 0.109570, 0.115525, 0.120247)",,,,,,,
msfv3_base3,epoch,82,0,MSFv3,14,7,./checkpoints/msfv3_base3.pt,128,4,4,"(4, 8, 16)",0.01694779910464236,0.1301034857967902,0.0967231052828596,58.99416448714885,0.9828402942165415,"(0.074181, 0.107489, 0.125655, 0.136383, 0.143895, 0.149742, 0.154401)","(0.053074, 0.080048, 0.095324, 0.104245, 0.110386, 0.115116, 0.118868)",0.01684250669287784,0.12830384128860065,0.09508878471595901,56.658317599977764,0.9347428019557681,"(0.073525, 0.103485, 0.121366, 0.133244, 0.141954, 0.149286, 0.155082)","(0.052887, 0.076432, 0.091516, 0.101371, 0.108678, 0.114972, 0.119766)",,,,,,,
msfv3_base3,epoch,83,0,MSFv3,14,7,./checkpoints/msfv3_base3.pt,128,4,4,"(4, 8, 16)",0.01681480933713945,0.12959182890541066,0.09625049371351586,58.711292205972875,0.9829313923069771,"(0.073423, 0.106738, 0.124960, 0.135906, 0.143447, 0.149353, 0.154067)","(0.052208, 0.079365, 0.094768, 0.103883, 0.110075, 0.114822, 0.118633)",0.01730516873898783,0.13013089554650442,0.09650282987526485,57.892616885049,0.9335988951580865,"(0.073492, 0.105319, 0.123517, 0.136052, 0.144298, 0.151069, 0.156437)","(0.053676, 0.078583, 0.093306, 0.103498, 0.110211, 0.115863, 0.120383)",,,,,,,
msfv3_base3,epoch,84,0,MSFv3,14,7,./checkpoints/msfv3_base3.pt,128,4,4,"(4, 8, 16)",0.016879009221621017,0.12984089383882674,0.09649511858662392,58.796130160067946,0.9828935924996721,"(0.073799, 0.107125, 0.125275, 0.136141, 0.143673, 0.149492, 0.154269)","(0.052680, 0.079744, 0.095052, 0.104099, 0.110224, 0.114899, 0.118768)",0.017098691680335572,0.129275486937591,0.09588177954511982,56.89709390912737,0.9340476372412273,"(0.074600, 0.104831, 0.122076, 0.133872, 0.143143, 0.149993, 0.156474)","(0.054053, 0.077712, 0.091956, 0.101733, 0.109465, 0.115396, 0.120857)",,,,,,,
msfv3_base3,epoch,85,0,MSFv3,14,7,./checkpoints/msfv3_base3.pt,128,4,4,"(4, 8, 16)",0.016945099998067353,0.13009565496863137,0.0968033844961765,58.90384501599251,0.9827900411600762,"(0.074310, 0.107469, 0.125611, 0.136404, 0.143857, 0.149707, 0.154400)","(0.053214, 0.080067, 0.095361, 0.104338, 0.110463, 0.115195, 0.118985)",0.017503619543276727,0.13070513600749628,0.09805249555834702,55.5098716531481,0.9312821392502103,"(0.074157, 0.105686, 0.123417, 0.135423, 0.143960, 0.152273, 0.158885)","(0.054042, 0.079065, 0.094034, 0.104366, 0.111489, 0.118841, 0.124530)",,,,,,,
msfv3_base3,epoch,86,0,MSFv3,14,7,./checkpoints/msfv3_base3.pt,128,4,4,"(4, 8, 16)",0.016783054378081825,0.12947849144667922,0.09617327474691767,58.618966163472926,0.9829840606197398,"(0.073556, 0.106760, 0.124979, 0.135847, 0.143263, 0.149079, 0.153810)","(0.052395, 0.079388, 0.094803, 0.103826, 0.109866, 0.114558, 0.118377)",0.01732403540518135,0.13008184864052705,0.09697360492178372,56.48216022763933,0.9324247794491904,"(0.070379, 0.103312, 0.122071, 0.134827, 0.144105, 0.152706, 0.159633)","(0.050119, 0.076954, 0.092786, 0.103465, 0.111412, 0.119066, 0.125013)",,,,,,,
msfv3_base3,epoch,87,0,MSFv3,14,7,./checkpoints/msfv3_base3.pt,128,4,4,"(4, 8, 16)",0.0168346661202451,0.12967003548649242,0.0963491502198133,58.764474016554814,0.9829090123480939,"(0.073711, 0.107091, 0.125299, 0.136078, 0.143415, 0.149223, 0.153875)","(0.052597, 0.079700, 0.095046, 0.104001, 0.109992, 0.114670, 0.118438)",0.01690507843159139,0.1285232175141573,0.09536519753081459,55.331248010907856,0.9348994791507721,"(0.071024, 0.103600, 0.121726, 0.133887, 0.142704, 0.149771, 0.155426)","(0.050815, 0.076931, 0.092083, 0.102303, 0.109676, 0.115581, 0.120168)",,,,,,,
msfv3_base3,epoch,88,1,MSFv3,14,7,./checkpoints/msfv3_base3.pt,128,4,4,"(4, 8, 16)",0.016701118411258497,0.12916888824180756,0.09587674314512852,58.47599843207826,0.9830786655557916,"(0.073075, 0.106501, 0.124670, 0.135529, 0.142984, 0.148761, 0.153461)","(0.051879, 0.079173, 0.094522, 0.103566, 0.109629, 0.114289, 0.118080)",0.016792651781413172,0.1279694102704525,0.09477064492447036,55.56196059499468,0.9353733658790588,"(0.069996, 0.102757, 0.121413, 0.133249, 0.142174, 0.149420, 0.154896)","(0.049590, 0.076199, 0.091818, 0.101556, 0.109034, 0.115322, 0.119876)",,,,,,,
msfv3_base3,epoch,89,0,MSFv3,14,7,./checkpoints/msfv3_base3.pt,128,4,4,"(4, 8, 16)",0.016744039036293932,0.12930928641364128,0.0960294358590816,58.527985836597196,0.9829929686607198,"(0.073247, 0.106656, 0.124811, 0.135677, 0.143106, 0.148908, 0.153599)","(0.052127, 0.079341, 0.094660, 0.103690, 0.109766, 0.114435, 0.118187)",0.016759975780067698,0.12800373243434088,0.09463895365063633,56.32564575331552,0.9348551162651607,"(0.070176, 0.103051, 0.121449, 0.133220, 0.142016, 0.149223, 0.155145)","(0.049884, 0.076571, 0.091654, 0.101296, 0.108618, 0.114650, 0.119799)",,,,,,,
msfv3_base3,epoch,90,0,MSFv3,14,7,./checkpoints/msfv3_base3.pt,128,4,4,"(4, 8, 16)",0.016772349989239838,0.12940397633600756,0.09606662091422588,58.47571961423184,0.9829921113683823,"(0.073244, 0.106624, 0.124912, 0.135800, 0.143285, 0.149045, 0.153693)","(0.052087, 0.079268, 0.094678, 0.103745, 0.109899, 0.114532, 0.118259)",0.01748638497000294,0.13048829484198773,0.09759614377149514,56.07079839706421,0.9303737218890872,"(0.070627, 0.104480, 0.123338, 0.135950, 0.145069, 0.152527, 0.158525)","(0.050666, 0.078432, 0.094192, 0.104861, 0.112476, 0.118757, 0.123788)",,,,,,,
msfv3_base3,epoch,91,0,MSFv3,14,7,./checkpoints/msfv3_base3.pt,128,4,4,"(4, 8, 16)",0.01672384598629272,0.12925681228724475,0.09592491313022503,58.46811499494187,0.983041652656616,"(0.072913, 0.106427, 0.124768, 0.135683, 0.143136, 0.148912, 0.153600)","(0.051756, 0.079108, 0.094590, 0.103654, 0.109751, 0.114407, 0.118209)",0.0170383350258427,0.1289277667445796,0.09617306385189295,55.61942502430507,0.9325220244271415,"(0.070885, 0.103473, 0.122570, 0.133987, 0.142843, 0.150251, 0.156527)","(0.050302, 0.077160, 0.093677, 0.102971, 0.110423, 0.116694, 0.121985)",,,,,,,
msfv3_base3,epoch,92,0,MSFv3,14,7,./checkpoints/msfv3_base3.pt,128,4,4,"(4, 8, 16)",0.016719614413190396,0.12922526561207148,0.09607057649880013,58.5796298574894,0.9830515631969939,"(0.073678, 0.106791, 0.124814, 0.135530, 0.142924, 0.148686, 0.153313)","(0.052622, 0.079508, 0.094703, 0.103608, 0.109660, 0.114338, 0.118056)",0.016955445387533734,0.1287745838718755,0.09560630018157619,55.97328386987959,0.9349764159747532,"(0.071651, 0.103381, 0.122097, 0.133856, 0.142809, 0.149971, 0.156218)","(0.052169, 0.077169, 0.092641, 0.102002, 0.109293, 0.115265, 0.120705)",,,,,,,
msfv3_base3,epoch,93,0,MSFv3,14,7,./checkpoints/msfv3_base3.pt,128,4,4,"(4, 8, 16)",0.016677806233154967,0.12906419913890976,0.09593588149452463,58.49625061927958,0.9830939531960385,"(0.073541, 0.106698, 0.124636, 0.135350, 0.142717, 0.148484, 0.153190)","(0.052486, 0.079384, 0.094545, 0.103495, 0.109520, 0.114159, 0.117962)",0.017257165629416704,0.12969589233398438,0.0958119472488761,56.23523678098406,0.9338892336402621,"(0.070728, 0.103568, 0.122235, 0.134945, 0.144490, 0.151813, 0.157504)","(0.050300, 0.076671, 0.092136, 0.102587, 0.110469, 0.116713, 0.121808)",,,,,,,
msfv3_base3,epoch,94,0,MSFv3,14,7,./checkpoints/msfv3_base3.pt,128,4,4,"(4, 8, 16)",0.016713583797335306,0.12919018437325908,0.09606555912722932,58.58203090505397,0.9830313825860937,"(0.073560, 0.106648, 0.124662, 0.135497, 0.142960, 0.148719, 0.153334)","(0.052527, 0.079441, 0.094644, 0.103628, 0.109732, 0.114379, 0.118107)",0.01704757461058242,0.12917307977165496,0.09642765990325383,56.762111970356536,0.9342749970299857,"(0.073775, 0.104292, 0.122076, 0.134019, 0.143104, 0.150167, 0.156316)","(0.054457, 0.078204, 0.092587, 0.102403, 0.110122, 0.116037, 0.121185)",,,,,,,
msfv3_base3,epoch,95,0,MSFv3,14,7,./checkpoints/msfv3_base3.pt,128,4,4,"(4, 8, 16)",0.016648910196616927,0.12893944475218214,0.09581957309645542,58.53509965856025,0.9831141071750763,"(0.073155, 0.106481, 0.124588, 0.135283, 0.142657, 0.148402, 0.153029)","(0.052094, 0.079234, 0.094522, 0.103431, 0.109474, 0.114131, 0.117851)",0.017061113363264928,0.12901967790509974,0.09608436868126903,54.78090756280081,0.9349342201437268,"(0.072490, 0.104709, 0.122479, 0.134468, 0.143000, 0.150169, 0.155136)","(0.052371, 0.078322, 0.093115, 0.103003, 0.109927, 0.115975, 0.119877)",,,,,,,
msfv3_base3,epoch,96,0,MSFv3,14,7,./checkpoints/msfv3_base3.pt,128,4,4,"(4, 8, 16)",0.01670954268960718,0.12918416342913436,0.09602348165626222,58.56911247334582,0.9830615656807068,"(0.073341, 0.106626, 0.124745, 0.135508, 0.142962, 0.148698, 0.153417)","(0.052263, 0.079372, 0.094656, 0.103617, 0.109745, 0.114368, 0.118142)",0.019007026184616343,0.13647904513137682,0.10427292542798179,58.15410985265459,0.9217886328697205,"(0.075819, 0.109441, 0.130858, 0.141787, 0.150037, 0.159134, 0.165634)","(0.056777, 0.084252, 0.102639, 0.111210, 0.117890, 0.125841, 0.131302)",,,,,,,
msfv3_base3,epoch,97,0,MSFv3,14,7,./checkpoints/msfv3_base3.pt,128,4,4,"(4, 8, 16)",0.01666367129779401,0.12900608673055058,0.09582960562027515,58.48745910157549,0.9831006774242889,"(0.073071, 0.106397, 0.124632, 0.135437, 0.142812, 0.148501, 0.153103)","(0.051915, 0.079124, 0.094536, 0.103536, 0.109592, 0.114212, 0.117892)",0.016881865615557348,0.12850582945559705,0.09488298371434212,56.401260546275545,0.9342362752982548,"(0.071429, 0.104389, 0.122135, 0.133691, 0.142287, 0.149504, 0.155149)","(0.050826, 0.077156, 0.091904, 0.101350, 0.108540, 0.114754, 0.119650)",,,,,,,
msfv3_base3,epoch,98,0,MSFv3,14,7,./checkpoints/msfv3_base3.pt,128,4,4,"(4, 8, 16)",0.016572172094651675,0.1286463133432779,0.0955606997013092,58.1986791529554,0.9831932539001424,"(0.072846, 0.106252, 0.124332, 0.135020, 0.142367, 0.148030, 0.152676)","(0.051746, 0.079025, 0.094329, 0.103209, 0.109226, 0.113806, 0.117584)",0.016958801874092648,0.12885428832045623,0.0954520430948053,56.81038481848581,0.9344799092837742,"(0.071326, 0.103909, 0.122029, 0.134182, 0.142856, 0.150036, 0.156181)","(0.051117, 0.077041, 0.092100, 0.102304, 0.109456, 0.115440, 0.120706)",,,,,,,
msfv3_base3,epoch,99,0,MSFv3,14,7,./checkpoints/msfv3_base3.pt,128,4,4,"(4, 8, 16)",0.01654845849670311,0.12856830360900515,0.09546431922849188,58.2435494280876,0.9832184780785378,"(0.072768, 0.106145, 0.124207, 0.134945, 0.142248, 0.147960, 0.152680)","(0.051624, 0.078911, 0.094204, 0.103153, 0.109128, 0.113702, 0.117527)",0.017036888848191926,0.12891480433089392,0.09526886924036912,55.82839853422983,0.9349522015878132,"(0.070958, 0.103430, 0.122414, 0.134373, 0.143338, 0.150021, 0.156059)","(0.050465, 0.076649, 0.092327, 0.102175, 0.109481, 0.115346, 0.120440)",,,,,,,
msfv3_base3,epoch,100,0,MSFv3,14,7,./checkpoints/msfv3_base3.pt,128,4,4,"(4, 8, 16)",0.016540434389830903,0.1285334540283741,0.09553234180078861,58.307903999977924,0.9832091239538598,"(0.073081, 0.106309, 0.124327, 0.134927, 0.142199, 0.147789, 0.152358)","(0.052030, 0.079098, 0.094314, 0.103180, 0.109141, 0.113628, 0.117335)",0.016849317088989273,0.12834747614605085,0.09489637772951807,56.503285203661235,0.9352763252598899,"(0.070797, 0.103488, 0.122147, 0.134150, 0.142508, 0.149244, 0.154688)","(0.050570, 0.076890, 0.092382, 0.101980, 0.109013, 0.114533, 0.118907)",,,,,,,
msfv3_base3,epoch,101,1,MSFv3,14,7,./checkpoints/msfv3_base3.pt,128,4,4,"(4, 8, 16)",0.016590700162812434,0.12873349207744464,0.09571145589839905,58.38785246585278,0.9831594380926578,"(0.073389, 0.106530, 0.124499, 0.135110, 0.142337, 0.147976, 0.152616)","(0.052359, 0.079323, 0.094483, 0.103313, 0.109221, 0.113773, 0.117508)",0.016694196233791963,0.127666050568223,0.09455954469740391,55.84109125818525,0.9353159048727581,"(0.070914, 0.103271, 0.121241, 0.132891, 0.141552, 0.148745, 0.154036)","(0.050339, 0.076285, 0.091374, 0.101174, 0.108672, 0.114878, 0.119195)",,,,,,,
msfv3_base3,epoch,102,0,MSFv3,14,7,./checkpoints/msfv3_base3.pt,128,4,4,"(4, 8, 16)",0.016441092236918656,0.1281575802005033,0.09521653530921073,58.05964701226417,0.9833154919299674,"(0.072746, 0.105981, 0.123846, 0.134500, 0.141791, 0.147425, 0.152012)","(0.051621, 0.078822, 0.093981, 0.102859, 0.108799, 0.113370, 0.117064)",0.01692192263102957,0.12849933920162065,0.09652700541274888,55.82094863482884,0.9340428454535348,"(0.075387, 0.104839, 0.122526, 0.133514, 0.141585, 0.148764, 0.154180)","(0.056570, 0.079221, 0.093718, 0.102433, 0.108986, 0.115174, 0.119587)",,,,,,,
msfv3_base3,epoch,103,0,MSFv3,14,7,./checkpoints/msfv3_base3.pt,128,4,4,"(4, 8, 16)",0.016539846101102044,0.1285381052570653,0.09561650411404193,58.31986358317923,0.983215832646857,"(0.073606, 0.106547, 0.124398, 0.134916, 0.142097, 0.147628, 0.152164)","(0.052543, 0.079318, 0.094415, 0.103200, 0.109091, 0.113566, 0.117182)",0.016921397232051407,0.12869646506650106,0.09481171970920903,56.53910091945103,0.9336333743163517,"(0.070458, 0.103748, 0.122616, 0.134328, 0.142931, 0.149922, 0.155124)","(0.050241, 0.077014, 0.092450, 0.101840, 0.108720, 0.114482, 0.118935)",,,,,,,
msfv3_base3,epoch,104,0,MSFv3,14,7,./checkpoints/msfv3_base3.pt,128,4,4,"(4, 8, 16)",0.016523779335213786,0.128442047410636,0.09552324412668005,58.41527123146869,0.9832471396694792,"(0.073408, 0.106527, 0.124371, 0.134847, 0.141968, 0.147483, 0.152068)","(0.052241, 0.079288, 0.094378, 0.103135, 0.109008, 0.113460, 0.117153)",0.017189539985598197,0.1295507811009884,0.09674071547176157,55.78138531957354,0.9328566661902836,"(0.072412, 0.103636, 0.121976, 0.134593, 0.143654, 0.151460, 0.157339)","(0.052758, 0.077318, 0.092754, 0.103319, 0.110896, 0.117617, 0.122523)",,,,,,,
msfv3_base3,epoch,105,0,MSFv3,14,7,./checkpoints/msfv3_base3.pt,128,4,4,"(4, 8, 16)",0.016425244861896685,0.12809247144325311,0.09515834778071718,58.10759783805685,0.9833020552041682,"(0.072782, 0.105995, 0.123920, 0.134501, 0.141664, 0.147225, 0.151869)","(0.051718, 0.078843, 0.093993, 0.102806, 0.108680, 0.113175, 0.116893)",0.017219879448280802,0.12954122546528066,0.09648869293076652,56.093481813158306,0.9339210369757244,"(0.072881, 0.105024, 0.122997, 0.134939, 0.143548, 0.150516, 0.156043)","(0.052254, 0.077940, 0.093154, 0.103290, 0.110680, 0.116689, 0.121413)",,,,,,,
msfv3_base3,epoch,106,0,MSFv3,14,7,./checkpoints/msfv3_base3.pt,128,4,4,"(4, 8, 16)",0.0164323754043893,0.12811609353290707,0.09531276665152387,58.189882156696726,0.9833631217479706,"(0.073419, 0.106293, 0.124087, 0.134517, 0.141637, 0.147087, 0.151492)","(0.052388, 0.079138, 0.094185, 0.102869, 0.108741, 0.113154, 0.116715)",0.01699722480095391,0.12884279101022653,0.09538623371294566,56.806271416800364,0.9338712756122861,"(0.072382, 0.103999, 0.122207, 0.134353, 0.142958, 0.149847, 0.155299)","(0.051790, 0.077080, 0.092320, 0.102241, 0.109384, 0.115231, 0.119658)",,,,,,,
msfv3_base3,epoch,107,0,MSFv3,14,7,./checkpoints/msfv3_base3.pt,128,4,4,"(4, 8, 16)",0.016299638248227062,0.12760087634014783,0.09483103323331539,57.979945466873495,0.9835035636069926,"(0.072561, 0.105769, 0.123614, 0.134078, 0.141116, 0.146537, 0.151067)","(0.051421, 0.078636, 0.093769, 0.102517, 0.108317, 0.112745, 0.116412)",0.01702016206192119,0.12894006951579026,0.09605475036161286,56.35928586551121,0.9344625409160342,"(0.072604, 0.104621, 0.122423, 0.134016, 0.142347, 0.150000, 0.155781)","(0.052838, 0.078402, 0.092996, 0.102336, 0.109224, 0.115882, 0.120705)",,,,,,,
msfv3_base3,epoch,108,0,MSFv3,14,7,./checkpoints/msfv3_base3.pt,128,4,4,"(4, 8, 16)",0.016332446785762587,0.12773198047093592,0.09494627025374706,58.051515437187035,0.9834608058346078,"(0.072653, 0.105938, 0.123767, 0.134113, 0.141194, 0.146709, 0.151232)","(0.051557, 0.078805, 0.093933, 0.102573, 0.108370, 0.112861, 0.116524)",0.016940999659709632,0.1286007570368903,0.09514757937618665,56.66915512084961,0.9351157013859067,"(0.071178, 0.103747, 0.121947, 0.134017, 0.142482, 0.149518, 0.155834)","(0.051399, 0.077392, 0.092105, 0.101794, 0.108793, 0.114686, 0.119862)",,,,,,,
msfv3_base3,epoch,109,0,MSFv3,14,7,./checkpoints/msfv3_base3.pt,128,4,4,"(4, 8, 16)",0.01633608931715184,0.12774761350657907,0.09498504592858731,58.10227183078198,0.9834470771094586,"(0.072998, 0.106125, 0.123783, 0.134167, 0.141136, 0.146596, 0.151180)","(0.051856, 0.078936, 0.093944, 0.102603, 0.108354, 0.112740, 0.116462)",0.01674295685786222,0.1278840404536043,0.09483592425073896,55.83277838570731,0.9343957539115634,"(0.070232, 0.102820, 0.121313, 0.133229, 0.142027, 0.149017, 0.154790)","(0.050197, 0.076532, 0.091967, 0.101640, 0.108959, 0.114874, 0.119682)",,,,,,,
msfv3_base3,epoch,110,0,MSFv3,14,7,./checkpoints/msfv3_base3.pt,128,4,4,"(4, 8, 16)",0.016255962419660486,0.1274249961140333,0.09469063508700817,57.78050714858035,0.9835316795617977,"(0.072548, 0.105771, 0.123554, 0.133884, 0.140835, 0.146267, 0.150761)","(0.051376, 0.078619, 0.093769, 0.102404, 0.108101, 0.112462, 0.116105)",0.01673171720800123,0.12781660125723907,0.09477546997368336,55.75513226645334,0.9354559779167175,"(0.070907, 0.103047, 0.121113, 0.132989, 0.141644, 0.148875, 0.154819)","(0.050372, 0.076385, 0.091691, 0.101547, 0.108769, 0.114843, 0.119822)",,,,,,,
msfv3_base3,epoch,111,0,MSFv3,14,7,./checkpoints/msfv3_base3.pt,128,4,4,"(4, 8, 16)",0.016317881074080123,0.12767307241157216,0.09501755875634386,58.093751866766745,0.9834400748318815,"(0.073157, 0.106239, 0.123925, 0.134134, 0.141022, 0.146317, 0.150854)","(0.052109, 0.079098, 0.094089, 0.102622, 0.108316, 0.112613, 0.116276)",0.01762970581850303,0.13110068679920264,0.09821638385100025,55.66873359680176,0.9323418949331556,"(0.074532, 0.106096, 0.124097, 0.136215, 0.145095, 0.152644, 0.158232)","(0.054995, 0.079860, 0.094599, 0.104529, 0.112027, 0.118455, 0.123050)",,,,,,,
msfv3_base3,epoch,112,0,MSFv3,14,7,./checkpoints/msfv3_base3.pt,128,4,4,"(4, 8, 16)",0.016175792324653965,0.12711771094987032,0.09448572862497036,57.77684045345225,0.9835729456328332,"(0.072399, 0.105714, 0.123388, 0.133525, 0.140443, 0.145805, 0.150316)","(0.051248, 0.078565, 0.093594, 0.102125, 0.107822, 0.112190, 0.115855)",0.017303287151402662,0.130072076937982,0.09633661487272807,56.44442905698504,0.9330750512225288,"(0.070510, 0.103567, 0.122345, 0.135084, 0.144711, 0.152625, 0.158464)","(0.050441, 0.077070, 0.092556, 0.102887, 0.111089, 0.117777, 0.122536)",,,,,,,
msfv3_base3,epoch,113,0,MSFv3,14,7,./checkpoints/msfv3_base3.pt,128,4,4,"(4, 8, 16)",0.0161171693830414,0.12688899211049393,0.09438203493172818,57.83906311684466,0.983664868676916,"(0.072638, 0.105629, 0.123154, 0.133296, 0.140143, 0.145478, 0.149905)","(0.051572, 0.078602, 0.093500, 0.101975, 0.107597, 0.111914, 0.115515)",0.016863692817943438,0.12828942680997507,0.09483710330511842,55.709660972867695,0.9352718463965825,"(0.070644, 0.103368, 0.121747, 0.133692, 0.142192, 0.149193, 0.155551)","(0.050098, 0.076457, 0.091821, 0.101567, 0.108618, 0.114793, 0.120506)",,,,,,,
msfv3_base3,epoch,114,0,MSFv3,14,7,./checkpoints/msfv3_base3.pt,128,4,4,"(4, 8, 16)",0.016044935914985042,0.12658882986370668,0.09413216053012838,57.62757603665616,0.983757439762988,"(0.072346, 0.105312, 0.122907, 0.133032, 0.139840, 0.145149, 0.149557)","(0.051253, 0.078305, 0.093282, 0.101778, 0.107367, 0.111686, 0.115254)",0.017386453575454652,0.13022597213940962,0.09736308801387038,55.06063999448504,0.931324473449162,"(0.071566, 0.104750, 0.123294, 0.135230, 0.144842, 0.151759, 0.157928)","(0.051717, 0.078686, 0.094323, 0.103965, 0.112112, 0.117740, 0.122999)",,,,,,,
msfv3_base3,epoch,115,0,MSFv3,14,7,./checkpoints/msfv3_base3.pt,128,4,4,"(4, 8, 16)",0.016064905457476034,0.12669339792735634,0.09421939474154026,57.73834256922945,0.9837229977896873,"(0.072427, 0.105505, 0.122991, 0.133134, 0.139944, 0.145242, 0.149631)","(0.051312, 0.078453, 0.093331, 0.101897, 0.107497, 0.111743, 0.115303)",0.017052448105200062,0.12891585433057376,0.09632453827985696,56.08531212806702,0.9326015987566539,"(0.070691, 0.104206, 0.122746, 0.134357, 0.142812, 0.150217, 0.155672)","(0.050783, 0.078435, 0.093987, 0.103386, 0.110225, 0.116478, 0.120977)",,,,,,,
msfv3_base3,epoch,116,0,MSFv3,14,7,./checkpoints/msfv3_base3.pt,128,4,4,"(4, 8, 16)",0.016128691601903833,0.12693963527690405,0.09445361674148986,57.87503013205021,0.983635018480585,"(0.073024, 0.105914, 0.123250, 0.133254, 0.140127, 0.145454, 0.149816)","(0.051997, 0.078835, 0.093563, 0.101920, 0.107565, 0.111877, 0.115418)",0.017079751705750823,0.1290707207684006,0.09600990824401379,55.92741962841579,0.9339683524199894,"(0.070313, 0.103560, 0.122455, 0.134455, 0.143388, 0.150695, 0.156341)","(0.050164, 0.077095, 0.093188, 0.103058, 0.110586, 0.116679, 0.121301)",,,,,,,
msfv3_base3,epoch,117,0,MSFv3,14,7,./checkpoints/msfv3_base3.pt,128,4,4,"(4, 8, 16)",0.01609782214732246,0.1268101357847119,0.09436448964666813,57.80406592754608,0.9836505622939861,"(0.072622, 0.105625, 0.123082, 0.133237, 0.140078, 0.145306, 0.149770)","(0.051496, 0.078593, 0.093483, 0.102015, 0.107642, 0.111844, 0.115478)",0.017014817401234592,0.12891014452491487,0.09596135201198715,55.97027942112514,0.9329351101602826,"(0.070710, 0.103389, 0.122227, 0.134920, 0.143245, 0.149860, 0.155965)","(0.050384, 0.076951, 0.093024, 0.103691, 0.110511, 0.115955, 0.121213)",,,,,,,
msfv3_base3,epoch,118,0,MSFv3,14,7,./checkpoints/msfv3_base3.pt,128,4,4,"(4, 8, 16)",0.015873510910673662,0.12592564601384493,0.0936770777594536,57.551648850136615,0.983915684070993,"(0.072385, 0.105162, 0.122467, 0.132358, 0.138946, 0.144119, 0.148491)","(0.051364, 0.078190, 0.092919, 0.101241, 0.106692, 0.110882, 0.114452)",0.017312813151095594,0.13008181883820466,0.09739076266331333,56.78028815133231,0.9316836893558502,"(0.072184, 0.104781, 0.122931, 0.135428, 0.144594, 0.151772, 0.157117)","(0.052742, 0.078953, 0.093875, 0.104179, 0.111888, 0.117854, 0.122245)",,,,,,,
msfv3_base3,epoch,119,0,MSFv3,14,7,./checkpoints/msfv3_base3.pt,128,4,4,"(4, 8, 16)",0.015998835502033855,0.1264271635179795,0.09411447515037466,57.643180948622685,0.9837323122836173,"(0.072744, 0.105574, 0.122874, 0.132886, 0.139558, 0.144728, 0.149011)","(0.051767, 0.078623, 0.093330, 0.101705, 0.107171, 0.111353, 0.114852)",0.017119175255564705,0.1294242651867015,0.0964754048202719,56.34063414164952,0.9339142186301095,"(0.070974, 0.104039, 0.122574, 0.135262, 0.143611, 0.150764, 0.156713)","(0.051253, 0.078028, 0.093372, 0.103938, 0.110599, 0.116527, 0.121610)",,,,,,,
msfv3_base3,epoch,120,0,MSFv3,14,7,./checkpoints/msfv3_base3.pt,128,4,4,"(4, 8, 16)",0.016047771529671042,0.12660613711772153,0.09433005813588487,57.854067924174856,0.9837140821396037,"(0.073063, 0.105818, 0.123094, 0.132987, 0.139635, 0.144820, 0.149320)","(0.052066, 0.078844, 0.093540, 0.101853, 0.107335, 0.111522, 0.115152)",0.016887859956893538,0.1283069566956588,0.09512717103851694,55.35709817068918,0.9344418581042971,"(0.070277, 0.103048, 0.121597, 0.133997, 0.142753, 0.149563, 0.155026)","(0.049969, 0.076647, 0.092159, 0.102471, 0.109636, 0.115219, 0.119789)",,,,,,,
msfv3_base3,epoch,121,0,MSFv3,14,7,./checkpoints/msfv3_base3.pt,128,4,4,"(4, 8, 16)",0.015850449530804094,0.12583155440111365,0.09363641958445945,57.44795841866351,0.983907531233544,"(0.072251, 0.105143, 0.122386, 0.132257, 0.138901, 0.143979, 0.148333)","(0.051195, 0.078209, 0.092914, 0.101216, 0.106705, 0.110833, 0.114383)",0.017077556894426898,0.12913105078041553,0.0957782579852002,55.6472407749721,0.9338231491191047,"(0.071588, 0.103945, 0.122252, 0.134181, 0.143517, 0.150593, 0.156199)","(0.051003, 0.077041, 0.092509, 0.102386, 0.110356, 0.116235, 0.120917)",,,,,,,
msfv3_base3,best_test,101,1,MSFv3,14,7,./checkpoints/msfv3_base3.pt,128,4,4,"(4, 8, 16)",,,,,,,,,0.127666050568223,,,,,,0.012323406907463712,0.10931617394089699,0.07891337400568384,44.65194640840803,0.9236204411302295,"(0.049911, 0.076102, 0.095683, 0.111075, 0.123878, 0.134599, 0.141985)","(0.035599, 0.055371, 0.070982, 0.083611, 0.094289, 0.103286, 0.109255)"
